                                   MODFLOW 6
                U.S. GEOLOGICAL SURVEY MODULAR HYDROLOGIC MODEL
                VERSION 6.5.0.dev0+prt (preliminary) 10/07/2023
                               ***DEVELOP MODE***

   MODFLOW 6 compiled Oct 07 2023 02:19:02 with Intel(R) Fortran Intel(R) 64
   Compiler Classic for applications running on Intel(R) 64, Version 2021.7.0
                             Build 20220726_000000

This software is preliminary or provisional and is subject to 
revision. It is being provided to meet the need for timely best 
science. The software has not received final approval by the U.S. 
Geological Survey (USGS). No warranty, expressed or implied, is made 
by the USGS or the U.S. Government as to the functionality of the 
software and related material nor shall the fact of release 
constitute any such warranty. The software is provided on the 
condition that neither the USGS nor the U.S. Government shall be held 
liable for any damages resulting from the authorized or unauthorized 
use of the software.

 
 Run start date and time (yyyy/mm/dd hh:mm:ss): 2026/08/12 15:38:43
 
 Writing simulation list file: mfsim.lst
 Using Simulation name file: mfsim.nam
 
    Solving:  Stress period:     1    Time step:     1
    Solving:  Stress period:     1    Time step:     2
    Solving:  Stress period:     1    Time step:     3
    Solving:  Stress period:     1    Time step:     4
    Solving:  Stress period:     1    Time step:     5
    Solving:  Stress period:     1    Time step:     6
    Solving:  Stress period:     1    Time step:     7
    Solving:  Stress period:     1    Time step:     8
    Solving:  Stress period:     1    Time step:     9
    Solving:  Stress period:     1    Time step:    10
    Solving:  Stress period:     1    Time step:    11
    Solving:  Stress period:     1    Time step:    12
    Solving:  Stress period:     1    Time step:    13
    Solving:  Stress period:     1    Time step:    14
    Solving:  Stress period:     1    Time step:    15
    Solving:  Stress period:     1    Time step:    16
    Solving:  Stress period:     1    Time step:    17
    Solving:  Stress period:     1    Time step:    18
    Solving:  Stress period:     1    Time step:    19
    Solving:  Stress period:     1    Time step:    20
    Solving:  Stress period:     1    Time step:    21
    Solving:  Stress period:     1    Time step:    22
    Solving:  Stress period:     1    Time step:    23
    Solving:  Stress period:     1    Time step:    24
    Solving:  Stress period:     1    Time step:    25
    Solving:  Stress period:     1    Time step:    26
    Solving:  Stress period:     1    Time step:    27
    Solving:  Stress period:     1    Time step:    28
    Solving:  Stress period:     1    Time step:    29
    Solving:  Stress period:     1    Time step:    30
    Solving:  Stress period:     1    Time step:    31
    Solving:  Stress period:     1    Time step:    32
    Solving:  Stress period:     1    Time step:    33
    Solving:  Stress period:     1    Time step:    34
    Solving:  Stress period:     1    Time step:    35
    Solving:  Stress period:     1    Time step:    36
    Solving:  Stress period:     1    Time step:    37
    Solving:  Stress period:     1    Time step:    38
    Solving:  Stress period:     1    Time step:    39
    Solving:  Stress period:     1    Time step:    40
    Solving:  Stress period:     1    Time step:    41
    Solving:  Stress period:     1    Time step:    42
    Solving:  Stress period:     1    Time step:    43
    Solving:  Stress period:     1    Time step:    44
    Solving:  Stress period:     1    Time step:    45
    Solving:  Stress period:     1    Time step:    46
    Solving:  Stress period:     1    Time step:    47
    Solving:  Stress period:     1    Time step:    48
    Solving:  Stress period:     1    Time step:    49
    Solving:  Stress period:     1    Time step:    50
    Solving:  Stress period:     1    Time step:    51
    Solving:  Stress period:     1    Time step:    52
    Solving:  Stress period:     1    Time step:    53
    Solving:  Stress period:     1    Time step:    54
    Solving:  Stress period:     1    Time step:    55
    Solving:  Stress period:     1    Time step:    56
    Solving:  Stress period:     1    Time step:    57
    Solving:  Stress period:     1    Time step:    58
    Solving:  Stress period:     1    Time step:    59
    Solving:  Stress period:     1    Time step:    60
    Solving:  Stress period:     1    Time step:    61
    Solving:  Stress period:     1    Time step:    62
    Solving:  Stress period:     1    Time step:    63
    Solving:  Stress period:     1    Time step:    64
    Solving:  Stress period:     1    Time step:    65
    Solving:  Stress period:     1    Time step:    66
    Solving:  Stress period:     1    Time step:    67
    Solving:  Stress period:     1    Time step:    68
    Solving:  Stress period:     1    Time step:    69
    Solving:  Stress period:     1    Time step:    70
    Solving:  Stress period:     1    Time step:    71
    Solving:  Stress period:     1    Time step:    72
    Solving:  Stress period:     1    Time step:    73
    Solving:  Stress period:     1    Time step:    74
    Solving:  Stress period:     1    Time step:    75
    Solving:  Stress period:     1    Time step:    76
    Solving:  Stress period:     1    Time step:    77
    Solving:  Stress period:     1    Time step:    78
    Solving:  Stress period:     1    Time step:    79
    Solving:  Stress period:     1    Time step:    80
    Solving:  Stress period:     1    Time step:    81
    Solving:  Stress period:     1    Time step:    82
    Solving:  Stress period:     1    Time step:    83
    Solving:  Stress period:     1    Time step:    84
    Solving:  Stress period:     1    Time step:    85
    Solving:  Stress period:     1    Time step:    86
    Solving:  Stress period:     1    Time step:    87
    Solving:  Stress period:     1    Time step:    88
    Solving:  Stress period:     1    Time step:    89
    Solving:  Stress period:     1    Time step:    90
    Solving:  Stress period:     1    Time step:    91
    Solving:  Stress period:     1    Time step:    92
    Solving:  Stress period:     1    Time step:    93
    Solving:  Stress period:     1    Time step:    94
    Solving:  Stress period:     1    Time step:    95
    Solving:  Stress period:     1    Time step:    96
    Solving:  Stress period:     1    Time step:    97
    Solving:  Stress period:     1    Time step:    98
    Solving:  Stress period:     1    Time step:    99
    Solving:  Stress period:     1    Time step:   100
    Solving:  Stress period:     1    Time step:   101
    Solving:  Stress period:     1    Time step:   102
    Solving:  Stress period:     1    Time step:   103
    Solving:  Stress period:     1    Time step:   104
    Solving:  Stress period:     1    Time step:   105
    Solving:  Stress period:     1    Time step:   106
    Solving:  Stress period:     1    Time step:   107
    Solving:  Stress period:     1    Time step:   108
    Solving:  Stress period:     1    Time step:   109
    Solving:  Stress period:     1    Time step:   110
    Solving:  Stress period:     1    Time step:   111
    Solving:  Stress period:     1    Time step:   112
    Solving:  Stress period:     1    Time step:   113
    Solving:  Stress period:     1    Time step:   114
    Solving:  Stress period:     1    Time step:   115
    Solving:  Stress period:     1    Time step:   116
    Solving:  Stress period:     1    Time step:   117
    Solving:  Stress period:     1    Time step:   118
    Solving:  Stress period:     1    Time step:   119
    Solving:  Stress period:     1    Time step:   120
    Solving:  Stress period:     1    Time step:   121
    Solving:  Stress period:     1    Time step:   122
    Solving:  Stress period:     1    Time step:   123
    Solving:  Stress period:     1    Time step:   124
    Solving:  Stress period:     1    Time step:   125
    Solving:  Stress period:     1    Time step:   126
    Solving:  Stress period:     1    Time step:   127
    Solving:  Stress period:     1    Time step:   128
    Solving:  Stress period:     1    Time step:   129
    Solving:  Stress period:     1    Time step:   130
    Solving:  Stress period:     1    Time step:   131
    Solving:  Stress period:     1    Time step:   132
    Solving:  Stress period:     1    Time step:   133
    Solving:  Stress period:     1    Time step:   134
    Solving:  Stress period:     1    Time step:   135
    Solving:  Stress period:     1    Time step:   136
    Solving:  Stress period:     1    Time step:   137
    Solving:  Stress period:     1    Time step:   138
    Solving:  Stress period:     1    Time step:   139
    Solving:  Stress period:     1    Time step:   140
    Solving:  Stress period:     1    Time step:   141
    Solving:  Stress period:     1    Time step:   142
    Solving:  Stress period:     1    Time step:   143
    Solving:  Stress period:     1    Time step:   144
    Solving:  Stress period:     1    Time step:   145
    Solving:  Stress period:     1    Time step:   146
    Solving:  Stress period:     1    Time step:   147
    Solving:  Stress period:     1    Time step:   148
    Solving:  Stress period:     1    Time step:   149
    Solving:  Stress period:     1    Time step:   150
    Solving:  Stress period:     1    Time step:   151
    Solving:  Stress period:     1    Time step:   152
    Solving:  Stress period:     1    Time step:   153
    Solving:  Stress period:     1    Time step:   154
    Solving:  Stress period:     1    Time step:   155
    Solving:  Stress period:     1    Time step:   156
    Solving:  Stress period:     1    Time step:   157
    Solving:  Stress period:     1    Time step:   158
    Solving:  Stress period:     1    Time step:   159
    Solving:  Stress period:     1    Time step:   160
    Solving:  Stress period:     1    Time step:   161
    Solving:  Stress period:     1    Time step:   162
    Solving:  Stress period:     1    Time step:   163
    Solving:  Stress period:     1    Time step:   164
    Solving:  Stress period:     1    Time step:   165
    Solving:  Stress period:     1    Time step:   166
    Solving:  Stress period:     1    Time step:   167
    Solving:  Stress period:     1    Time step:   168
    Solving:  Stress period:     1    Time step:   169
    Solving:  Stress period:     1    Time step:   170
    Solving:  Stress period:     1    Time step:   171
    Solving:  Stress period:     1    Time step:   172
    Solving:  Stress period:     1    Time step:   173
    Solving:  Stress period:     1    Time step:   174
    Solving:  Stress period:     1    Time step:   175
    Solving:  Stress period:     1    Time step:   176
    Solving:  Stress period:     1    Time step:   177
    Solving:  Stress period:     1    Time step:   178
    Solving:  Stress period:     1    Time step:   179
    Solving:  Stress period:     1    Time step:   180
    Solving:  Stress period:     1    Time step:   181
    Solving:  Stress period:     1    Time step:   182
    Solving:  Stress period:     1    Time step:   183
    Solving:  Stress period:     1    Time step:   184
    Solving:  Stress period:     1    Time step:   185
    Solving:  Stress period:     1    Time step:   186
    Solving:  Stress period:     1    Time step:   187
    Solving:  Stress period:     1    Time step:   188
    Solving:  Stress period:     1    Time step:   189
    Solving:  Stress period:     1    Time step:   190
    Solving:  Stress period:     1    Time step:   191
    Solving:  Stress period:     1    Time step:   192
    Solving:  Stress period:     1    Time step:   193
    Solving:  Stress period:     1    Time step:   194
    Solving:  Stress period:     1    Time step:   195
    Solving:  Stress period:     1    Time step:   196
    Solving:  Stress period:     1    Time step:   197
    Solving:  Stress period:     1    Time step:   198
    Solving:  Stress period:     1    Time step:   199
    Solving:  Stress period:     1    Time step:   200
    Solving:  Stress period:     1    Time step:   201
    Solving:  Stress period:     1    Time step:   202
    Solving:  Stress period:     1    Time step:   203
    Solving:  Stress period:     1    Time step:   204
    Solving:  Stress period:     1    Time step:   205
    Solving:  Stress period:     1    Time step:   206
    Solving:  Stress period:     1    Time step:   207
    Solving:  Stress period:     1    Time step:   208
    Solving:  Stress period:     1    Time step:   209
    Solving:  Stress period:     1    Time step:   210
    Solving:  Stress period:     1    Time step:   211
    Solving:  Stress period:     1    Time step:   212
    Solving:  Stress period:     1    Time step:   213
    Solving:  Stress period:     1    Time step:   214
    Solving:  Stress period:     1    Time step:   215
    Solving:  Stress period:     1    Time step:   216
    Solving:  Stress period:     1    Time step:   217
    Solving:  Stress period:     1    Time step:   218
    Solving:  Stress period:     1    Time step:   219
    Solving:  Stress period:     1    Time step:   220
    Solving:  Stress period:     1    Time step:   221
    Solving:  Stress period:     1    Time step:   222
    Solving:  Stress period:     1    Time step:   223
    Solving:  Stress period:     1    Time step:   224
    Solving:  Stress period:     1    Time step:   225
    Solving:  Stress period:     1    Time step:   226
    Solving:  Stress period:     1    Time step:   227
    Solving:  Stress period:     1    Time step:   228
    Solving:  Stress period:     1    Time step:   229
    Solving:  Stress period:     1    Time step:   230
    Solving:  Stress period:     1    Time step:   231
    Solving:  Stress period:     1    Time step:   232
    Solving:  Stress period:     1    Time step:   233
    Solving:  Stress period:     1    Time step:   234
    Solving:  Stress period:     1    Time step:   235
    Solving:  Stress period:     1    Time step:   236
    Solving:  Stress period:     1    Time step:   237
    Solving:  Stress period:     1    Time step:   238
    Solving:  Stress period:     1    Time step:   239
    Solving:  Stress period:     1    Time step:   240
    Solving:  Stress period:     1    Time step:   241
    Solving:  Stress period:     1    Time step:   242
    Solving:  Stress period:     1    Time step:   243
    Solving:  Stress period:     1    Time step:   244
    Solving:  Stress period:     1    Time step:   245
    Solving:  Stress period:     1    Time step:   246
    Solving:  Stress period:     1    Time step:   247
    Solving:  Stress period:     1    Time step:   248
    Solving:  Stress period:     1    Time step:   249
    Solving:  Stress period:     1    Time step:   250
    Solving:  Stress period:     2    Time step:     1
    Solving:  Stress period:     2    Time step:     2
    Solving:  Stress period:     2    Time step:     3
    Solving:  Stress period:     2    Time step:     4
    Solving:  Stress period:     2    Time step:     5
    Solving:  Stress period:     2    Time step:     6
    Solving:  Stress period:     2    Time step:     7
    Solving:  Stress period:     2    Time step:     8
    Solving:  Stress period:     2    Time step:     9
    Solving:  Stress period:     2    Time step:    10
    Solving:  Stress period:     2    Time step:    11
    Solving:  Stress period:     2    Time step:    12
    Solving:  Stress period:     2    Time step:    13
    Solving:  Stress period:     2    Time step:    14
    Solving:  Stress period:     2    Time step:    15
    Solving:  Stress period:     2    Time step:    16
    Solving:  Stress period:     2    Time step:    17
    Solving:  Stress period:     2    Time step:    18
    Solving:  Stress period:     2    Time step:    19
    Solving:  Stress period:     2    Time step:    20
    Solving:  Stress period:     2    Time step:    21
    Solving:  Stress period:     2    Time step:    22
    Solving:  Stress period:     2    Time step:    23
    Solving:  Stress period:     2    Time step:    24
    Solving:  Stress period:     2    Time step:    25
    Solving:  Stress period:     2    Time step:    26
    Solving:  Stress period:     2    Time step:    27
    Solving:  Stress period:     2    Time step:    28
    Solving:  Stress period:     2    Time step:    29
    Solving:  Stress period:     2    Time step:    30
    Solving:  Stress period:     2    Time step:    31
    Solving:  Stress period:     2    Time step:    32
    Solving:  Stress period:     2    Time step:    33
    Solving:  Stress period:     2    Time step:    34
    Solving:  Stress period:     2    Time step:    35
    Solving:  Stress period:     2    Time step:    36
    Solving:  Stress period:     2    Time step:    37
    Solving:  Stress period:     2    Time step:    38
    Solving:  Stress period:     2    Time step:    39
    Solving:  Stress period:     2    Time step:    40
    Solving:  Stress period:     2    Time step:    41
    Solving:  Stress period:     2    Time step:    42
    Solving:  Stress period:     2    Time step:    43
    Solving:  Stress period:     2    Time step:    44
    Solving:  Stress period:     2    Time step:    45
    Solving:  Stress period:     2    Time step:    46
    Solving:  Stress period:     2    Time step:    47
    Solving:  Stress period:     2    Time step:    48
    Solving:  Stress period:     2    Time step:    49
    Solving:  Stress period:     2    Time step:    50
    Solving:  Stress period:     2    Time step:    51
    Solving:  Stress period:     2    Time step:    52
    Solving:  Stress period:     2    Time step:    53
    Solving:  Stress period:     2    Time step:    54
    Solving:  Stress period:     2    Time step:    55
    Solving:  Stress period:     2    Time step:    56
    Solving:  Stress period:     2    Time step:    57
    Solving:  Stress period:     2    Time step:    58
    Solving:  Stress period:     2    Time step:    59
    Solving:  Stress period:     2    Time step:    60
    Solving:  Stress period:     2    Time step:    61
    Solving:  Stress period:     2    Time step:    62
    Solving:  Stress period:     2    Time step:    63
    Solving:  Stress period:     2    Time step:    64
    Solving:  Stress period:     2    Time step:    65
    Solving:  Stress period:     2    Time step:    66
    Solving:  Stress period:     2    Time step:    67
    Solving:  Stress period:     2    Time step:    68
    Solving:  Stress period:     2    Time step:    69
    Solving:  Stress period:     2    Time step:    70
    Solving:  Stress period:     2    Time step:    71
    Solving:  Stress period:     2    Time step:    72
    Solving:  Stress period:     2    Time step:    73
    Solving:  Stress period:     2    Time step:    74
    Solving:  Stress period:     2    Time step:    75
    Solving:  Stress period:     2    Time step:    76
    Solving:  Stress period:     2    Time step:    77
    Solving:  Stress period:     2    Time step:    78
    Solving:  Stress period:     2    Time step:    79
    Solving:  Stress period:     2    Time step:    80
    Solving:  Stress period:     2    Time step:    81
    Solving:  Stress period:     2    Time step:    82
    Solving:  Stress period:     2    Time step:    83
    Solving:  Stress period:     2    Time step:    84
    Solving:  Stress period:     2    Time step:    85
    Solving:  Stress period:     2    Time step:    86
    Solving:  Stress period:     2    Time step:    87
    Solving:  Stress period:     2    Time step:    88
    Solving:  Stress period:     2    Time step:    89
    Solving:  Stress period:     2    Time step:    90
    Solving:  Stress period:     2    Time step:    91
    Solving:  Stress period:     2    Time step:    92
    Solving:  Stress period:     2    Time step:    93
    Solving:  Stress period:     2    Time step:    94
    Solving:  Stress period:     2    Time step:    95
    Solving:  Stress period:     2    Time step:    96
    Solving:  Stress period:     2    Time step:    97
    Solving:  Stress period:     2    Time step:    98
    Solving:  Stress period:     2    Time step:    99
    Solving:  Stress period:     2    Time step:   100
    Solving:  Stress period:     2    Time step:   101
    Solving:  Stress period:     2    Time step:   102
    Solving:  Stress period:     2    Time step:   103
    Solving:  Stress period:     2    Time step:   104
    Solving:  Stress period:     2    Time step:   105
    Solving:  Stress period:     2    Time step:   106
    Solving:  Stress period:     2    Time step:   107
    Solving:  Stress period:     2    Time step:   108
    Solving:  Stress period:     2    Time step:   109
    Solving:  Stress period:     2    Time step:   110
    Solving:  Stress period:     2    Time step:   111
    Solving:  Stress period:     2    Time step:   112
    Solving:  Stress period:     2    Time step:   113
    Solving:  Stress period:     2    Time step:   114
    Solving:  Stress period:     2    Time step:   115
    Solving:  Stress period:     2    Time step:   116
    Solving:  Stress period:     2    Time step:   117
    Solving:  Stress period:     2    Time step:   118
    Solving:  Stress period:     2    Time step:   119
    Solving:  Stress period:     2    Time step:   120
    Solving:  Stress period:     2    Time step:   121
    Solving:  Stress period:     2    Time step:   122
    Solving:  Stress period:     2    Time step:   123
    Solving:  Stress period:     2    Time step:   124
    Solving:  Stress period:     2    Time step:   125
    Solving:  Stress period:     2    Time step:   126
    Solving:  Stress period:     2    Time step:   127
    Solving:  Stress period:     2    Time step:   128
    Solving:  Stress period:     2    Time step:   129
    Solving:  Stress period:     2    Time step:   130
    Solving:  Stress period:     2    Time step:   131
    Solving:  Stress period:     2    Time step:   132
    Solving:  Stress period:     2    Time step:   133
    Solving:  Stress period:     2    Time step:   134
    Solving:  Stress period:     2    Time step:   135
    Solving:  Stress period:     2    Time step:   136
    Solving:  Stress period:     2    Time step:   137
    Solving:  Stress period:     2    Time step:   138
    Solving:  Stress period:     2    Time step:   139
    Solving:  Stress period:     2    Time step:   140
    Solving:  Stress period:     2    Time step:   141
    Solving:  Stress period:     2    Time step:   142
    Solving:  Stress period:     2    Time step:   143
    Solving:  Stress period:     2    Time step:   144
    Solving:  Stress period:     2    Time step:   145
    Solving:  Stress period:     2    Time step:   146
    Solving:  Stress period:     2    Time step:   147
    Solving:  Stress period:     2    Time step:   148
    Solving:  Stress period:     2    Time step:   149
    Solving:  Stress period:     2    Time step:   150
    Solving:  Stress period:     2    Time step:   151
    Solving:  Stress period:     2    Time step:   152
    Solving:  Stress period:     2    Time step:   153
    Solving:  Stress period:     2    Time step:   154
    Solving:  Stress period:     2    Time step:   155
    Solving:  Stress period:     2    Time step:   156
    Solving:  Stress period:     2    Time step:   157
    Solving:  Stress period:     2    Time step:   158
    Solving:  Stress period:     2    Time step:   159
    Solving:  Stress period:     2    Time step:   160
    Solving:  Stress period:     2    Time step:   161
    Solving:  Stress period:     2    Time step:   162
    Solving:  Stress period:     2    Time step:   163
    Solving:  Stress period:     2    Time step:   164
    Solving:  Stress period:     2    Time step:   165
    Solving:  Stress period:     2    Time step:   166
    Solving:  Stress period:     2    Time step:   167
    Solving:  Stress period:     2    Time step:   168
    Solving:  Stress period:     2    Time step:   169
    Solving:  Stress period:     2    Time step:   170
    Solving:  Stress period:     2    Time step:   171
    Solving:  Stress period:     2    Time step:   172
    Solving:  Stress period:     2    Time step:   173
    Solving:  Stress period:     2    Time step:   174
    Solving:  Stress period:     2    Time step:   175
    Solving:  Stress period:     2    Time step:   176
    Solving:  Stress period:     2    Time step:   177
    Solving:  Stress period:     2    Time step:   178
    Solving:  Stress period:     2    Time step:   179
    Solving:  Stress period:     2    Time step:   180
    Solving:  Stress period:     2    Time step:   181
    Solving:  Stress period:     2    Time step:   182
    Solving:  Stress period:     2    Time step:   183
    Solving:  Stress period:     2    Time step:   184
    Solving:  Stress period:     2    Time step:   185
    Solving:  Stress period:     2    Time step:   186
    Solving:  Stress period:     2    Time step:   187
    Solving:  Stress period:     2    Time step:   188
    Solving:  Stress period:     2    Time step:   189
    Solving:  Stress period:     2    Time step:   190
    Solving:  Stress period:     2    Time step:   191
    Solving:  Stress period:     2    Time step:   192
    Solving:  Stress period:     2    Time step:   193
    Solving:  Stress period:     2    Time step:   194
    Solving:  Stress period:     2    Time step:   195
    Solving:  Stress period:     2    Time step:   196
    Solving:  Stress period:     2    Time step:   197
    Solving:  Stress period:     2    Time step:   198
    Solving:  Stress period:     2    Time step:   199
    Solving:  Stress period:     2    Time step:   200
    Solving:  Stress period:     2    Time step:   201
    Solving:  Stress period:     2    Time step:   202
    Solving:  Stress period:     2    Time step:   203
    Solving:  Stress period:     2    Time step:   204
    Solving:  Stress period:     2    Time step:   205
    Solving:  Stress period:     2    Time step:   206
    Solving:  Stress period:     2    Time step:   207
    Solving:  Stress period:     2    Time step:   208
    Solving:  Stress period:     2    Time step:   209
    Solving:  Stress period:     2    Time step:   210
    Solving:  Stress period:     2    Time step:   211
    Solving:  Stress period:     2    Time step:   212
    Solving:  Stress period:     2    Time step:   213
    Solving:  Stress period:     2    Time step:   214
    Solving:  Stress period:     2    Time step:   215
    Solving:  Stress period:     2    Time step:   216
    Solving:  Stress period:     2    Time step:   217
    Solving:  Stress period:     2    Time step:   218
    Solving:  Stress period:     2    Time step:   219
    Solving:  Stress period:     2    Time step:   220
    Solving:  Stress period:     2    Time step:   221
    Solving:  Stress period:     2    Time step:   222
    Solving:  Stress period:     2    Time step:   223
    Solving:  Stress period:     2    Time step:   224
    Solving:  Stress period:     2    Time step:   225
    Solving:  Stress period:     2    Time step:   226
    Solving:  Stress period:     2    Time step:   227
    Solving:  Stress period:     2    Time step:   228
    Solving:  Stress period:     2    Time step:   229
    Solving:  Stress period:     2    Time step:   230
    Solving:  Stress period:     2    Time step:   231
    Solving:  Stress period:     2    Time step:   232
    Solving:  Stress period:     2    Time step:   233
    Solving:  Stress period:     2    Time step:   234
    Solving:  Stress period:     2    Time step:   235
    Solving:  Stress period:     2    Time step:   236
    Solving:  Stress period:     2    Time step:   237
    Solving:  Stress period:     2    Time step:   238
    Solving:  Stress period:     2    Time step:   239
    Solving:  Stress period:     2    Time step:   240
    Solving:  Stress period:     2    Time step:   241
    Solving:  Stress period:     2    Time step:   242
    Solving:  Stress period:     2    Time step:   243
    Solving:  Stress period:     2    Time step:   244
    Solving:  Stress period:     2    Time step:   245
    Solving:  Stress period:     2    Time step:   246
    Solving:  Stress period:     2    Time step:   247
    Solving:  Stress period:     2    Time step:   248
    Solving:  Stress period:     2    Time step:   249
    Solving:  Stress period:     2    Time step:   250
    Solving:  Stress period:     2    Time step:   251
    Solving:  Stress period:     2    Time step:   252
    Solving:  Stress period:     2    Time step:   253
    Solving:  Stress period:     2    Time step:   254
    Solving:  Stress period:     2    Time step:   255
    Solving:  Stress period:     2    Time step:   256
    Solving:  Stress period:     2    Time step:   257
    Solving:  Stress period:     2    Time step:   258
    Solving:  Stress period:     2    Time step:   259
    Solving:  Stress period:     2    Time step:   260
    Solving:  Stress period:     2    Time step:   261
    Solving:  Stress period:     2    Time step:   262
    Solving:  Stress period:     2    Time step:   263
    Solving:  Stress period:     2    Time step:   264
    Solving:  Stress period:     2    Time step:   265
    Solving:  Stress period:     2    Time step:   266
    Solving:  Stress period:     2    Time step:   267
    Solving:  Stress period:     2    Time step:   268
    Solving:  Stress period:     2    Time step:   269
    Solving:  Stress period:     2    Time step:   270
    Solving:  Stress period:     2    Time step:   271
    Solving:  Stress period:     2    Time step:   272
    Solving:  Stress period:     2    Time step:   273
    Solving:  Stress period:     2    Time step:   274
    Solving:  Stress period:     2    Time step:   275
    Solving:  Stress period:     2    Time step:   276
    Solving:  Stress period:     2    Time step:   277
    Solving:  Stress period:     2    Time step:   278
    Solving:  Stress period:     2    Time step:   279
    Solving:  Stress period:     2    Time step:   280
    Solving:  Stress period:     2    Time step:   281
    Solving:  Stress period:     2    Time step:   282
    Solving:  Stress period:     2    Time step:   283
    Solving:  Stress period:     2    Time step:   284
    Solving:  Stress period:     2    Time step:   285
    Solving:  Stress period:     2    Time step:   286
    Solving:  Stress period:     2    Time step:   287
    Solving:  Stress period:     2    Time step:   288
    Solving:  Stress period:     2    Time step:   289
    Solving:  Stress period:     2    Time step:   290
    Solving:  Stress period:     2    Time step:   291
    Solving:  Stress period:     2    Time step:   292
    Solving:  Stress period:     2    Time step:   293
    Solving:  Stress period:     2    Time step:   294
    Solving:  Stress period:     2    Time step:   295
    Solving:  Stress period:     2    Time step:   296
    Solving:  Stress period:     2    Time step:   297
    Solving:  Stress period:     2    Time step:   298
    Solving:  Stress period:     2    Time step:   299
    Solving:  Stress period:     2    Time step:   300
    Solving:  Stress period:     2    Time step:   301
    Solving:  Stress period:     2    Time step:   302
    Solving:  Stress period:     2    Time step:   303
    Solving:  Stress period:     2    Time step:   304
    Solving:  Stress period:     2    Time step:   305
    Solving:  Stress period:     2    Time step:   306
    Solving:  Stress period:     2    Time step:   307
    Solving:  Stress period:     2    Time step:   308
    Solving:  Stress period:     2    Time step:   309
    Solving:  Stress period:     2    Time step:   310
    Solving:  Stress period:     2    Time step:   311
    Solving:  Stress period:     2    Time step:   312
    Solving:  Stress period:     2    Time step:   313
    Solving:  Stress period:     2    Time step:   314
    Solving:  Stress period:     2    Time step:   315
    Solving:  Stress period:     2    Time step:   316
    Solving:  Stress period:     2    Time step:   317
    Solving:  Stress period:     2    Time step:   318
    Solving:  Stress period:     2    Time step:   319
    Solving:  Stress period:     2    Time step:   320
    Solving:  Stress period:     2    Time step:   321
    Solving:  Stress period:     2    Time step:   322
    Solving:  Stress period:     2    Time step:   323
    Solving:  Stress period:     2    Time step:   324
    Solving:  Stress period:     2    Time step:   325
    Solving:  Stress period:     2    Time step:   326
    Solving:  Stress period:     2    Time step:   327
    Solving:  Stress period:     2    Time step:   328
    Solving:  Stress period:     2    Time step:   329
    Solving:  Stress period:     2    Time step:   330
    Solving:  Stress period:     2    Time step:   331
    Solving:  Stress period:     2    Time step:   332
    Solving:  Stress period:     2    Time step:   333
    Solving:  Stress period:     2    Time step:   334
    Solving:  Stress period:     2    Time step:   335
    Solving:  Stress period:     2    Time step:   336
    Solving:  Stress period:     2    Time step:   337
    Solving:  Stress period:     2    Time step:   338
    Solving:  Stress period:     2    Time step:   339
    Solving:  Stress period:     2    Time step:   340
    Solving:  Stress period:     2    Time step:   341
    Solving:  Stress period:     2    Time step:   342
    Solving:  Stress period:     2    Time step:   343
    Solving:  Stress period:     2    Time step:   344
    Solving:  Stress period:     2    Time step:   345
    Solving:  Stress period:     2    Time step:   346
    Solving:  Stress period:     2    Time step:   347
    Solving:  Stress period:     2    Time step:   348
    Solving:  Stress period:     2    Time step:   349
    Solving:  Stress period:     2    Time step:   350
    Solving:  Stress period:     2    Time step:   351
    Solving:  Stress period:     2    Time step:   352
    Solving:  Stress period:     2    Time step:   353
    Solving:  Stress period:     2    Time step:   354
    Solving:  Stress period:     2    Time step:   355
    Solving:  Stress period:     2    Time step:   356
    Solving:  Stress period:     2    Time step:   357
    Solving:  Stress period:     2    Time step:   358
    Solving:  Stress period:     2    Time step:   359
    Solving:  Stress period:     2    Time step:   360
    Solving:  Stress period:     2    Time step:   361
    Solving:  Stress period:     2    Time step:   362
    Solving:  Stress period:     2    Time step:   363
    Solving:  Stress period:     2    Time step:   364
    Solving:  Stress period:     2    Time step:   365
    Solving:  Stress period:     2    Time step:   366
    Solving:  Stress period:     2    Time step:   367
    Solving:  Stress period:     2    Time step:   368
    Solving:  Stress period:     2    Time step:   369
    Solving:  Stress period:     2    Time step:   370
    Solving:  Stress period:     2    Time step:   371
    Solving:  Stress period:     2    Time step:   372
    Solving:  Stress period:     2    Time step:   373
    Solving:  Stress period:     2    Time step:   374
    Solving:  Stress period:     2    Time step:   375
    Solving:  Stress period:     2    Time step:   376
    Solving:  Stress period:     2    Time step:   377
    Solving:  Stress period:     2    Time step:   378
    Solving:  Stress period:     2    Time step:   379
    Solving:  Stress period:     2    Time step:   380
    Solving:  Stress period:     2    Time step:   381
    Solving:  Stress period:     2    Time step:   382
    Solving:  Stress period:     2    Time step:   383
    Solving:  Stress period:     2    Time step:   384
    Solving:  Stress period:     2    Time step:   385
    Solving:  Stress period:     2    Time step:   386
    Solving:  Stress period:     2    Time step:   387
    Solving:  Stress period:     2    Time step:   388
    Solving:  Stress period:     2    Time step:   389
    Solving:  Stress period:     2    Time step:   390
    Solving:  Stress period:     2    Time step:   391
    Solving:  Stress period:     2    Time step:   392
    Solving:  Stress period:     2    Time step:   393
    Solving:  Stress period:     2    Time step:   394
    Solving:  Stress period:     2    Time step:   395
    Solving:  Stress period:     2    Time step:   396
    Solving:  Stress period:     2    Time step:   397
    Solving:  Stress period:     2    Time step:   398
    Solving:  Stress period:     2    Time step:   399
    Solving:  Stress period:     2    Time step:   400
    Solving:  Stress period:     2    Time step:   401
    Solving:  Stress period:     2    Time step:   402
    Solving:  Stress period:     2    Time step:   403
    Solving:  Stress period:     2    Time step:   404
    Solving:  Stress period:     2    Time step:   405
    Solving:  Stress period:     2    Time step:   406
    Solving:  Stress period:     2    Time step:   407
    Solving:  Stress period:     2    Time step:   408
    Solving:  Stress period:     2    Time step:   409
    Solving:  Stress period:     2    Time step:   410
    Solving:  Stress period:     2    Time step:   411
    Solving:  Stress period:     2    Time step:   412
    Solving:  Stress period:     2    Time step:   413
    Solving:  Stress period:     2    Time step:   414
    Solving:  Stress period:     2    Time step:   415
    Solving:  Stress period:     2    Time step:   416
    Solving:  Stress period:     2    Time step:   417
    Solving:  Stress period:     2    Time step:   418
    Solving:  Stress period:     2    Time step:   419
    Solving:  Stress period:     2    Time step:   420
    Solving:  Stress period:     2    Time step:   421
    Solving:  Stress period:     2    Time step:   422
    Solving:  Stress period:     2    Time step:   423
    Solving:  Stress period:     2    Time step:   424
    Solving:  Stress period:     2    Time step:   425
    Solving:  Stress period:     2    Time step:   426
    Solving:  Stress period:     2    Time step:   427
    Solving:  Stress period:     2    Time step:   428
    Solving:  Stress period:     2    Time step:   429
    Solving:  Stress period:     2    Time step:   430
    Solving:  Stress period:     2    Time step:   431
    Solving:  Stress period:     2    Time step:   432
    Solving:  Stress period:     2    Time step:   433
    Solving:  Stress period:     2    Time step:   434
    Solving:  Stress period:     2    Time step:   435
    Solving:  Stress period:     2    Time step:   436
    Solving:  Stress period:     2    Time step:   437
    Solving:  Stress period:     2    Time step:   438
    Solving:  Stress period:     2    Time step:   439
    Solving:  Stress period:     2    Time step:   440
    Solving:  Stress period:     2    Time step:   441
    Solving:  Stress period:     2    Time step:   442
    Solving:  Stress period:     2    Time step:   443
    Solving:  Stress period:     2    Time step:   444
    Solving:  Stress period:     2    Time step:   445
    Solving:  Stress period:     2    Time step:   446
    Solving:  Stress period:     2    Time step:   447
    Solving:  Stress period:     2    Time step:   448
    Solving:  Stress period:     2    Time step:   449
    Solving:  Stress period:     2    Time step:   450
    Solving:  Stress period:     2    Time step:   451
    Solving:  Stress period:     2    Time step:   452
    Solving:  Stress period:     2    Time step:   453
    Solving:  Stress period:     2    Time step:   454
    Solving:  Stress period:     2    Time step:   455
    Solving:  Stress period:     2    Time step:   456
    Solving:  Stress period:     2    Time step:   457
    Solving:  Stress period:     2    Time step:   458
    Solving:  Stress period:     2    Time step:   459
    Solving:  Stress period:     2    Time step:   460
    Solving:  Stress period:     2    Time step:   461
    Solving:  Stress period:     2    Time step:   462
    Solving:  Stress period:     2    Time step:   463
    Solving:  Stress period:     2    Time step:   464
    Solving:  Stress period:     2    Time step:   465
    Solving:  Stress period:     2    Time step:   466
    Solving:  Stress period:     2    Time step:   467
    Solving:  Stress period:     2    Time step:   468
    Solving:  Stress period:     2    Time step:   469
    Solving:  Stress period:     2    Time step:   470
    Solving:  Stress period:     2    Time step:   471
    Solving:  Stress period:     2    Time step:   472
    Solving:  Stress period:     2    Time step:   473
    Solving:  Stress period:     2    Time step:   474
    Solving:  Stress period:     2    Time step:   475
    Solving:  Stress period:     2    Time step:   476
    Solving:  Stress period:     2    Time step:   477
    Solving:  Stress period:     2    Time step:   478
    Solving:  Stress period:     2    Time step:   479
    Solving:  Stress period:     2    Time step:   480
    Solving:  Stress period:     2    Time step:   481
    Solving:  Stress period:     2    Time step:   482
    Solving:  Stress period:     2    Time step:   483
    Solving:  Stress period:     2    Time step:   484
    Solving:  Stress period:     2    Time step:   485
    Solving:  Stress period:     2    Time step:   486
    Solving:  Stress period:     2    Time step:   487
    Solving:  Stress period:     2    Time step:   488
    Solving:  Stress period:     2    Time step:   489
    Solving:  Stress period:     2    Time step:   490
    Solving:  Stress period:     2    Time step:   491
    Solving:  Stress period:     2    Time step:   492
    Solving:  Stress period:     2    Time step:   493
    Solving:  Stress period:     2    Time step:   494
    Solving:  Stress period:     2    Time step:   495
    Solving:  Stress period:     2    Time step:   496
    Solving:  Stress period:     2    Time step:   497
    Solving:  Stress period:     2    Time step:   498
    Solving:  Stress period:     2    Time step:   499
    Solving:  Stress period:     2    Time step:   500
    Solving:  Stress period:     2    Time step:   501
    Solving:  Stress period:     2    Time step:   502
    Solving:  Stress period:     2    Time step:   503
    Solving:  Stress period:     2    Time step:   504
    Solving:  Stress period:     2    Time step:   505
    Solving:  Stress period:     2    Time step:   506
    Solving:  Stress period:     2    Time step:   507
    Solving:  Stress period:     2    Time step:   508
    Solving:  Stress period:     2    Time step:   509
    Solving:  Stress period:     2    Time step:   510
    Solving:  Stress period:     2    Time step:   511
    Solving:  Stress period:     2    Time step:   512
    Solving:  Stress period:     2    Time step:   513
    Solving:  Stress period:     2    Time step:   514
    Solving:  Stress period:     2    Time step:   515
    Solving:  Stress period:     2    Time step:   516
    Solving:  Stress period:     2    Time step:   517
    Solving:  Stress period:     2    Time step:   518
    Solving:  Stress period:     2    Time step:   519
    Solving:  Stress period:     2    Time step:   520
    Solving:  Stress period:     2    Time step:   521
    Solving:  Stress period:     2    Time step:   522
    Solving:  Stress period:     2    Time step:   523
    Solving:  Stress period:     2    Time step:   524
    Solving:  Stress period:     2    Time step:   525
    Solving:  Stress period:     2    Time step:   526
    Solving:  Stress period:     2    Time step:   527
    Solving:  Stress period:     2    Time step:   528
    Solving:  Stress period:     2    Time step:   529
    Solving:  Stress period:     2    Time step:   530
    Solving:  Stress period:     2    Time step:   531
    Solving:  Stress period:     2    Time step:   532
    Solving:  Stress period:     2    Time step:   533
    Solving:  Stress period:     2    Time step:   534
    Solving:  Stress period:     2    Time step:   535
    Solving:  Stress period:     2    Time step:   536
    Solving:  Stress period:     2    Time step:   537
    Solving:  Stress period:     2    Time step:   538
    Solving:  Stress period:     2    Time step:   539
    Solving:  Stress period:     2    Time step:   540
    Solving:  Stress period:     2    Time step:   541
    Solving:  Stress period:     2    Time step:   542
    Solving:  Stress period:     2    Time step:   543
    Solving:  Stress period:     2    Time step:   544
    Solving:  Stress period:     2    Time step:   545
    Solving:  Stress period:     2    Time step:   546
    Solving:  Stress period:     2    Time step:   547
    Solving:  Stress period:     2    Time step:   548
    Solving:  Stress period:     2    Time step:   549
    Solving:  Stress period:     2    Time step:   550
    Solving:  Stress period:     2    Time step:   551
    Solving:  Stress period:     2    Time step:   552
    Solving:  Stress period:     2    Time step:   553
    Solving:  Stress period:     2    Time step:   554
    Solving:  Stress period:     2    Time step:   555
    Solving:  Stress period:     2    Time step:   556
    Solving:  Stress period:     2    Time step:   557
    Solving:  Stress period:     2    Time step:   558
    Solving:  Stress period:     2    Time step:   559
    Solving:  Stress period:     2    Time step:   560
    Solving:  Stress period:     2    Time step:   561
    Solving:  Stress period:     2    Time step:   562
    Solving:  Stress period:     2    Time step:   563
    Solving:  Stress period:     2    Time step:   564
    Solving:  Stress period:     2    Time step:   565
    Solving:  Stress period:     2    Time step:   566
    Solving:  Stress period:     2    Time step:   567
    Solving:  Stress period:     2    Time step:   568
    Solving:  Stress period:     2    Time step:   569
    Solving:  Stress period:     2    Time step:   570
    Solving:  Stress period:     2    Time step:   571
    Solving:  Stress period:     2    Time step:   572
    Solving:  Stress period:     2    Time step:   573
    Solving:  Stress period:     2    Time step:   574
    Solving:  Stress period:     2    Time step:   575
    Solving:  Stress period:     2    Time step:   576
    Solving:  Stress period:     2    Time step:   577
    Solving:  Stress period:     2    Time step:   578
    Solving:  Stress period:     2    Time step:   579
    Solving:  Stress period:     2    Time step:   580
    Solving:  Stress period:     2    Time step:   581
    Solving:  Stress period:     2    Time step:   582
    Solving:  Stress period:     2    Time step:   583
    Solving:  Stress period:     2    Time step:   584
    Solving:  Stress period:     2    Time step:   585
    Solving:  Stress period:     2    Time step:   586
    Solving:  Stress period:     2    Time step:   587
    Solving:  Stress period:     2    Time step:   588
    Solving:  Stress period:     2    Time step:   589
    Solving:  Stress period:     2    Time step:   590
    Solving:  Stress period:     2    Time step:   591
    Solving:  Stress period:     2    Time step:   592
    Solving:  Stress period:     2    Time step:   593
    Solving:  Stress period:     2    Time step:   594
    Solving:  Stress period:     2    Time step:   595
    Solving:  Stress period:     2    Time step:   596
    Solving:  Stress period:     2    Time step:   597
    Solving:  Stress period:     2    Time step:   598
    Solving:  Stress period:     2    Time step:   599
    Solving:  Stress period:     2    Time step:   600
    Solving:  Stress period:     2    Time step:   601
    Solving:  Stress period:     2    Time step:   602
    Solving:  Stress period:     2    Time step:   603
    Solving:  Stress period:     2    Time step:   604
    Solving:  Stress period:     2    Time step:   605
    Solving:  Stress period:     2    Time step:   606
    Solving:  Stress period:     2    Time step:   607
    Solving:  Stress period:     2    Time step:   608
    Solving:  Stress period:     2    Time step:   609
    Solving:  Stress period:     2    Time step:   610
    Solving:  Stress period:     2    Time step:   611
    Solving:  Stress period:     2    Time step:   612
    Solving:  Stress period:     2    Time step:   613
    Solving:  Stress period:     2    Time step:   614
    Solving:  Stress period:     2    Time step:   615
    Solving:  Stress period:     2    Time step:   616
    Solving:  Stress period:     2    Time step:   617
    Solving:  Stress period:     2    Time step:   618
    Solving:  Stress period:     2    Time step:   619
    Solving:  Stress period:     2    Time step:   620
    Solving:  Stress period:     2    Time step:   621
    Solving:  Stress period:     2    Time step:   622
    Solving:  Stress period:     2    Time step:   623
    Solving:  Stress period:     2    Time step:   624
    Solving:  Stress period:     2    Time step:   625
    Solving:  Stress period:     2    Time step:   626
    Solving:  Stress period:     2    Time step:   627
    Solving:  Stress period:     2    Time step:   628
    Solving:  Stress period:     2    Time step:   629
    Solving:  Stress period:     2    Time step:   630
    Solving:  Stress period:     2    Time step:   631
    Solving:  Stress period:     2    Time step:   632
    Solving:  Stress period:     2    Time step:   633
    Solving:  Stress period:     2    Time step:   634
    Solving:  Stress period:     2    Time step:   635
    Solving:  Stress period:     2    Time step:   636
    Solving:  Stress period:     2    Time step:   637
    Solving:  Stress period:     2    Time step:   638
    Solving:  Stress period:     2    Time step:   639
    Solving:  Stress period:     2    Time step:   640
    Solving:  Stress period:     2    Time step:   641
    Solving:  Stress period:     2    Time step:   642
    Solving:  Stress period:     2    Time step:   643
    Solving:  Stress period:     2    Time step:   644
    Solving:  Stress period:     2    Time step:   645
    Solving:  Stress period:     2    Time step:   646
    Solving:  Stress period:     2    Time step:   647
    Solving:  Stress period:     2    Time step:   648
    Solving:  Stress period:     2    Time step:   649
    Solving:  Stress period:     2    Time step:   650
    Solving:  Stress period:     2    Time step:   651
    Solving:  Stress period:     2    Time step:   652
    Solving:  Stress period:     2    Time step:   653
    Solving:  Stress period:     2    Time step:   654
    Solving:  Stress period:     2    Time step:   655
    Solving:  Stress period:     2    Time step:   656
    Solving:  Stress period:     2    Time step:   657
    Solving:  Stress period:     2    Time step:   658
    Solving:  Stress period:     2    Time step:   659
    Solving:  Stress period:     2    Time step:   660
    Solving:  Stress period:     2    Time step:   661
    Solving:  Stress period:     2    Time step:   662
    Solving:  Stress period:     2    Time step:   663
    Solving:  Stress period:     2    Time step:   664
    Solving:  Stress period:     2    Time step:   665
    Solving:  Stress period:     2    Time step:   666
    Solving:  Stress period:     2    Time step:   667
    Solving:  Stress period:     2    Time step:   668
    Solving:  Stress period:     2    Time step:   669
    Solving:  Stress period:     2    Time step:   670
    Solving:  Stress period:     2    Time step:   671
    Solving:  Stress period:     2    Time step:   672
    Solving:  Stress period:     2    Time step:   673
    Solving:  Stress period:     2    Time step:   674
    Solving:  Stress period:     2    Time step:   675
    Solving:  Stress period:     2    Time step:   676
    Solving:  Stress period:     2    Time step:   677
    Solving:  Stress period:     2    Time step:   678
    Solving:  Stress period:     2    Time step:   679
    Solving:  Stress period:     2    Time step:   680
    Solving:  Stress period:     2    Time step:   681
    Solving:  Stress period:     2    Time step:   682
    Solving:  Stress period:     2    Time step:   683
    Solving:  Stress period:     2    Time step:   684
    Solving:  Stress period:     2    Time step:   685
    Solving:  Stress period:     2    Time step:   686
    Solving:  Stress period:     2    Time step:   687
    Solving:  Stress period:     2    Time step:   688
    Solving:  Stress period:     2    Time step:   689
    Solving:  Stress period:     2    Time step:   690
    Solving:  Stress period:     2    Time step:   691
    Solving:  Stress period:     2    Time step:   692
    Solving:  Stress period:     2    Time step:   693
    Solving:  Stress period:     2    Time step:   694
    Solving:  Stress period:     2    Time step:   695
    Solving:  Stress period:     2    Time step:   696
    Solving:  Stress period:     2    Time step:   697
    Solving:  Stress period:     2    Time step:   698
    Solving:  Stress period:     2    Time step:   699
    Solving:  Stress period:     2    Time step:   700
    Solving:  Stress period:     2    Time step:   701
    Solving:  Stress period:     2    Time step:   702
    Solving:  Stress period:     2    Time step:   703
    Solving:  Stress period:     2    Time step:   704
    Solving:  Stress period:     2    Time step:   705
    Solving:  Stress period:     2    Time step:   706
    Solving:  Stress period:     2    Time step:   707
    Solving:  Stress period:     2    Time step:   708
    Solving:  Stress period:     2    Time step:   709
    Solving:  Stress period:     2    Time step:   710
    Solving:  Stress period:     2    Time step:   711
    Solving:  Stress period:     2    Time step:   712
    Solving:  Stress period:     2    Time step:   713
    Solving:  Stress period:     2    Time step:   714
    Solving:  Stress period:     2    Time step:   715
    Solving:  Stress period:     2    Time step:   716
    Solving:  Stress period:     2    Time step:   717
    Solving:  Stress period:     2    Time step:   718
    Solving:  Stress period:     2    Time step:   719
    Solving:  Stress period:     2    Time step:   720
    Solving:  Stress period:     2    Time step:   721
    Solving:  Stress period:     2    Time step:   722
    Solving:  Stress period:     2    Time step:   723
    Solving:  Stress period:     2    Time step:   724
    Solving:  Stress period:     2    Time step:   725
    Solving:  Stress period:     2    Time step:   726
    Solving:  Stress period:     2    Time step:   727
    Solving:  Stress period:     2    Time step:   728
    Solving:  Stress period:     2    Time step:   729
    Solving:  Stress period:     2    Time step:   730
    Solving:  Stress period:     2    Time step:   731
    Solving:  Stress period:     2    Time step:   732
    Solving:  Stress period:     2    Time step:   733
    Solving:  Stress period:     2    Time step:   734
    Solving:  Stress period:     2    Time step:   735
    Solving:  Stress period:     2    Time step:   736
    Solving:  Stress period:     2    Time step:   737
    Solving:  Stress period:     2    Time step:   738
    Solving:  Stress period:     2    Time step:   739
    Solving:  Stress period:     2    Time step:   740
    Solving:  Stress period:     2    Time step:   741
    Solving:  Stress period:     2    Time step:   742
    Solving:  Stress period:     2    Time step:   743
    Solving:  Stress period:     2    Time step:   744
    Solving:  Stress period:     2    Time step:   745
    Solving:  Stress period:     2    Time step:   746
    Solving:  Stress period:     2    Time step:   747
    Solving:  Stress period:     2    Time step:   748
    Solving:  Stress period:     2    Time step:   749
    Solving:  Stress period:     2    Time step:   750
    Solving:  Stress period:     2    Time step:   751
    Solving:  Stress period:     2    Time step:   752
    Solving:  Stress period:     2    Time step:   753
    Solving:  Stress period:     2    Time step:   754
    Solving:  Stress period:     2    Time step:   755
    Solving:  Stress period:     2    Time step:   756
    Solving:  Stress period:     2    Time step:   757
    Solving:  Stress period:     2    Time step:   758
    Solving:  Stress period:     2    Time step:   759
    Solving:  Stress period:     2    Time step:   760
    Solving:  Stress period:     2    Time step:   761
    Solving:  Stress period:     2    Time step:   762
    Solving:  Stress period:     2    Time step:   763
    Solving:  Stress period:     2    Time step:   764
    Solving:  Stress period:     2    Time step:   765
    Solving:  Stress period:     2    Time step:   766
    Solving:  Stress period:     2    Time step:   767
    Solving:  Stress period:     2    Time step:   768
    Solving:  Stress period:     2    Time step:   769
    Solving:  Stress period:     2    Time step:   770
    Solving:  Stress period:     2    Time step:   771
    Solving:  Stress period:     2    Time step:   772
    Solving:  Stress period:     2    Time step:   773
    Solving:  Stress period:     2    Time step:   774
    Solving:  Stress period:     2    Time step:   775
    Solving:  Stress period:     2    Time step:   776
    Solving:  Stress period:     2    Time step:   777
    Solving:  Stress period:     2    Time step:   778
    Solving:  Stress period:     2    Time step:   779
    Solving:  Stress period:     2    Time step:   780
    Solving:  Stress period:     2    Time step:   781
    Solving:  Stress period:     2    Time step:   782
    Solving:  Stress period:     2    Time step:   783
    Solving:  Stress period:     2    Time step:   784
    Solving:  Stress period:     2    Time step:   785
    Solving:  Stress period:     2    Time step:   786
    Solving:  Stress period:     2    Time step:   787
    Solving:  Stress period:     2    Time step:   788
    Solving:  Stress period:     2    Time step:   789
    Solving:  Stress period:     2    Time step:   790
    Solving:  Stress period:     2    Time step:   791
    Solving:  Stress period:     2    Time step:   792
    Solving:  Stress period:     2    Time step:   793
    Solving:  Stress period:     2    Time step:   794
    Solving:  Stress period:     2    Time step:   795
    Solving:  Stress period:     2    Time step:   796
    Solving:  Stress period:     2    Time step:   797
    Solving:  Stress period:     2    Time step:   798
    Solving:  Stress period:     2    Time step:   799
    Solving:  Stress period:     2    Time step:   800
    Solving:  Stress period:     2    Time step:   801
    Solving:  Stress period:     2    Time step:   802
    Solving:  Stress period:     2    Time step:   803
    Solving:  Stress period:     2    Time step:   804
    Solving:  Stress period:     2    Time step:   805
    Solving:  Stress period:     2    Time step:   806
    Solving:  Stress period:     2    Time step:   807
    Solving:  Stress period:     2    Time step:   808
    Solving:  Stress period:     2    Time step:   809
    Solving:  Stress period:     2    Time step:   810
    Solving:  Stress period:     2    Time step:   811
    Solving:  Stress period:     2    Time step:   812
    Solving:  Stress period:     2    Time step:   813
    Solving:  Stress period:     2    Time step:   814
    Solving:  Stress period:     2    Time step:   815
    Solving:  Stress period:     2    Time step:   816
    Solving:  Stress period:     2    Time step:   817
    Solving:  Stress period:     2    Time step:   818
    Solving:  Stress period:     2    Time step:   819
    Solving:  Stress period:     2    Time step:   820
    Solving:  Stress period:     2    Time step:   821
    Solving:  Stress period:     2    Time step:   822
    Solving:  Stress period:     2    Time step:   823
    Solving:  Stress period:     2    Time step:   824
    Solving:  Stress period:     2    Time step:   825
    Solving:  Stress period:     2    Time step:   826
    Solving:  Stress period:     2    Time step:   827
    Solving:  Stress period:     2    Time step:   828
    Solving:  Stress period:     2    Time step:   829
    Solving:  Stress period:     2    Time step:   830
    Solving:  Stress period:     2    Time step:   831
    Solving:  Stress period:     2    Time step:   832
    Solving:  Stress period:     2    Time step:   833
    Solving:  Stress period:     2    Time step:   834
    Solving:  Stress period:     2    Time step:   835
    Solving:  Stress period:     2    Time step:   836
    Solving:  Stress period:     2    Time step:   837
    Solving:  Stress period:     2    Time step:   838
    Solving:  Stress period:     2    Time step:   839
    Solving:  Stress period:     2    Time step:   840
    Solving:  Stress period:     2    Time step:   841
    Solving:  Stress period:     2    Time step:   842
    Solving:  Stress period:     2    Time step:   843
    Solving:  Stress period:     2    Time step:   844
    Solving:  Stress period:     2    Time step:   845
    Solving:  Stress period:     2    Time step:   846
    Solving:  Stress period:     2    Time step:   847
    Solving:  Stress period:     2    Time step:   848
    Solving:  Stress period:     2    Time step:   849
    Solving:  Stress period:     2    Time step:   850
    Solving:  Stress period:     2    Time step:   851
    Solving:  Stress period:     2    Time step:   852
    Solving:  Stress period:     2    Time step:   853
    Solving:  Stress period:     2    Time step:   854
    Solving:  Stress period:     2    Time step:   855
    Solving:  Stress period:     2    Time step:   856
    Solving:  Stress period:     2    Time step:   857
    Solving:  Stress period:     2    Time step:   858
    Solving:  Stress period:     2    Time step:   859
    Solving:  Stress period:     2    Time step:   860
    Solving:  Stress period:     2    Time step:   861
    Solving:  Stress period:     2    Time step:   862
    Solving:  Stress period:     2    Time step:   863
    Solving:  Stress period:     2    Time step:   864
    Solving:  Stress period:     2    Time step:   865
    Solving:  Stress period:     2    Time step:   866
    Solving:  Stress period:     2    Time step:   867
    Solving:  Stress period:     2    Time step:   868
    Solving:  Stress period:     2    Time step:   869
    Solving:  Stress period:     2    Time step:   870
    Solving:  Stress period:     2    Time step:   871
    Solving:  Stress period:     2    Time step:   872
    Solving:  Stress period:     2    Time step:   873
    Solving:  Stress period:     2    Time step:   874
    Solving:  Stress period:     2    Time step:   875
    Solving:  Stress period:     2    Time step:   876
    Solving:  Stress period:     2    Time step:   877
    Solving:  Stress period:     2    Time step:   878
    Solving:  Stress period:     2    Time step:   879
    Solving:  Stress period:     2    Time step:   880
    Solving:  Stress period:     2    Time step:   881
    Solving:  Stress period:     2    Time step:   882
    Solving:  Stress period:     2    Time step:   883
    Solving:  Stress period:     2    Time step:   884
    Solving:  Stress period:     2    Time step:   885
    Solving:  Stress period:     2    Time step:   886
    Solving:  Stress period:     2    Time step:   887
    Solving:  Stress period:     2    Time step:   888
    Solving:  Stress period:     2    Time step:   889
    Solving:  Stress period:     2    Time step:   890
    Solving:  Stress period:     2    Time step:   891
    Solving:  Stress period:     2    Time step:   892
    Solving:  Stress period:     2    Time step:   893
    Solving:  Stress period:     2    Time step:   894
    Solving:  Stress period:     2    Time step:   895
    Solving:  Stress period:     2    Time step:   896
    Solving:  Stress period:     2    Time step:   897
    Solving:  Stress period:     2    Time step:   898
    Solving:  Stress period:     2    Time step:   899
    Solving:  Stress period:     2    Time step:   900
    Solving:  Stress period:     2    Time step:   901
    Solving:  Stress period:     2    Time step:   902
    Solving:  Stress period:     2    Time step:   903
    Solving:  Stress period:     2    Time step:   904
    Solving:  Stress period:     2    Time step:   905
    Solving:  Stress period:     2    Time step:   906
    Solving:  Stress period:     2    Time step:   907
    Solving:  Stress period:     2    Time step:   908
    Solving:  Stress period:     2    Time step:   909
    Solving:  Stress period:     2    Time step:   910
    Solving:  Stress period:     2    Time step:   911
    Solving:  Stress period:     2    Time step:   912
    Solving:  Stress period:     2    Time step:   913
    Solving:  Stress period:     2    Time step:   914
    Solving:  Stress period:     2    Time step:   915
    Solving:  Stress period:     2    Time step:   916
    Solving:  Stress period:     2    Time step:   917
    Solving:  Stress period:     2    Time step:   918
    Solving:  Stress period:     2    Time step:   919
    Solving:  Stress period:     2    Time step:   920
    Solving:  Stress period:     2    Time step:   921
    Solving:  Stress period:     2    Time step:   922
    Solving:  Stress period:     2    Time step:   923
    Solving:  Stress period:     2    Time step:   924
    Solving:  Stress period:     2    Time step:   925
    Solving:  Stress period:     2    Time step:   926
    Solving:  Stress period:     2    Time step:   927
    Solving:  Stress period:     2    Time step:   928
    Solving:  Stress period:     2    Time step:   929
    Solving:  Stress period:     2    Time step:   930
    Solving:  Stress period:     2    Time step:   931
    Solving:  Stress period:     2    Time step:   932
    Solving:  Stress period:     2    Time step:   933
    Solving:  Stress period:     2    Time step:   934
    Solving:  Stress period:     2    Time step:   935
    Solving:  Stress period:     2    Time step:   936
    Solving:  Stress period:     2    Time step:   937
    Solving:  Stress period:     2    Time step:   938
    Solving:  Stress period:     2    Time step:   939
    Solving:  Stress period:     2    Time step:   940
    Solving:  Stress period:     2    Time step:   941
    Solving:  Stress period:     2    Time step:   942
    Solving:  Stress period:     2    Time step:   943
    Solving:  Stress period:     2    Time step:   944
    Solving:  Stress period:     2    Time step:   945
    Solving:  Stress period:     2    Time step:   946
    Solving:  Stress period:     2    Time step:   947
    Solving:  Stress period:     2    Time step:   948
    Solving:  Stress period:     2    Time step:   949
    Solving:  Stress period:     2    Time step:   950
    Solving:  Stress period:     2    Time step:   951
    Solving:  Stress period:     2    Time step:   952
    Solving:  Stress period:     2    Time step:   953
    Solving:  Stress period:     2    Time step:   954
    Solving:  Stress period:     2    Time step:   955
    Solving:  Stress period:     2    Time step:   956
    Solving:  Stress period:     2    Time step:   957
    Solving:  Stress period:     2    Time step:   958
    Solving:  Stress period:     2    Time step:   959
    Solving:  Stress period:     2    Time step:   960
    Solving:  Stress period:     2    Time step:   961
    Solving:  Stress period:     2    Time step:   962
    Solving:  Stress period:     2    Time step:   963
    Solving:  Stress period:     2    Time step:   964
    Solving:  Stress period:     2    Time step:   965
    Solving:  Stress period:     2    Time step:   966
    Solving:  Stress period:     2    Time step:   967
    Solving:  Stress period:     2    Time step:   968
    Solving:  Stress period:     2    Time step:   969
    Solving:  Stress period:     2    Time step:   970
    Solving:  Stress period:     2    Time step:   971
    Solving:  Stress period:     2    Time step:   972
    Solving:  Stress period:     2    Time step:   973
    Solving:  Stress period:     2    Time step:   974
    Solving:  Stress period:     2    Time step:   975
    Solving:  Stress period:     2    Time step:   976
    Solving:  Stress period:     2    Time step:   977
    Solving:  Stress period:     2    Time step:   978
    Solving:  Stress period:     2    Time step:   979
    Solving:  Stress period:     2    Time step:   980
    Solving:  Stress period:     2    Time step:   981
    Solving:  Stress period:     2    Time step:   982
    Solving:  Stress period:     2    Time step:   983
    Solving:  Stress period:     2    Time step:   984
    Solving:  Stress period:     2    Time step:   985
    Solving:  Stress period:     2    Time step:   986
    Solving:  Stress period:     2    Time step:   987
    Solving:  Stress period:     2    Time step:   988
    Solving:  Stress period:     2    Time step:   989
    Solving:  Stress period:     2    Time step:   990
    Solving:  Stress period:     2    Time step:   991
    Solving:  Stress period:     2    Time step:   992
    Solving:  Stress period:     2    Time step:   993
    Solving:  Stress period:     2    Time step:   994
    Solving:  Stress period:     2    Time step:   995
    Solving:  Stress period:     2    Time step:   996
    Solving:  Stress period:     2    Time step:   997
    Solving:  Stress period:     2    Time step:   998
    Solving:  Stress period:     2    Time step:   999
    Solving:  Stress period:     2    Time step:  1000
    Solving:  Stress period:     2    Time step:  1001
    Solving:  Stress period:     2    Time step:  1002
    Solving:  Stress period:     2    Time step:  1003
    Solving:  Stress period:     2    Time step:  1004
    Solving:  Stress period:     2    Time step:  1005
    Solving:  Stress period:     2    Time step:  1006
    Solving:  Stress period:     2    Time step:  1007
    Solving:  Stress period:     2    Time step:  1008
    Solving:  Stress period:     2    Time step:  1009
    Solving:  Stress period:     2    Time step:  1010
    Solving:  Stress period:     2    Time step:  1011
    Solving:  Stress period:     2    Time step:  1012
    Solving:  Stress period:     2    Time step:  1013
    Solving:  Stress period:     2    Time step:  1014
    Solving:  Stress period:     2    Time step:  1015
    Solving:  Stress period:     2    Time step:  1016
    Solving:  Stress period:     2    Time step:  1017
    Solving:  Stress period:     2    Time step:  1018
    Solving:  Stress period:     2    Time step:  1019
    Solving:  Stress period:     2    Time step:  1020
    Solving:  Stress period:     2    Time step:  1021
    Solving:  Stress period:     2    Time step:  1022
    Solving:  Stress period:     2    Time step:  1023
    Solving:  Stress period:     2    Time step:  1024
    Solving:  Stress period:     2    Time step:  1025
    Solving:  Stress period:     2    Time step:  1026
    Solving:  Stress period:     2    Time step:  1027
    Solving:  Stress period:     2    Time step:  1028
    Solving:  Stress period:     2    Time step:  1029
    Solving:  Stress period:     2    Time step:  1030
    Solving:  Stress period:     2    Time step:  1031
    Solving:  Stress period:     2    Time step:  1032
    Solving:  Stress period:     2    Time step:  1033
    Solving:  Stress period:     2    Time step:  1034
    Solving:  Stress period:     2    Time step:  1035
    Solving:  Stress period:     2    Time step:  1036
    Solving:  Stress period:     2    Time step:  1037
    Solving:  Stress period:     2    Time step:  1038
    Solving:  Stress period:     2    Time step:  1039
    Solving:  Stress period:     2    Time step:  1040
    Solving:  Stress period:     2    Time step:  1041
    Solving:  Stress period:     2    Time step:  1042
    Solving:  Stress period:     2    Time step:  1043
    Solving:  Stress period:     2    Time step:  1044
    Solving:  Stress period:     2    Time step:  1045
    Solving:  Stress period:     2    Time step:  1046
    Solving:  Stress period:     2    Time step:  1047
    Solving:  Stress period:     2    Time step:  1048
    Solving:  Stress period:     2    Time step:  1049
    Solving:  Stress period:     2    Time step:  1050
    Solving:  Stress period:     2    Time step:  1051
    Solving:  Stress period:     2    Time step:  1052
    Solving:  Stress period:     2    Time step:  1053
    Solving:  Stress period:     2    Time step:  1054
    Solving:  Stress period:     2    Time step:  1055
    Solving:  Stress period:     2    Time step:  1056
    Solving:  Stress period:     2    Time step:  1057
    Solving:  Stress period:     2    Time step:  1058
    Solving:  Stress period:     2    Time step:  1059
    Solving:  Stress period:     2    Time step:  1060
    Solving:  Stress period:     2    Time step:  1061
    Solving:  Stress period:     2    Time step:  1062
    Solving:  Stress period:     2    Time step:  1063
    Solving:  Stress period:     2    Time step:  1064
    Solving:  Stress period:     2    Time step:  1065
    Solving:  Stress period:     2    Time step:  1066
    Solving:  Stress period:     2    Time step:  1067
    Solving:  Stress period:     2    Time step:  1068
    Solving:  Stress period:     2    Time step:  1069
    Solving:  Stress period:     2    Time step:  1070
    Solving:  Stress period:     2    Time step:  1071
    Solving:  Stress period:     2    Time step:  1072
    Solving:  Stress period:     2    Time step:  1073
    Solving:  Stress period:     2    Time step:  1074
    Solving:  Stress period:     2    Time step:  1075
    Solving:  Stress period:     2    Time step:  1076
    Solving:  Stress period:     2    Time step:  1077
    Solving:  Stress period:     2    Time step:  1078
    Solving:  Stress period:     2    Time step:  1079
    Solving:  Stress period:     2    Time step:  1080
    Solving:  Stress period:     2    Time step:  1081
    Solving:  Stress period:     2    Time step:  1082
    Solving:  Stress period:     2    Time step:  1083
    Solving:  Stress period:     2    Time step:  1084
    Solving:  Stress period:     2    Time step:  1085
    Solving:  Stress period:     2    Time step:  1086
    Solving:  Stress period:     2    Time step:  1087
    Solving:  Stress period:     2    Time step:  1088
    Solving:  Stress period:     2    Time step:  1089
    Solving:  Stress period:     2    Time step:  1090
    Solving:  Stress period:     2    Time step:  1091
    Solving:  Stress period:     2    Time step:  1092
    Solving:  Stress period:     2    Time step:  1093
    Solving:  Stress period:     2    Time step:  1094
    Solving:  Stress period:     2    Time step:  1095
    Solving:  Stress period:     2    Time step:  1096
    Solving:  Stress period:     2    Time step:  1097
    Solving:  Stress period:     2    Time step:  1098
    Solving:  Stress period:     2    Time step:  1099
    Solving:  Stress period:     2    Time step:  1100
    Solving:  Stress period:     2    Time step:  1101
    Solving:  Stress period:     2    Time step:  1102
    Solving:  Stress period:     2    Time step:  1103
    Solving:  Stress period:     2    Time step:  1104
    Solving:  Stress period:     2    Time step:  1105
    Solving:  Stress period:     2    Time step:  1106
    Solving:  Stress period:     2    Time step:  1107
    Solving:  Stress period:     2    Time step:  1108
    Solving:  Stress period:     2    Time step:  1109
    Solving:  Stress period:     2    Time step:  1110
    Solving:  Stress period:     2    Time step:  1111
    Solving:  Stress period:     2    Time step:  1112
    Solving:  Stress period:     2    Time step:  1113
    Solving:  Stress period:     2    Time step:  1114
    Solving:  Stress period:     2    Time step:  1115
    Solving:  Stress period:     2    Time step:  1116
    Solving:  Stress period:     2    Time step:  1117
    Solving:  Stress period:     2    Time step:  1118
    Solving:  Stress period:     2    Time step:  1119
    Solving:  Stress period:     2    Time step:  1120
    Solving:  Stress period:     2    Time step:  1121
    Solving:  Stress period:     2    Time step:  1122
    Solving:  Stress period:     2    Time step:  1123
    Solving:  Stress period:     2    Time step:  1124
    Solving:  Stress period:     2    Time step:  1125
    Solving:  Stress period:     2    Time step:  1126
    Solving:  Stress period:     2    Time step:  1127
    Solving:  Stress period:     2    Time step:  1128
    Solving:  Stress period:     2    Time step:  1129
    Solving:  Stress period:     2    Time step:  1130
    Solving:  Stress period:     2    Time step:  1131
    Solving:  Stress period:     2    Time step:  1132
    Solving:  Stress period:     2    Time step:  1133
    Solving:  Stress period:     2    Time step:  1134
    Solving:  Stress period:     2    Time step:  1135
    Solving:  Stress period:     2    Time step:  1136
    Solving:  Stress period:     2    Time step:  1137
    Solving:  Stress period:     2    Time step:  1138
    Solving:  Stress period:     2    Time step:  1139
    Solving:  Stress period:     2    Time step:  1140
    Solving:  Stress period:     2    Time step:  1141
    Solving:  Stress period:     2    Time step:  1142
    Solving:  Stress period:     2    Time step:  1143
    Solving:  Stress period:     2    Time step:  1144
    Solving:  Stress period:     2    Time step:  1145
    Solving:  Stress period:     2    Time step:  1146
    Solving:  Stress period:     2    Time step:  1147
    Solving:  Stress period:     2    Time step:  1148
    Solving:  Stress period:     2    Time step:  1149
    Solving:  Stress period:     2    Time step:  1150
    Solving:  Stress period:     2    Time step:  1151
    Solving:  Stress period:     2    Time step:  1152
    Solving:  Stress period:     2    Time step:  1153
    Solving:  Stress period:     2    Time step:  1154
    Solving:  Stress period:     2    Time step:  1155
    Solving:  Stress period:     2    Time step:  1156
    Solving:  Stress period:     2    Time step:  1157
    Solving:  Stress period:     2    Time step:  1158
    Solving:  Stress period:     2    Time step:  1159
    Solving:  Stress period:     2    Time step:  1160
    Solving:  Stress period:     2    Time step:  1161
    Solving:  Stress period:     2    Time step:  1162
    Solving:  Stress period:     2    Time step:  1163
    Solving:  Stress period:     2    Time step:  1164
    Solving:  Stress period:     2    Time step:  1165
    Solving:  Stress period:     2    Time step:  1166
    Solving:  Stress period:     2    Time step:  1167
    Solving:  Stress period:     2    Time step:  1168
    Solving:  Stress period:     2    Time step:  1169
    Solving:  Stress period:     2    Time step:  1170
    Solving:  Stress period:     2    Time step:  1171
    Solving:  Stress period:     2    Time step:  1172
    Solving:  Stress period:     2    Time step:  1173
    Solving:  Stress period:     2    Time step:  1174
    Solving:  Stress period:     2    Time step:  1175
    Solving:  Stress period:     2    Time step:  1176
    Solving:  Stress period:     2    Time step:  1177
    Solving:  Stress period:     2    Time step:  1178
    Solving:  Stress period:     2    Time step:  1179
    Solving:  Stress period:     2    Time step:  1180
    Solving:  Stress period:     2    Time step:  1181
    Solving:  Stress period:     2    Time step:  1182
    Solving:  Stress period:     2    Time step:  1183
    Solving:  Stress period:     2    Time step:  1184
    Solving:  Stress period:     2    Time step:  1185
    Solving:  Stress period:     2    Time step:  1186
    Solving:  Stress period:     2    Time step:  1187
    Solving:  Stress period:     2    Time step:  1188
    Solving:  Stress period:     2    Time step:  1189
    Solving:  Stress period:     2    Time step:  1190
    Solving:  Stress period:     2    Time step:  1191
    Solving:  Stress period:     2    Time step:  1192
    Solving:  Stress period:     2    Time step:  1193
    Solving:  Stress period:     2    Time step:  1194
    Solving:  Stress period:     2    Time step:  1195
    Solving:  Stress period:     2    Time step:  1196
    Solving:  Stress period:     2    Time step:  1197
    Solving:  Stress period:     2    Time step:  1198
    Solving:  Stress period:     2    Time step:  1199
    Solving:  Stress period:     2    Time step:  1200
    Solving:  Stress period:     2    Time step:  1201
    Solving:  Stress period:     2    Time step:  1202
    Solving:  Stress period:     2    Time step:  1203
    Solving:  Stress period:     2    Time step:  1204
    Solving:  Stress period:     2    Time step:  1205
    Solving:  Stress period:     2    Time step:  1206
    Solving:  Stress period:     2    Time step:  1207
    Solving:  Stress period:     2    Time step:  1208
    Solving:  Stress period:     2    Time step:  1209
    Solving:  Stress period:     2    Time step:  1210
    Solving:  Stress period:     2    Time step:  1211
    Solving:  Stress period:     2    Time step:  1212
    Solving:  Stress period:     2    Time step:  1213
    Solving:  Stress period:     2    Time step:  1214
    Solving:  Stress period:     2    Time step:  1215
    Solving:  Stress period:     2    Time step:  1216
    Solving:  Stress period:     2    Time step:  1217
    Solving:  Stress period:     2    Time step:  1218
    Solving:  Stress period:     2    Time step:  1219
    Solving:  Stress period:     2    Time step:  1220
    Solving:  Stress period:     2    Time step:  1221
    Solving:  Stress period:     2    Time step:  1222
    Solving:  Stress period:     2    Time step:  1223
    Solving:  Stress period:     2    Time step:  1224
    Solving:  Stress period:     2    Time step:  1225
    Solving:  Stress period:     2    Time step:  1226
    Solving:  Stress period:     2    Time step:  1227
    Solving:  Stress period:     2    Time step:  1228
    Solving:  Stress period:     2    Time step:  1229
    Solving:  Stress period:     2    Time step:  1230
    Solving:  Stress period:     2    Time step:  1231
    Solving:  Stress period:     2    Time step:  1232
    Solving:  Stress period:     2    Time step:  1233
    Solving:  Stress period:     2    Time step:  1234
    Solving:  Stress period:     2    Time step:  1235
    Solving:  Stress period:     2    Time step:  1236
    Solving:  Stress period:     2    Time step:  1237
    Solving:  Stress period:     2    Time step:  1238
    Solving:  Stress period:     2    Time step:  1239
    Solving:  Stress period:     2    Time step:  1240
    Solving:  Stress period:     2    Time step:  1241
    Solving:  Stress period:     2    Time step:  1242
    Solving:  Stress period:     2    Time step:  1243
    Solving:  Stress period:     2    Time step:  1244
    Solving:  Stress period:     2    Time step:  1245
    Solving:  Stress period:     2    Time step:  1246
    Solving:  Stress period:     2    Time step:  1247
    Solving:  Stress period:     2    Time step:  1248
    Solving:  Stress period:     2    Time step:  1249
    Solving:  Stress period:     2    Time step:  1250
    Solving:  Stress period:     2    Time step:  1251
    Solving:  Stress period:     2    Time step:  1252
    Solving:  Stress period:     2    Time step:  1253
    Solving:  Stress period:     2    Time step:  1254
    Solving:  Stress period:     2    Time step:  1255
    Solving:  Stress period:     2    Time step:  1256
    Solving:  Stress period:     2    Time step:  1257
    Solving:  Stress period:     2    Time step:  1258
    Solving:  Stress period:     2    Time step:  1259
    Solving:  Stress period:     2    Time step:  1260
    Solving:  Stress period:     2    Time step:  1261
    Solving:  Stress period:     2    Time step:  1262
    Solving:  Stress period:     2    Time step:  1263
    Solving:  Stress period:     2    Time step:  1264
    Solving:  Stress period:     2    Time step:  1265
    Solving:  Stress period:     2    Time step:  1266
    Solving:  Stress period:     2    Time step:  1267
    Solving:  Stress period:     2    Time step:  1268
    Solving:  Stress period:     2    Time step:  1269
    Solving:  Stress period:     2    Time step:  1270
    Solving:  Stress period:     2    Time step:  1271
    Solving:  Stress period:     2    Time step:  1272
    Solving:  Stress period:     2    Time step:  1273
    Solving:  Stress period:     2    Time step:  1274
    Solving:  Stress period:     2    Time step:  1275
    Solving:  Stress period:     2    Time step:  1276
    Solving:  Stress period:     2    Time step:  1277
    Solving:  Stress period:     2    Time step:  1278
    Solving:  Stress period:     2    Time step:  1279
    Solving:  Stress period:     2    Time step:  1280
    Solving:  Stress period:     2    Time step:  1281
    Solving:  Stress period:     2    Time step:  1282
    Solving:  Stress period:     2    Time step:  1283
    Solving:  Stress period:     2    Time step:  1284
    Solving:  Stress period:     2    Time step:  1285
    Solving:  Stress period:     2    Time step:  1286
    Solving:  Stress period:     2    Time step:  1287
    Solving:  Stress period:     2    Time step:  1288
    Solving:  Stress period:     2    Time step:  1289
    Solving:  Stress period:     2    Time step:  1290
    Solving:  Stress period:     2    Time step:  1291
    Solving:  Stress period:     2    Time step:  1292
    Solving:  Stress period:     2    Time step:  1293
    Solving:  Stress period:     2    Time step:  1294
    Solving:  Stress period:     2    Time step:  1295
    Solving:  Stress period:     2    Time step:  1296
    Solving:  Stress period:     2    Time step:  1297
    Solving:  Stress period:     2    Time step:  1298
    Solving:  Stress period:     2    Time step:  1299
    Solving:  Stress period:     2    Time step:  1300
    Solving:  Stress period:     2    Time step:  1301
    Solving:  Stress period:     2    Time step:  1302
    Solving:  Stress period:     2    Time step:  1303
    Solving:  Stress period:     2    Time step:  1304
    Solving:  Stress period:     2    Time step:  1305
    Solving:  Stress period:     2    Time step:  1306
    Solving:  Stress period:     2    Time step:  1307
    Solving:  Stress period:     2    Time step:  1308
    Solving:  Stress period:     2    Time step:  1309
    Solving:  Stress period:     2    Time step:  1310
    Solving:  Stress period:     2    Time step:  1311
    Solving:  Stress period:     2    Time step:  1312
    Solving:  Stress period:     2    Time step:  1313
    Solving:  Stress period:     2    Time step:  1314
    Solving:  Stress period:     2    Time step:  1315
    Solving:  Stress period:     2    Time step:  1316
    Solving:  Stress period:     2    Time step:  1317
    Solving:  Stress period:     2    Time step:  1318
    Solving:  Stress period:     2    Time step:  1319
    Solving:  Stress period:     2    Time step:  1320
    Solving:  Stress period:     2    Time step:  1321
    Solving:  Stress period:     2    Time step:  1322
    Solving:  Stress period:     2    Time step:  1323
    Solving:  Stress period:     2    Time step:  1324
    Solving:  Stress period:     2    Time step:  1325
    Solving:  Stress period:     2    Time step:  1326
    Solving:  Stress period:     2    Time step:  1327
    Solving:  Stress period:     2    Time step:  1328
    Solving:  Stress period:     2    Time step:  1329
    Solving:  Stress period:     2    Time step:  1330
    Solving:  Stress period:     2    Time step:  1331
    Solving:  Stress period:     2    Time step:  1332
    Solving:  Stress period:     2    Time step:  1333
    Solving:  Stress period:     2    Time step:  1334
    Solving:  Stress period:     2    Time step:  1335
    Solving:  Stress period:     2    Time step:  1336
    Solving:  Stress period:     2    Time step:  1337
    Solving:  Stress period:     2    Time step:  1338
    Solving:  Stress period:     2    Time step:  1339
    Solving:  Stress period:     2    Time step:  1340
    Solving:  Stress period:     2    Time step:  1341
    Solving:  Stress period:     2    Time step:  1342
    Solving:  Stress period:     2    Time step:  1343
    Solving:  Stress period:     2    Time step:  1344
    Solving:  Stress period:     2    Time step:  1345
    Solving:  Stress period:     2    Time step:  1346
    Solving:  Stress period:     2    Time step:  1347
    Solving:  Stress period:     2    Time step:  1348
    Solving:  Stress period:     2    Time step:  1349
    Solving:  Stress period:     2    Time step:  1350
    Solving:  Stress period:     2    Time step:  1351
    Solving:  Stress period:     2    Time step:  1352
    Solving:  Stress period:     2    Time step:  1353
    Solving:  Stress period:     2    Time step:  1354
    Solving:  Stress period:     2    Time step:  1355
    Solving:  Stress period:     2    Time step:  1356
    Solving:  Stress period:     2    Time step:  1357
    Solving:  Stress period:     2    Time step:  1358
    Solving:  Stress period:     2    Time step:  1359
    Solving:  Stress period:     2    Time step:  1360
    Solving:  Stress period:     2    Time step:  1361
    Solving:  Stress period:     2    Time step:  1362
    Solving:  Stress period:     2    Time step:  1363
    Solving:  Stress period:     2    Time step:  1364
    Solving:  Stress period:     2    Time step:  1365
    Solving:  Stress period:     2    Time step:  1366
    Solving:  Stress period:     2    Time step:  1367
    Solving:  Stress period:     2    Time step:  1368
    Solving:  Stress period:     2    Time step:  1369
    Solving:  Stress period:     2    Time step:  1370
    Solving:  Stress period:     2    Time step:  1371
    Solving:  Stress period:     2    Time step:  1372
    Solving:  Stress period:     2    Time step:  1373
    Solving:  Stress period:     2    Time step:  1374
    Solving:  Stress period:     2    Time step:  1375
    Solving:  Stress period:     2    Time step:  1376
    Solving:  Stress period:     2    Time step:  1377
    Solving:  Stress period:     2    Time step:  1378
    Solving:  Stress period:     2    Time step:  1379
    Solving:  Stress period:     2    Time step:  1380
    Solving:  Stress period:     2    Time step:  1381
    Solving:  Stress period:     2    Time step:  1382
    Solving:  Stress period:     2    Time step:  1383
    Solving:  Stress period:     2    Time step:  1384
    Solving:  Stress period:     2    Time step:  1385
    Solving:  Stress period:     2    Time step:  1386
    Solving:  Stress period:     2    Time step:  1387
    Solving:  Stress period:     2    Time step:  1388
    Solving:  Stress period:     2    Time step:  1389
    Solving:  Stress period:     2    Time step:  1390
    Solving:  Stress period:     2    Time step:  1391
    Solving:  Stress period:     2    Time step:  1392
    Solving:  Stress period:     2    Time step:  1393
    Solving:  Stress period:     2    Time step:  1394
    Solving:  Stress period:     2    Time step:  1395
    Solving:  Stress period:     2    Time step:  1396
    Solving:  Stress period:     2    Time step:  1397
    Solving:  Stress period:     2    Time step:  1398
    Solving:  Stress period:     2    Time step:  1399
    Solving:  Stress period:     2    Time step:  1400
    Solving:  Stress period:     2    Time step:  1401
    Solving:  Stress period:     2    Time step:  1402
    Solving:  Stress period:     2    Time step:  1403
    Solving:  Stress period:     2    Time step:  1404
    Solving:  Stress period:     2    Time step:  1405
    Solving:  Stress period:     2    Time step:  1406
    Solving:  Stress period:     2    Time step:  1407
    Solving:  Stress period:     2    Time step:  1408
    Solving:  Stress period:     2    Time step:  1409
    Solving:  Stress period:     2    Time step:  1410
    Solving:  Stress period:     2    Time step:  1411
    Solving:  Stress period:     2    Time step:  1412
    Solving:  Stress period:     2    Time step:  1413
    Solving:  Stress period:     2    Time step:  1414
    Solving:  Stress period:     2    Time step:  1415
    Solving:  Stress period:     2    Time step:  1416
    Solving:  Stress period:     2    Time step:  1417
    Solving:  Stress period:     2    Time step:  1418
    Solving:  Stress period:     2    Time step:  1419
    Solving:  Stress period:     2    Time step:  1420
    Solving:  Stress period:     2    Time step:  1421
    Solving:  Stress period:     2    Time step:  1422
    Solving:  Stress period:     2    Time step:  1423
    Solving:  Stress period:     2    Time step:  1424
    Solving:  Stress period:     2    Time step:  1425
    Solving:  Stress period:     2    Time step:  1426
    Solving:  Stress period:     2    Time step:  1427
    Solving:  Stress period:     2    Time step:  1428
    Solving:  Stress period:     2    Time step:  1429
    Solving:  Stress period:     2    Time step:  1430
    Solving:  Stress period:     2    Time step:  1431
    Solving:  Stress period:     2    Time step:  1432
    Solving:  Stress period:     2    Time step:  1433
    Solving:  Stress period:     2    Time step:  1434
    Solving:  Stress period:     2    Time step:  1435
    Solving:  Stress period:     2    Time step:  1436
    Solving:  Stress period:     2    Time step:  1437
    Solving:  Stress period:     2    Time step:  1438
    Solving:  Stress period:     2    Time step:  1439
    Solving:  Stress period:     2    Time step:  1440
    Solving:  Stress period:     2    Time step:  1441
    Solving:  Stress period:     2    Time step:  1442
    Solving:  Stress period:     2    Time step:  1443
    Solving:  Stress period:     2    Time step:  1444
    Solving:  Stress period:     2    Time step:  1445
    Solving:  Stress period:     2    Time step:  1446
    Solving:  Stress period:     2    Time step:  1447
    Solving:  Stress period:     2    Time step:  1448
    Solving:  Stress period:     2    Time step:  1449
    Solving:  Stress period:     2    Time step:  1450
    Solving:  Stress period:     2    Time step:  1451
    Solving:  Stress period:     2    Time step:  1452
    Solving:  Stress period:     2    Time step:  1453
    Solving:  Stress period:     2    Time step:  1454
    Solving:  Stress period:     2    Time step:  1455
    Solving:  Stress period:     2    Time step:  1456
    Solving:  Stress period:     2    Time step:  1457
    Solving:  Stress period:     2    Time step:  1458
    Solving:  Stress period:     2    Time step:  1459
    Solving:  Stress period:     2    Time step:  1460
    Solving:  Stress period:     2    Time step:  1461
    Solving:  Stress period:     2    Time step:  1462
    Solving:  Stress period:     2    Time step:  1463
    Solving:  Stress period:     2    Time step:  1464
    Solving:  Stress period:     2    Time step:  1465
    Solving:  Stress period:     2    Time step:  1466
    Solving:  Stress period:     2    Time step:  1467
    Solving:  Stress period:     2    Time step:  1468
    Solving:  Stress period:     2    Time step:  1469
    Solving:  Stress period:     2    Time step:  1470
    Solving:  Stress period:     2    Time step:  1471
    Solving:  Stress period:     2    Time step:  1472
    Solving:  Stress period:     2    Time step:  1473
    Solving:  Stress period:     2    Time step:  1474
    Solving:  Stress period:     2    Time step:  1475
    Solving:  Stress period:     2    Time step:  1476
    Solving:  Stress period:     2    Time step:  1477
    Solving:  Stress period:     2    Time step:  1478
    Solving:  Stress period:     2    Time step:  1479
    Solving:  Stress period:     2    Time step:  1480
    Solving:  Stress period:     2    Time step:  1481
    Solving:  Stress period:     2    Time step:  1482
    Solving:  Stress period:     2    Time step:  1483
    Solving:  Stress period:     2    Time step:  1484
    Solving:  Stress period:     2    Time step:  1485
    Solving:  Stress period:     2    Time step:  1486
    Solving:  Stress period:     2    Time step:  1487
    Solving:  Stress period:     2    Time step:  1488
    Solving:  Stress period:     2    Time step:  1489
    Solving:  Stress period:     2    Time step:  1490
    Solving:  Stress period:     2    Time step:  1491
    Solving:  Stress period:     2    Time step:  1492
    Solving:  Stress period:     2    Time step:  1493
    Solving:  Stress period:     2    Time step:  1494
    Solving:  Stress period:     2    Time step:  1495
    Solving:  Stress period:     2    Time step:  1496
    Solving:  Stress period:     2    Time step:  1497
    Solving:  Stress period:     2    Time step:  1498
    Solving:  Stress period:     2    Time step:  1499
    Solving:  Stress period:     2    Time step:  1500
    Solving:  Stress period:     2    Time step:  1501
    Solving:  Stress period:     2    Time step:  1502
    Solving:  Stress period:     2    Time step:  1503
    Solving:  Stress period:     2    Time step:  1504
    Solving:  Stress period:     2    Time step:  1505
    Solving:  Stress period:     2    Time step:  1506
    Solving:  Stress period:     2    Time step:  1507
    Solving:  Stress period:     2    Time step:  1508
    Solving:  Stress period:     2    Time step:  1509
    Solving:  Stress period:     2    Time step:  1510
    Solving:  Stress period:     2    Time step:  1511
    Solving:  Stress period:     2    Time step:  1512
    Solving:  Stress period:     2    Time step:  1513
    Solving:  Stress period:     2    Time step:  1514
    Solving:  Stress period:     2    Time step:  1515
    Solving:  Stress period:     2    Time step:  1516
    Solving:  Stress period:     2    Time step:  1517
    Solving:  Stress period:     2    Time step:  1518
    Solving:  Stress period:     2    Time step:  1519
    Solving:  Stress period:     2    Time step:  1520
    Solving:  Stress period:     2    Time step:  1521
    Solving:  Stress period:     2    Time step:  1522
    Solving:  Stress period:     2    Time step:  1523
    Solving:  Stress period:     2    Time step:  1524
    Solving:  Stress period:     2    Time step:  1525
    Solving:  Stress period:     2    Time step:  1526
    Solving:  Stress period:     2    Time step:  1527
    Solving:  Stress period:     2    Time step:  1528
    Solving:  Stress period:     2    Time step:  1529
    Solving:  Stress period:     2    Time step:  1530
    Solving:  Stress period:     2    Time step:  1531
    Solving:  Stress period:     2    Time step:  1532
    Solving:  Stress period:     2    Time step:  1533
    Solving:  Stress period:     2    Time step:  1534
    Solving:  Stress period:     2    Time step:  1535
    Solving:  Stress period:     2    Time step:  1536
    Solving:  Stress period:     2    Time step:  1537
    Solving:  Stress period:     2    Time step:  1538
    Solving:  Stress period:     2    Time step:  1539
    Solving:  Stress period:     2    Time step:  1540
    Solving:  Stress period:     2    Time step:  1541
    Solving:  Stress period:     2    Time step:  1542
    Solving:  Stress period:     2    Time step:  1543
    Solving:  Stress period:     2    Time step:  1544
    Solving:  Stress period:     2    Time step:  1545
    Solving:  Stress period:     2    Time step:  1546
    Solving:  Stress period:     2    Time step:  1547
    Solving:  Stress period:     2    Time step:  1548
    Solving:  Stress period:     2    Time step:  1549
    Solving:  Stress period:     2    Time step:  1550
    Solving:  Stress period:     2    Time step:  1551
    Solving:  Stress period:     2    Time step:  1552
    Solving:  Stress period:     2    Time step:  1553
    Solving:  Stress period:     2    Time step:  1554
    Solving:  Stress period:     2    Time step:  1555
    Solving:  Stress period:     2    Time step:  1556
    Solving:  Stress period:     2    Time step:  1557
    Solving:  Stress period:     2    Time step:  1558
    Solving:  Stress period:     2    Time step:  1559
    Solving:  Stress period:     2    Time step:  1560
    Solving:  Stress period:     2    Time step:  1561
    Solving:  Stress period:     2    Time step:  1562
    Solving:  Stress period:     2    Time step:  1563
    Solving:  Stress period:     2    Time step:  1564
    Solving:  Stress period:     2    Time step:  1565
    Solving:  Stress period:     2    Time step:  1566
    Solving:  Stress period:     2    Time step:  1567
    Solving:  Stress period:     2    Time step:  1568
    Solving:  Stress period:     2    Time step:  1569
    Solving:  Stress period:     2    Time step:  1570
    Solving:  Stress period:     2    Time step:  1571
    Solving:  Stress period:     2    Time step:  1572
    Solving:  Stress period:     2    Time step:  1573
    Solving:  Stress period:     2    Time step:  1574
    Solving:  Stress period:     2    Time step:  1575
    Solving:  Stress period:     2    Time step:  1576
    Solving:  Stress period:     2    Time step:  1577
    Solving:  Stress period:     2    Time step:  1578
    Solving:  Stress period:     2    Time step:  1579
    Solving:  Stress period:     2    Time step:  1580
    Solving:  Stress period:     2    Time step:  1581
    Solving:  Stress period:     2    Time step:  1582
    Solving:  Stress period:     2    Time step:  1583
    Solving:  Stress period:     2    Time step:  1584
    Solving:  Stress period:     2    Time step:  1585
    Solving:  Stress period:     2    Time step:  1586
    Solving:  Stress period:     2    Time step:  1587
    Solving:  Stress period:     2    Time step:  1588
    Solving:  Stress period:     2    Time step:  1589
    Solving:  Stress period:     2    Time step:  1590
    Solving:  Stress period:     2    Time step:  1591
    Solving:  Stress period:     2    Time step:  1592
    Solving:  Stress period:     2    Time step:  1593
    Solving:  Stress period:     2    Time step:  1594
    Solving:  Stress period:     2    Time step:  1595
    Solving:  Stress period:     2    Time step:  1596
    Solving:  Stress period:     2    Time step:  1597
    Solving:  Stress period:     2    Time step:  1598
    Solving:  Stress period:     2    Time step:  1599
    Solving:  Stress period:     2    Time step:  1600
    Solving:  Stress period:     2    Time step:  1601
    Solving:  Stress period:     2    Time step:  1602
    Solving:  Stress period:     2    Time step:  1603
    Solving:  Stress period:     2    Time step:  1604
    Solving:  Stress period:     2    Time step:  1605
    Solving:  Stress period:     2    Time step:  1606
    Solving:  Stress period:     2    Time step:  1607
    Solving:  Stress period:     2    Time step:  1608
    Solving:  Stress period:     2    Time step:  1609
    Solving:  Stress period:     2    Time step:  1610
    Solving:  Stress period:     2    Time step:  1611
    Solving:  Stress period:     2    Time step:  1612
    Solving:  Stress period:     2    Time step:  1613
    Solving:  Stress period:     2    Time step:  1614
    Solving:  Stress period:     2    Time step:  1615
    Solving:  Stress period:     2    Time step:  1616
    Solving:  Stress period:     2    Time step:  1617
    Solving:  Stress period:     2    Time step:  1618
    Solving:  Stress period:     2    Time step:  1619
    Solving:  Stress period:     2    Time step:  1620
    Solving:  Stress period:     2    Time step:  1621
    Solving:  Stress period:     2    Time step:  1622
    Solving:  Stress period:     2    Time step:  1623
    Solving:  Stress period:     2    Time step:  1624
    Solving:  Stress period:     2    Time step:  1625
    Solving:  Stress period:     2    Time step:  1626
    Solving:  Stress period:     2    Time step:  1627
    Solving:  Stress period:     2    Time step:  1628
    Solving:  Stress period:     2    Time step:  1629
    Solving:  Stress period:     2    Time step:  1630
    Solving:  Stress period:     2    Time step:  1631
    Solving:  Stress period:     2    Time step:  1632
    Solving:  Stress period:     2    Time step:  1633
    Solving:  Stress period:     2    Time step:  1634
    Solving:  Stress period:     2    Time step:  1635
    Solving:  Stress period:     2    Time step:  1636
    Solving:  Stress period:     2    Time step:  1637
    Solving:  Stress period:     2    Time step:  1638
    Solving:  Stress period:     2    Time step:  1639
    Solving:  Stress period:     2    Time step:  1640
    Solving:  Stress period:     2    Time step:  1641
    Solving:  Stress period:     2    Time step:  1642
    Solving:  Stress period:     2    Time step:  1643
    Solving:  Stress period:     2    Time step:  1644
    Solving:  Stress period:     2    Time step:  1645
    Solving:  Stress period:     2    Time step:  1646
    Solving:  Stress period:     2    Time step:  1647
    Solving:  Stress period:     2    Time step:  1648
    Solving:  Stress period:     2    Time step:  1649
    Solving:  Stress period:     2    Time step:  1650
    Solving:  Stress period:     2    Time step:  1651
    Solving:  Stress period:     2    Time step:  1652
    Solving:  Stress period:     2    Time step:  1653
    Solving:  Stress period:     2    Time step:  1654
    Solving:  Stress period:     2    Time step:  1655
    Solving:  Stress period:     2    Time step:  1656
    Solving:  Stress period:     2    Time step:  1657
    Solving:  Stress period:     2    Time step:  1658
    Solving:  Stress period:     2    Time step:  1659
    Solving:  Stress period:     2    Time step:  1660
    Solving:  Stress period:     2    Time step:  1661
    Solving:  Stress period:     2    Time step:  1662
    Solving:  Stress period:     2    Time step:  1663
    Solving:  Stress period:     2    Time step:  1664
    Solving:  Stress period:     2    Time step:  1665
    Solving:  Stress period:     2    Time step:  1666
    Solving:  Stress period:     2    Time step:  1667
    Solving:  Stress period:     2    Time step:  1668
    Solving:  Stress period:     2    Time step:  1669
    Solving:  Stress period:     2    Time step:  1670
    Solving:  Stress period:     2    Time step:  1671
    Solving:  Stress period:     2    Time step:  1672
    Solving:  Stress period:     2    Time step:  1673
    Solving:  Stress period:     2    Time step:  1674
    Solving:  Stress period:     2    Time step:  1675
    Solving:  Stress period:     2    Time step:  1676
    Solving:  Stress period:     2    Time step:  1677
    Solving:  Stress period:     2    Time step:  1678
    Solving:  Stress period:     2    Time step:  1679
    Solving:  Stress period:     2    Time step:  1680
    Solving:  Stress period:     2    Time step:  1681
    Solving:  Stress period:     2    Time step:  1682
    Solving:  Stress period:     2    Time step:  1683
    Solving:  Stress period:     2    Time step:  1684
    Solving:  Stress period:     2    Time step:  1685
    Solving:  Stress period:     2    Time step:  1686
    Solving:  Stress period:     2    Time step:  1687
    Solving:  Stress period:     2    Time step:  1688
    Solving:  Stress period:     2    Time step:  1689
    Solving:  Stress period:     2    Time step:  1690
    Solving:  Stress period:     2    Time step:  1691
    Solving:  Stress period:     2    Time step:  1692
    Solving:  Stress period:     2    Time step:  1693
    Solving:  Stress period:     2    Time step:  1694
    Solving:  Stress period:     2    Time step:  1695
    Solving:  Stress period:     2    Time step:  1696
    Solving:  Stress period:     2    Time step:  1697
    Solving:  Stress period:     2    Time step:  1698
    Solving:  Stress period:     2    Time step:  1699
    Solving:  Stress period:     2    Time step:  1700
    Solving:  Stress period:     2    Time step:  1701
    Solving:  Stress period:     2    Time step:  1702
    Solving:  Stress period:     2    Time step:  1703
    Solving:  Stress period:     2    Time step:  1704
    Solving:  Stress period:     2    Time step:  1705
    Solving:  Stress period:     2    Time step:  1706
    Solving:  Stress period:     2    Time step:  1707
    Solving:  Stress period:     2    Time step:  1708
    Solving:  Stress period:     2    Time step:  1709
    Solving:  Stress period:     2    Time step:  1710
    Solving:  Stress period:     2    Time step:  1711
    Solving:  Stress period:     2    Time step:  1712
    Solving:  Stress period:     2    Time step:  1713
    Solving:  Stress period:     2    Time step:  1714
    Solving:  Stress period:     2    Time step:  1715
    Solving:  Stress period:     2    Time step:  1716
    Solving:  Stress period:     2    Time step:  1717
    Solving:  Stress period:     2    Time step:  1718
    Solving:  Stress period:     2    Time step:  1719
    Solving:  Stress period:     2    Time step:  1720
    Solving:  Stress period:     2    Time step:  1721
    Solving:  Stress period:     2    Time step:  1722
    Solving:  Stress period:     2    Time step:  1723
    Solving:  Stress period:     2    Time step:  1724
    Solving:  Stress period:     2    Time step:  1725
    Solving:  Stress period:     2    Time step:  1726
    Solving:  Stress period:     2    Time step:  1727
    Solving:  Stress period:     2    Time step:  1728
    Solving:  Stress period:     2    Time step:  1729
    Solving:  Stress period:     2    Time step:  1730
    Solving:  Stress period:     2    Time step:  1731
    Solving:  Stress period:     2    Time step:  1732
    Solving:  Stress period:     2    Time step:  1733
    Solving:  Stress period:     2    Time step:  1734
    Solving:  Stress period:     2    Time step:  1735
    Solving:  Stress period:     2    Time step:  1736
    Solving:  Stress period:     2    Time step:  1737
    Solving:  Stress period:     2    Time step:  1738
    Solving:  Stress period:     2    Time step:  1739
    Solving:  Stress period:     2    Time step:  1740
    Solving:  Stress period:     2    Time step:  1741
    Solving:  Stress period:     2    Time step:  1742
    Solving:  Stress period:     2    Time step:  1743
    Solving:  Stress period:     2    Time step:  1744
    Solving:  Stress period:     2    Time step:  1745
    Solving:  Stress period:     2    Time step:  1746
    Solving:  Stress period:     2    Time step:  1747
    Solving:  Stress period:     2    Time step:  1748
    Solving:  Stress period:     2    Time step:  1749
    Solving:  Stress period:     2    Time step:  1750
    Solving:  Stress period:     2    Time step:  1751
    Solving:  Stress period:     2    Time step:  1752
    Solving:  Stress period:     2    Time step:  1753
    Solving:  Stress period:     2    Time step:  1754
    Solving:  Stress period:     2    Time step:  1755
    Solving:  Stress period:     2    Time step:  1756
    Solving:  Stress period:     2    Time step:  1757
    Solving:  Stress period:     2    Time step:  1758
    Solving:  Stress period:     2    Time step:  1759
    Solving:  Stress period:     2    Time step:  1760
    Solving:  Stress period:     2    Time step:  1761
    Solving:  Stress period:     2    Time step:  1762
    Solving:  Stress period:     2    Time step:  1763
    Solving:  Stress period:     2    Time step:  1764
    Solving:  Stress period:     2    Time step:  1765
    Solving:  Stress period:     2    Time step:  1766
    Solving:  Stress period:     2    Time step:  1767
    Solving:  Stress period:     2    Time step:  1768
    Solving:  Stress period:     2    Time step:  1769
    Solving:  Stress period:     2    Time step:  1770
    Solving:  Stress period:     2    Time step:  1771
    Solving:  Stress period:     2    Time step:  1772
    Solving:  Stress period:     2    Time step:  1773
    Solving:  Stress period:     2    Time step:  1774
    Solving:  Stress period:     2    Time step:  1775
    Solving:  Stress period:     2    Time step:  1776
    Solving:  Stress period:     2    Time step:  1777
    Solving:  Stress period:     2    Time step:  1778
    Solving:  Stress period:     2    Time step:  1779
    Solving:  Stress period:     2    Time step:  1780
    Solving:  Stress period:     2    Time step:  1781
    Solving:  Stress period:     2    Time step:  1782
    Solving:  Stress period:     2    Time step:  1783
    Solving:  Stress period:     2    Time step:  1784
    Solving:  Stress period:     2    Time step:  1785
    Solving:  Stress period:     2    Time step:  1786
    Solving:  Stress period:     2    Time step:  1787
    Solving:  Stress period:     2    Time step:  1788
    Solving:  Stress period:     2    Time step:  1789
    Solving:  Stress period:     2    Time step:  1790
    Solving:  Stress period:     2    Time step:  1791
    Solving:  Stress period:     2    Time step:  1792
    Solving:  Stress period:     2    Time step:  1793
    Solving:  Stress period:     2    Time step:  1794
    Solving:  Stress period:     2    Time step:  1795
    Solving:  Stress period:     2    Time step:  1796
    Solving:  Stress period:     2    Time step:  1797
    Solving:  Stress period:     2    Time step:  1798
    Solving:  Stress period:     2    Time step:  1799
    Solving:  Stress period:     2    Time step:  1800
    Solving:  Stress period:     2    Time step:  1801
    Solving:  Stress period:     2    Time step:  1802
    Solving:  Stress period:     2    Time step:  1803
    Solving:  Stress period:     2    Time step:  1804
    Solving:  Stress period:     2    Time step:  1805
    Solving:  Stress period:     2    Time step:  1806
    Solving:  Stress period:     2    Time step:  1807
    Solving:  Stress period:     2    Time step:  1808
    Solving:  Stress period:     2    Time step:  1809
    Solving:  Stress period:     2    Time step:  1810
    Solving:  Stress period:     2    Time step:  1811
    Solving:  Stress period:     2    Time step:  1812
    Solving:  Stress period:     2    Time step:  1813
    Solving:  Stress period:     2    Time step:  1814
    Solving:  Stress period:     2    Time step:  1815
    Solving:  Stress period:     2    Time step:  1816
    Solving:  Stress period:     2    Time step:  1817
    Solving:  Stress period:     2    Time step:  1818
    Solving:  Stress period:     2    Time step:  1819
    Solving:  Stress period:     2    Time step:  1820
    Solving:  Stress period:     2    Time step:  1821
    Solving:  Stress period:     2    Time step:  1822
    Solving:  Stress period:     2    Time step:  1823
    Solving:  Stress period:     2    Time step:  1824
    Solving:  Stress period:     2    Time step:  1825
    Solving:  Stress period:     2    Time step:  1826
    Solving:  Stress period:     2    Time step:  1827
    Solving:  Stress period:     2    Time step:  1828
    Solving:  Stress period:     2    Time step:  1829
    Solving:  Stress period:     2    Time step:  1830
    Solving:  Stress period:     2    Time step:  1831
    Solving:  Stress period:     2    Time step:  1832
    Solving:  Stress period:     2    Time step:  1833
    Solving:  Stress period:     2    Time step:  1834
    Solving:  Stress period:     2    Time step:  1835
    Solving:  Stress period:     2    Time step:  1836
    Solving:  Stress period:     2    Time step:  1837
    Solving:  Stress period:     2    Time step:  1838
    Solving:  Stress period:     2    Time step:  1839
    Solving:  Stress period:     2    Time step:  1840
    Solving:  Stress period:     2    Time step:  1841
    Solving:  Stress period:     2    Time step:  1842
    Solving:  Stress period:     2    Time step:  1843
    Solving:  Stress period:     2    Time step:  1844
    Solving:  Stress period:     2    Time step:  1845
    Solving:  Stress period:     2    Time step:  1846
    Solving:  Stress period:     2    Time step:  1847
    Solving:  Stress period:     2    Time step:  1848
    Solving:  Stress period:     2    Time step:  1849
    Solving:  Stress period:     2    Time step:  1850
    Solving:  Stress period:     2    Time step:  1851
    Solving:  Stress period:     2    Time step:  1852
    Solving:  Stress period:     2    Time step:  1853
    Solving:  Stress period:     2    Time step:  1854
    Solving:  Stress period:     2    Time step:  1855
    Solving:  Stress period:     2    Time step:  1856
    Solving:  Stress period:     2    Time step:  1857
    Solving:  Stress period:     2    Time step:  1858
    Solving:  Stress period:     2    Time step:  1859
    Solving:  Stress period:     2    Time step:  1860
    Solving:  Stress period:     2    Time step:  1861
    Solving:  Stress period:     2    Time step:  1862
    Solving:  Stress period:     2    Time step:  1863
    Solving:  Stress period:     2    Time step:  1864
    Solving:  Stress period:     2    Time step:  1865
    Solving:  Stress period:     2    Time step:  1866
    Solving:  Stress period:     2    Time step:  1867
    Solving:  Stress period:     2    Time step:  1868
    Solving:  Stress period:     2    Time step:  1869
    Solving:  Stress period:     2    Time step:  1870
    Solving:  Stress period:     2    Time step:  1871
    Solving:  Stress period:     2    Time step:  1872
    Solving:  Stress period:     2    Time step:  1873
    Solving:  Stress period:     2    Time step:  1874
    Solving:  Stress period:     2    Time step:  1875
    Solving:  Stress period:     2    Time step:  1876
    Solving:  Stress period:     2    Time step:  1877
    Solving:  Stress period:     2    Time step:  1878
    Solving:  Stress period:     2    Time step:  1879
    Solving:  Stress period:     2    Time step:  1880
    Solving:  Stress period:     2    Time step:  1881
    Solving:  Stress period:     2    Time step:  1882
    Solving:  Stress period:     2    Time step:  1883
    Solving:  Stress period:     2    Time step:  1884
    Solving:  Stress period:     2    Time step:  1885
    Solving:  Stress period:     2    Time step:  1886
    Solving:  Stress period:     2    Time step:  1887
    Solving:  Stress period:     2    Time step:  1888
    Solving:  Stress period:     2    Time step:  1889
    Solving:  Stress period:     2    Time step:  1890
    Solving:  Stress period:     2    Time step:  1891
    Solving:  Stress period:     2    Time step:  1892
    Solving:  Stress period:     2    Time step:  1893
    Solving:  Stress period:     2    Time step:  1894
    Solving:  Stress period:     2    Time step:  1895
    Solving:  Stress period:     2    Time step:  1896
    Solving:  Stress period:     2    Time step:  1897
    Solving:  Stress period:     2    Time step:  1898
    Solving:  Stress period:     2    Time step:  1899
    Solving:  Stress period:     2    Time step:  1900
    Solving:  Stress period:     2    Time step:  1901
    Solving:  Stress period:     2    Time step:  1902
    Solving:  Stress period:     2    Time step:  1903
    Solving:  Stress period:     2    Time step:  1904
    Solving:  Stress period:     2    Time step:  1905
    Solving:  Stress period:     2    Time step:  1906
    Solving:  Stress period:     2    Time step:  1907
    Solving:  Stress period:     2    Time step:  1908
    Solving:  Stress period:     2    Time step:  1909
    Solving:  Stress period:     2    Time step:  1910
    Solving:  Stress period:     2    Time step:  1911
    Solving:  Stress period:     2    Time step:  1912
    Solving:  Stress period:     2    Time step:  1913
    Solving:  Stress period:     2    Time step:  1914
    Solving:  Stress period:     2    Time step:  1915
    Solving:  Stress period:     2    Time step:  1916
    Solving:  Stress period:     2    Time step:  1917
    Solving:  Stress period:     2    Time step:  1918
    Solving:  Stress period:     2    Time step:  1919
    Solving:  Stress period:     2    Time step:  1920
    Solving:  Stress period:     2    Time step:  1921
    Solving:  Stress period:     2    Time step:  1922
    Solving:  Stress period:     2    Time step:  1923
    Solving:  Stress period:     2    Time step:  1924
    Solving:  Stress period:     2    Time step:  1925
    Solving:  Stress period:     2    Time step:  1926
    Solving:  Stress period:     2    Time step:  1927
    Solving:  Stress period:     2    Time step:  1928
    Solving:  Stress period:     2    Time step:  1929
    Solving:  Stress period:     2    Time step:  1930
    Solving:  Stress period:     2    Time step:  1931
    Solving:  Stress period:     2    Time step:  1932
    Solving:  Stress period:     2    Time step:  1933
    Solving:  Stress period:     2    Time step:  1934
    Solving:  Stress period:     2    Time step:  1935
    Solving:  Stress period:     2    Time step:  1936
    Solving:  Stress period:     2    Time step:  1937
    Solving:  Stress period:     2    Time step:  1938
    Solving:  Stress period:     2    Time step:  1939
    Solving:  Stress period:     2    Time step:  1940
    Solving:  Stress period:     2    Time step:  1941
    Solving:  Stress period:     2    Time step:  1942
    Solving:  Stress period:     2    Time step:  1943
    Solving:  Stress period:     2    Time step:  1944
    Solving:  Stress period:     2    Time step:  1945
    Solving:  Stress period:     2    Time step:  1946
    Solving:  Stress period:     2    Time step:  1947
    Solving:  Stress period:     2    Time step:  1948
    Solving:  Stress period:     2    Time step:  1949
    Solving:  Stress period:     2    Time step:  1950
    Solving:  Stress period:     2    Time step:  1951
    Solving:  Stress period:     2    Time step:  1952
    Solving:  Stress period:     2    Time step:  1953
    Solving:  Stress period:     2    Time step:  1954
    Solving:  Stress period:     2    Time step:  1955
    Solving:  Stress period:     2    Time step:  1956
    Solving:  Stress period:     2    Time step:  1957
    Solving:  Stress period:     2    Time step:  1958
    Solving:  Stress period:     2    Time step:  1959
    Solving:  Stress period:     2    Time step:  1960
    Solving:  Stress period:     2    Time step:  1961
    Solving:  Stress period:     2    Time step:  1962
    Solving:  Stress period:     2    Time step:  1963
    Solving:  Stress period:     2    Time step:  1964
    Solving:  Stress period:     2    Time step:  1965
    Solving:  Stress period:     2    Time step:  1966
    Solving:  Stress period:     2    Time step:  1967
    Solving:  Stress period:     2    Time step:  1968
    Solving:  Stress period:     2    Time step:  1969
    Solving:  Stress period:     2    Time step:  1970
    Solving:  Stress period:     2    Time step:  1971
    Solving:  Stress period:     2    Time step:  1972
    Solving:  Stress period:     2    Time step:  1973
    Solving:  Stress period:     2    Time step:  1974
    Solving:  Stress period:     2    Time step:  1975
    Solving:  Stress period:     2    Time step:  1976
    Solving:  Stress period:     2    Time step:  1977
    Solving:  Stress period:     2    Time step:  1978
    Solving:  Stress period:     2    Time step:  1979
    Solving:  Stress period:     2    Time step:  1980
    Solving:  Stress period:     2    Time step:  1981
    Solving:  Stress period:     2    Time step:  1982
    Solving:  Stress period:     2    Time step:  1983
    Solving:  Stress period:     2    Time step:  1984
    Solving:  Stress period:     2    Time step:  1985
    Solving:  Stress period:     2    Time step:  1986
    Solving:  Stress period:     2    Time step:  1987
    Solving:  Stress period:     2    Time step:  1988
    Solving:  Stress period:     2    Time step:  1989
    Solving:  Stress period:     2    Time step:  1990
    Solving:  Stress period:     2    Time step:  1991
    Solving:  Stress period:     2    Time step:  1992
    Solving:  Stress period:     2    Time step:  1993
    Solving:  Stress period:     2    Time step:  1994
    Solving:  Stress period:     2    Time step:  1995
    Solving:  Stress period:     2    Time step:  1996
    Solving:  Stress period:     2    Time step:  1997
    Solving:  Stress period:     2    Time step:  1998
    Solving:  Stress period:     2    Time step:  1999
    Solving:  Stress period:     2    Time step:  2000
    Solving:  Stress period:     2    Time step:  2001
    Solving:  Stress period:     2    Time step:  2002
    Solving:  Stress period:     2    Time step:  2003
    Solving:  Stress period:     2    Time step:  2004
    Solving:  Stress period:     2    Time step:  2005
    Solving:  Stress period:     2    Time step:  2006
    Solving:  Stress period:     2    Time step:  2007
    Solving:  Stress period:     2    Time step:  2008
    Solving:  Stress period:     2    Time step:  2009
    Solving:  Stress period:     2    Time step:  2010
    Solving:  Stress period:     2    Time step:  2011
    Solving:  Stress period:     2    Time step:  2012
    Solving:  Stress period:     2    Time step:  2013
    Solving:  Stress period:     2    Time step:  2014
    Solving:  Stress period:     2    Time step:  2015
    Solving:  Stress period:     2    Time step:  2016
    Solving:  Stress period:     2    Time step:  2017
    Solving:  Stress period:     2    Time step:  2018
    Solving:  Stress period:     2    Time step:  2019
    Solving:  Stress period:     2    Time step:  2020
    Solving:  Stress period:     2    Time step:  2021
    Solving:  Stress period:     2    Time step:  2022
    Solving:  Stress period:     2    Time step:  2023
    Solving:  Stress period:     2    Time step:  2024
    Solving:  Stress period:     2    Time step:  2025
    Solving:  Stress period:     2    Time step:  2026
    Solving:  Stress period:     2    Time step:  2027
    Solving:  Stress period:     2    Time step:  2028
    Solving:  Stress period:     2    Time step:  2029
    Solving:  Stress period:     2    Time step:  2030
    Solving:  Stress period:     2    Time step:  2031
    Solving:  Stress period:     2    Time step:  2032
    Solving:  Stress period:     2    Time step:  2033
    Solving:  Stress period:     2    Time step:  2034
    Solving:  Stress period:     2    Time step:  2035
    Solving:  Stress period:     2    Time step:  2036
    Solving:  Stress period:     2    Time step:  2037
    Solving:  Stress period:     2    Time step:  2038
    Solving:  Stress period:     2    Time step:  2039
    Solving:  Stress period:     2    Time step:  2040
    Solving:  Stress period:     2    Time step:  2041
    Solving:  Stress period:     2    Time step:  2042
    Solving:  Stress period:     2    Time step:  2043
    Solving:  Stress period:     2    Time step:  2044
    Solving:  Stress period:     2    Time step:  2045
    Solving:  Stress period:     2    Time step:  2046
    Solving:  Stress period:     2    Time step:  2047
    Solving:  Stress period:     2    Time step:  2048
    Solving:  Stress period:     2    Time step:  2049
    Solving:  Stress period:     2    Time step:  2050
    Solving:  Stress period:     2    Time step:  2051
    Solving:  Stress period:     2    Time step:  2052
    Solving:  Stress period:     2    Time step:  2053
    Solving:  Stress period:     2    Time step:  2054
    Solving:  Stress period:     2    Time step:  2055
    Solving:  Stress period:     2    Time step:  2056
    Solving:  Stress period:     2    Time step:  2057
    Solving:  Stress period:     2    Time step:  2058
    Solving:  Stress period:     2    Time step:  2059
    Solving:  Stress period:     2    Time step:  2060
    Solving:  Stress period:     2    Time step:  2061
    Solving:  Stress period:     2    Time step:  2062
    Solving:  Stress period:     2    Time step:  2063
    Solving:  Stress period:     2    Time step:  2064
    Solving:  Stress period:     2    Time step:  2065
    Solving:  Stress period:     2    Time step:  2066
    Solving:  Stress period:     2    Time step:  2067
    Solving:  Stress period:     2    Time step:  2068
    Solving:  Stress period:     2    Time step:  2069
    Solving:  Stress period:     2    Time step:  2070
    Solving:  Stress period:     2    Time step:  2071
    Solving:  Stress period:     2    Time step:  2072
    Solving:  Stress period:     2    Time step:  2073
    Solving:  Stress period:     2    Time step:  2074
    Solving:  Stress period:     2    Time step:  2075
    Solving:  Stress period:     2    Time step:  2076
    Solving:  Stress period:     2    Time step:  2077
    Solving:  Stress period:     2    Time step:  2078
    Solving:  Stress period:     2    Time step:  2079
    Solving:  Stress period:     2    Time step:  2080
    Solving:  Stress period:     2    Time step:  2081
    Solving:  Stress period:     2    Time step:  2082
    Solving:  Stress period:     2    Time step:  2083
    Solving:  Stress period:     2    Time step:  2084
    Solving:  Stress period:     2    Time step:  2085
    Solving:  Stress period:     2    Time step:  2086
    Solving:  Stress period:     2    Time step:  2087
    Solving:  Stress period:     2    Time step:  2088
    Solving:  Stress period:     2    Time step:  2089
    Solving:  Stress period:     2    Time step:  2090
    Solving:  Stress period:     2    Time step:  2091
    Solving:  Stress period:     2    Time step:  2092
    Solving:  Stress period:     2    Time step:  2093
    Solving:  Stress period:     2    Time step:  2094
    Solving:  Stress period:     2    Time step:  2095
    Solving:  Stress period:     2    Time step:  2096
    Solving:  Stress period:     2    Time step:  2097
    Solving:  Stress period:     2    Time step:  2098
    Solving:  Stress period:     2    Time step:  2099
    Solving:  Stress period:     2    Time step:  2100
    Solving:  Stress period:     2    Time step:  2101
    Solving:  Stress period:     2    Time step:  2102
    Solving:  Stress period:     2    Time step:  2103
    Solving:  Stress period:     2    Time step:  2104
    Solving:  Stress period:     2    Time step:  2105
    Solving:  Stress period:     2    Time step:  2106
    Solving:  Stress period:     2    Time step:  2107
    Solving:  Stress period:     2    Time step:  2108
    Solving:  Stress period:     2    Time step:  2109
    Solving:  Stress period:     2    Time step:  2110
    Solving:  Stress period:     2    Time step:  2111
    Solving:  Stress period:     2    Time step:  2112
    Solving:  Stress period:     2    Time step:  2113
    Solving:  Stress period:     2    Time step:  2114
    Solving:  Stress period:     2    Time step:  2115
    Solving:  Stress period:     2    Time step:  2116
    Solving:  Stress period:     2    Time step:  2117
    Solving:  Stress period:     2    Time step:  2118
    Solving:  Stress period:     2    Time step:  2119
    Solving:  Stress period:     2    Time step:  2120
    Solving:  Stress period:     2    Time step:  2121
    Solving:  Stress period:     2    Time step:  2122
    Solving:  Stress period:     2    Time step:  2123
    Solving:  Stress period:     2    Time step:  2124
    Solving:  Stress period:     2    Time step:  2125
    Solving:  Stress period:     2    Time step:  2126
    Solving:  Stress period:     2    Time step:  2127
    Solving:  Stress period:     2    Time step:  2128
    Solving:  Stress period:     2    Time step:  2129
    Solving:  Stress period:     2    Time step:  2130
    Solving:  Stress period:     2    Time step:  2131
    Solving:  Stress period:     2    Time step:  2132
    Solving:  Stress period:     2    Time step:  2133
    Solving:  Stress period:     2    Time step:  2134
    Solving:  Stress period:     2    Time step:  2135
    Solving:  Stress period:     2    Time step:  2136
    Solving:  Stress period:     2    Time step:  2137
    Solving:  Stress period:     2    Time step:  2138
    Solving:  Stress period:     2    Time step:  2139
    Solving:  Stress period:     2    Time step:  2140
    Solving:  Stress period:     2    Time step:  2141
    Solving:  Stress period:     2    Time step:  2142
    Solving:  Stress period:     2    Time step:  2143
    Solving:  Stress period:     2    Time step:  2144
    Solving:  Stress period:     2    Time step:  2145
    Solving:  Stress period:     2    Time step:  2146
    Solving:  Stress period:     2    Time step:  2147
    Solving:  Stress period:     2    Time step:  2148
    Solving:  Stress period:     2    Time step:  2149
    Solving:  Stress period:     2    Time step:  2150
    Solving:  Stress period:     2    Time step:  2151
    Solving:  Stress period:     2    Time step:  2152
    Solving:  Stress period:     2    Time step:  2153
    Solving:  Stress period:     2    Time step:  2154
    Solving:  Stress period:     2    Time step:  2155
    Solving:  Stress period:     2    Time step:  2156
    Solving:  Stress period:     2    Time step:  2157
    Solving:  Stress period:     2    Time step:  2158
    Solving:  Stress period:     2    Time step:  2159
    Solving:  Stress period:     2    Time step:  2160
    Solving:  Stress period:     2    Time step:  2161
    Solving:  Stress period:     2    Time step:  2162
    Solving:  Stress period:     2    Time step:  2163
    Solving:  Stress period:     2    Time step:  2164
    Solving:  Stress period:     2    Time step:  2165
    Solving:  Stress period:     2    Time step:  2166
    Solving:  Stress period:     2    Time step:  2167
    Solving:  Stress period:     2    Time step:  2168
    Solving:  Stress period:     2    Time step:  2169
    Solving:  Stress period:     2    Time step:  2170
    Solving:  Stress period:     2    Time step:  2171
    Solving:  Stress period:     2    Time step:  2172
    Solving:  Stress period:     2    Time step:  2173
    Solving:  Stress period:     2    Time step:  2174
    Solving:  Stress period:     2    Time step:  2175
    Solving:  Stress period:     2    Time step:  2176
    Solving:  Stress period:     2    Time step:  2177
    Solving:  Stress period:     2    Time step:  2178
    Solving:  Stress period:     2    Time step:  2179
    Solving:  Stress period:     2    Time step:  2180
    Solving:  Stress period:     2    Time step:  2181
    Solving:  Stress period:     2    Time step:  2182
    Solving:  Stress period:     2    Time step:  2183
    Solving:  Stress period:     2    Time step:  2184
    Solving:  Stress period:     2    Time step:  2185
    Solving:  Stress period:     2    Time step:  2186
    Solving:  Stress period:     2    Time step:  2187
    Solving:  Stress period:     2    Time step:  2188
    Solving:  Stress period:     2    Time step:  2189
    Solving:  Stress period:     2    Time step:  2190
    Solving:  Stress period:     2    Time step:  2191
    Solving:  Stress period:     2    Time step:  2192
    Solving:  Stress period:     2    Time step:  2193
    Solving:  Stress period:     2    Time step:  2194
    Solving:  Stress period:     2    Time step:  2195
    Solving:  Stress period:     2    Time step:  2196
    Solving:  Stress period:     2    Time step:  2197
    Solving:  Stress period:     2    Time step:  2198
    Solving:  Stress period:     2    Time step:  2199
    Solving:  Stress period:     2    Time step:  2200
    Solving:  Stress period:     2    Time step:  2201
    Solving:  Stress period:     2    Time step:  2202
    Solving:  Stress period:     2    Time step:  2203
    Solving:  Stress period:     2    Time step:  2204
    Solving:  Stress period:     2    Time step:  2205
    Solving:  Stress period:     2    Time step:  2206
    Solving:  Stress period:     2    Time step:  2207
    Solving:  Stress period:     2    Time step:  2208
    Solving:  Stress period:     2    Time step:  2209
    Solving:  Stress period:     2    Time step:  2210
    Solving:  Stress period:     2    Time step:  2211
    Solving:  Stress period:     2    Time step:  2212
    Solving:  Stress period:     2    Time step:  2213
    Solving:  Stress period:     2    Time step:  2214
    Solving:  Stress period:     2    Time step:  2215
    Solving:  Stress period:     2    Time step:  2216
    Solving:  Stress period:     2    Time step:  2217
    Solving:  Stress period:     2    Time step:  2218
    Solving:  Stress period:     2    Time step:  2219
    Solving:  Stress period:     2    Time step:  2220
    Solving:  Stress period:     2    Time step:  2221
    Solving:  Stress period:     2    Time step:  2222
    Solving:  Stress period:     2    Time step:  2223
    Solving:  Stress period:     2    Time step:  2224
    Solving:  Stress period:     2    Time step:  2225
    Solving:  Stress period:     2    Time step:  2226
    Solving:  Stress period:     2    Time step:  2227
    Solving:  Stress period:     2    Time step:  2228
    Solving:  Stress period:     2    Time step:  2229
    Solving:  Stress period:     2    Time step:  2230
    Solving:  Stress period:     2    Time step:  2231
    Solving:  Stress period:     2    Time step:  2232
    Solving:  Stress period:     2    Time step:  2233
    Solving:  Stress period:     2    Time step:  2234
    Solving:  Stress period:     2    Time step:  2235
    Solving:  Stress period:     2    Time step:  2236
    Solving:  Stress period:     2    Time step:  2237
    Solving:  Stress period:     2    Time step:  2238
    Solving:  Stress period:     2    Time step:  2239
    Solving:  Stress period:     2    Time step:  2240
    Solving:  Stress period:     2    Time step:  2241
    Solving:  Stress period:     2    Time step:  2242
    Solving:  Stress period:     2    Time step:  2243
    Solving:  Stress period:     2    Time step:  2244
    Solving:  Stress period:     2    Time step:  2245
    Solving:  Stress period:     2    Time step:  2246
    Solving:  Stress period:     2    Time step:  2247
    Solving:  Stress period:     2    Time step:  2248
    Solving:  Stress period:     2    Time step:  2249
    Solving:  Stress period:     2    Time step:  2250
    Solving:  Stress period:     2    Time step:  2251
    Solving:  Stress period:     2    Time step:  2252
    Solving:  Stress period:     2    Time step:  2253
    Solving:  Stress period:     2    Time step:  2254
    Solving:  Stress period:     2    Time step:  2255
    Solving:  Stress period:     2    Time step:  2256
    Solving:  Stress period:     2    Time step:  2257
    Solving:  Stress period:     2    Time step:  2258
    Solving:  Stress period:     2    Time step:  2259
    Solving:  Stress period:     2    Time step:  2260
    Solving:  Stress period:     2    Time step:  2261
    Solving:  Stress period:     2    Time step:  2262
    Solving:  Stress period:     2    Time step:  2263
    Solving:  Stress period:     2    Time step:  2264
    Solving:  Stress period:     2    Time step:  2265
    Solving:  Stress period:     2    Time step:  2266
    Solving:  Stress period:     2    Time step:  2267
    Solving:  Stress period:     2    Time step:  2268
    Solving:  Stress period:     2    Time step:  2269
    Solving:  Stress period:     2    Time step:  2270
    Solving:  Stress period:     2    Time step:  2271
    Solving:  Stress period:     2    Time step:  2272
    Solving:  Stress period:     2    Time step:  2273
    Solving:  Stress period:     2    Time step:  2274
    Solving:  Stress period:     2    Time step:  2275
    Solving:  Stress period:     2    Time step:  2276
    Solving:  Stress period:     2    Time step:  2277
    Solving:  Stress period:     2    Time step:  2278
    Solving:  Stress period:     2    Time step:  2279
    Solving:  Stress period:     2    Time step:  2280
    Solving:  Stress period:     2    Time step:  2281
    Solving:  Stress period:     2    Time step:  2282
    Solving:  Stress period:     2    Time step:  2283
    Solving:  Stress period:     2    Time step:  2284
    Solving:  Stress period:     2    Time step:  2285
    Solving:  Stress period:     2    Time step:  2286
    Solving:  Stress period:     2    Time step:  2287
    Solving:  Stress period:     2    Time step:  2288
    Solving:  Stress period:     2    Time step:  2289
    Solving:  Stress period:     2    Time step:  2290
    Solving:  Stress period:     2    Time step:  2291
    Solving:  Stress period:     2    Time step:  2292
    Solving:  Stress period:     2    Time step:  2293
    Solving:  Stress period:     2    Time step:  2294
    Solving:  Stress period:     2    Time step:  2295
    Solving:  Stress period:     2    Time step:  2296
    Solving:  Stress period:     2    Time step:  2297
    Solving:  Stress period:     2    Time step:  2298
    Solving:  Stress period:     2    Time step:  2299
    Solving:  Stress period:     2    Time step:  2300
    Solving:  Stress period:     2    Time step:  2301
    Solving:  Stress period:     2    Time step:  2302
    Solving:  Stress period:     2    Time step:  2303
    Solving:  Stress period:     2    Time step:  2304
    Solving:  Stress period:     2    Time step:  2305
    Solving:  Stress period:     2    Time step:  2306
    Solving:  Stress period:     2    Time step:  2307
    Solving:  Stress period:     2    Time step:  2308
    Solving:  Stress period:     2    Time step:  2309
    Solving:  Stress period:     2    Time step:  2310
    Solving:  Stress period:     2    Time step:  2311
    Solving:  Stress period:     2    Time step:  2312
    Solving:  Stress period:     2    Time step:  2313
    Solving:  Stress period:     2    Time step:  2314
    Solving:  Stress period:     2    Time step:  2315
    Solving:  Stress period:     2    Time step:  2316
    Solving:  Stress period:     2    Time step:  2317
    Solving:  Stress period:     2    Time step:  2318
    Solving:  Stress period:     2    Time step:  2319
    Solving:  Stress period:     2    Time step:  2320
    Solving:  Stress period:     2    Time step:  2321
    Solving:  Stress period:     2    Time step:  2322
    Solving:  Stress period:     2    Time step:  2323
    Solving:  Stress period:     2    Time step:  2324
    Solving:  Stress period:     2    Time step:  2325
    Solving:  Stress period:     2    Time step:  2326
    Solving:  Stress period:     2    Time step:  2327
    Solving:  Stress period:     2    Time step:  2328
    Solving:  Stress period:     2    Time step:  2329
    Solving:  Stress period:     2    Time step:  2330
    Solving:  Stress period:     2    Time step:  2331
    Solving:  Stress period:     2    Time step:  2332
    Solving:  Stress period:     2    Time step:  2333
    Solving:  Stress period:     2    Time step:  2334
    Solving:  Stress period:     2    Time step:  2335
    Solving:  Stress period:     2    Time step:  2336
    Solving:  Stress period:     2    Time step:  2337
    Solving:  Stress period:     2    Time step:  2338
    Solving:  Stress period:     2    Time step:  2339
    Solving:  Stress period:     2    Time step:  2340
    Solving:  Stress period:     2    Time step:  2341
    Solving:  Stress period:     2    Time step:  2342
    Solving:  Stress period:     2    Time step:  2343
    Solving:  Stress period:     2    Time step:  2344
    Solving:  Stress period:     2    Time step:  2345
    Solving:  Stress period:     2    Time step:  2346
    Solving:  Stress period:     2    Time step:  2347
    Solving:  Stress period:     2    Time step:  2348
    Solving:  Stress period:     2    Time step:  2349
    Solving:  Stress period:     2    Time step:  2350
    Solving:  Stress period:     2    Time step:  2351
    Solving:  Stress period:     2    Time step:  2352
    Solving:  Stress period:     2    Time step:  2353
    Solving:  Stress period:     2    Time step:  2354
    Solving:  Stress period:     2    Time step:  2355
    Solving:  Stress period:     2    Time step:  2356
    Solving:  Stress period:     2    Time step:  2357
    Solving:  Stress period:     2    Time step:  2358
    Solving:  Stress period:     2    Time step:  2359
    Solving:  Stress period:     2    Time step:  2360
    Solving:  Stress period:     2    Time step:  2361
    Solving:  Stress period:     2    Time step:  2362
    Solving:  Stress period:     2    Time step:  2363
    Solving:  Stress period:     2    Time step:  2364
    Solving:  Stress period:     2    Time step:  2365
    Solving:  Stress period:     2    Time step:  2366
    Solving:  Stress period:     2    Time step:  2367
    Solving:  Stress period:     2    Time step:  2368
    Solving:  Stress period:     2    Time step:  2369
    Solving:  Stress period:     2    Time step:  2370
    Solving:  Stress period:     2    Time step:  2371
    Solving:  Stress period:     2    Time step:  2372
    Solving:  Stress period:     2    Time step:  2373
    Solving:  Stress period:     2    Time step:  2374
    Solving:  Stress period:     2    Time step:  2375
    Solving:  Stress period:     2    Time step:  2376
    Solving:  Stress period:     2    Time step:  2377
    Solving:  Stress period:     2    Time step:  2378
    Solving:  Stress period:     2    Time step:  2379
    Solving:  Stress period:     2    Time step:  2380
    Solving:  Stress period:     2    Time step:  2381
    Solving:  Stress period:     2    Time step:  2382
    Solving:  Stress period:     2    Time step:  2383
    Solving:  Stress period:     2    Time step:  2384
    Solving:  Stress period:     2    Time step:  2385
    Solving:  Stress period:     2    Time step:  2386
    Solving:  Stress period:     2    Time step:  2387
    Solving:  Stress period:     2    Time step:  2388
    Solving:  Stress period:     2    Time step:  2389
    Solving:  Stress period:     2    Time step:  2390
    Solving:  Stress period:     2    Time step:  2391
    Solving:  Stress period:     2    Time step:  2392
    Solving:  Stress period:     2    Time step:  2393
    Solving:  Stress period:     2    Time step:  2394
    Solving:  Stress period:     2    Time step:  2395
    Solving:  Stress period:     2    Time step:  2396
    Solving:  Stress period:     2    Time step:  2397
    Solving:  Stress period:     2    Time step:  2398
    Solving:  Stress period:     2    Time step:  2399
    Solving:  Stress period:     2    Time step:  2400
    Solving:  Stress period:     2    Time step:  2401
    Solving:  Stress period:     2    Time step:  2402
    Solving:  Stress period:     2    Time step:  2403
    Solving:  Stress period:     2    Time step:  2404
    Solving:  Stress period:     2    Time step:  2405
    Solving:  Stress period:     2    Time step:  2406
    Solving:  Stress period:     2    Time step:  2407
    Solving:  Stress period:     2    Time step:  2408
    Solving:  Stress period:     2    Time step:  2409
    Solving:  Stress period:     2    Time step:  2410
    Solving:  Stress period:     2    Time step:  2411
    Solving:  Stress period:     2    Time step:  2412
    Solving:  Stress period:     2    Time step:  2413
    Solving:  Stress period:     2    Time step:  2414
    Solving:  Stress period:     2    Time step:  2415
    Solving:  Stress period:     2    Time step:  2416
    Solving:  Stress period:     2    Time step:  2417
    Solving:  Stress period:     2    Time step:  2418
    Solving:  Stress period:     2    Time step:  2419
    Solving:  Stress period:     2    Time step:  2420
    Solving:  Stress period:     2    Time step:  2421
    Solving:  Stress period:     2    Time step:  2422
    Solving:  Stress period:     2    Time step:  2423
    Solving:  Stress period:     2    Time step:  2424
    Solving:  Stress period:     2    Time step:  2425
    Solving:  Stress period:     2    Time step:  2426
    Solving:  Stress period:     2    Time step:  2427
    Solving:  Stress period:     2    Time step:  2428
    Solving:  Stress period:     2    Time step:  2429
    Solving:  Stress period:     2    Time step:  2430
    Solving:  Stress period:     2    Time step:  2431
    Solving:  Stress period:     2    Time step:  2432
    Solving:  Stress period:     2    Time step:  2433
    Solving:  Stress period:     2    Time step:  2434
    Solving:  Stress period:     2    Time step:  2435
    Solving:  Stress period:     2    Time step:  2436
    Solving:  Stress period:     2    Time step:  2437
    Solving:  Stress period:     2    Time step:  2438
    Solving:  Stress period:     2    Time step:  2439
    Solving:  Stress period:     2    Time step:  2440
    Solving:  Stress period:     2    Time step:  2441
    Solving:  Stress period:     2    Time step:  2442
    Solving:  Stress period:     2    Time step:  2443
    Solving:  Stress period:     2    Time step:  2444
    Solving:  Stress period:     2    Time step:  2445
    Solving:  Stress period:     2    Time step:  2446
    Solving:  Stress period:     2    Time step:  2447
    Solving:  Stress period:     2    Time step:  2448
    Solving:  Stress period:     2    Time step:  2449
    Solving:  Stress period:     2    Time step:  2450
    Solving:  Stress period:     2    Time step:  2451
    Solving:  Stress period:     2    Time step:  2452
    Solving:  Stress period:     2    Time step:  2453
    Solving:  Stress period:     2    Time step:  2454
    Solving:  Stress period:     2    Time step:  2455
    Solving:  Stress period:     2    Time step:  2456
    Solving:  Stress period:     2    Time step:  2457
    Solving:  Stress period:     2    Time step:  2458
    Solving:  Stress period:     2    Time step:  2459
    Solving:  Stress period:     2    Time step:  2460
    Solving:  Stress period:     2    Time step:  2461
    Solving:  Stress period:     2    Time step:  2462
    Solving:  Stress period:     2    Time step:  2463
    Solving:  Stress period:     2    Time step:  2464
    Solving:  Stress period:     2    Time step:  2465
    Solving:  Stress period:     2    Time step:  2466
    Solving:  Stress period:     2    Time step:  2467
    Solving:  Stress period:     2    Time step:  2468
    Solving:  Stress period:     2    Time step:  2469
    Solving:  Stress period:     2    Time step:  2470
    Solving:  Stress period:     2    Time step:  2471
    Solving:  Stress period:     2    Time step:  2472
    Solving:  Stress period:     2    Time step:  2473
    Solving:  Stress period:     2    Time step:  2474
    Solving:  Stress period:     2    Time step:  2475
    Solving:  Stress period:     2    Time step:  2476
    Solving:  Stress period:     2    Time step:  2477
    Solving:  Stress period:     2    Time step:  2478
    Solving:  Stress period:     2    Time step:  2479
    Solving:  Stress period:     2    Time step:  2480
    Solving:  Stress period:     2    Time step:  2481
    Solving:  Stress period:     2    Time step:  2482
    Solving:  Stress period:     2    Time step:  2483
    Solving:  Stress period:     2    Time step:  2484
    Solving:  Stress period:     2    Time step:  2485
    Solving:  Stress period:     2    Time step:  2486
    Solving:  Stress period:     2    Time step:  2487
    Solving:  Stress period:     2    Time step:  2488
    Solving:  Stress period:     2    Time step:  2489
    Solving:  Stress period:     2    Time step:  2490
    Solving:  Stress period:     2    Time step:  2491
    Solving:  Stress period:     2    Time step:  2492
    Solving:  Stress period:     2    Time step:  2493
    Solving:  Stress period:     2    Time step:  2494
    Solving:  Stress period:     2    Time step:  2495
    Solving:  Stress period:     2    Time step:  2496
    Solving:  Stress period:     2    Time step:  2497
    Solving:  Stress period:     2    Time step:  2498
    Solving:  Stress period:     2    Time step:  2499
    Solving:  Stress period:     2    Time step:  2500
    Solving:  Stress period:     2    Time step:  2501
    Solving:  Stress period:     2    Time step:  2502
    Solving:  Stress period:     2    Time step:  2503
    Solving:  Stress period:     2    Time step:  2504
    Solving:  Stress period:     2    Time step:  2505
    Solving:  Stress period:     2    Time step:  2506
    Solving:  Stress period:     2    Time step:  2507
    Solving:  Stress period:     2    Time step:  2508
    Solving:  Stress period:     2    Time step:  2509
    Solving:  Stress period:     2    Time step:  2510
    Solving:  Stress period:     2    Time step:  2511
    Solving:  Stress period:     2    Time step:  2512
    Solving:  Stress period:     2    Time step:  2513
    Solving:  Stress period:     2    Time step:  2514
    Solving:  Stress period:     2    Time step:  2515
    Solving:  Stress period:     2    Time step:  2516
    Solving:  Stress period:     2    Time step:  2517
    Solving:  Stress period:     2    Time step:  2518
    Solving:  Stress period:     2    Time step:  2519
    Solving:  Stress period:     2    Time step:  2520
    Solving:  Stress period:     2    Time step:  2521
    Solving:  Stress period:     2    Time step:  2522
    Solving:  Stress period:     2    Time step:  2523
    Solving:  Stress period:     2    Time step:  2524
    Solving:  Stress period:     2    Time step:  2525
    Solving:  Stress period:     2    Time step:  2526
    Solving:  Stress period:     2    Time step:  2527
    Solving:  Stress period:     2    Time step:  2528
    Solving:  Stress period:     2    Time step:  2529
    Solving:  Stress period:     2    Time step:  2530
    Solving:  Stress period:     2    Time step:  2531
    Solving:  Stress period:     2    Time step:  2532
    Solving:  Stress period:     2    Time step:  2533
    Solving:  Stress period:     2    Time step:  2534
    Solving:  Stress period:     2    Time step:  2535
    Solving:  Stress period:     2    Time step:  2536
    Solving:  Stress period:     2    Time step:  2537
    Solving:  Stress period:     2    Time step:  2538
    Solving:  Stress period:     2    Time step:  2539
    Solving:  Stress period:     2    Time step:  2540
    Solving:  Stress period:     2    Time step:  2541
    Solving:  Stress period:     2    Time step:  2542
    Solving:  Stress period:     2    Time step:  2543
    Solving:  Stress period:     2    Time step:  2544
    Solving:  Stress period:     2    Time step:  2545
    Solving:  Stress period:     2    Time step:  2546
    Solving:  Stress period:     2    Time step:  2547
    Solving:  Stress period:     2    Time step:  2548
    Solving:  Stress period:     2    Time step:  2549
    Solving:  Stress period:     2    Time step:  2550
    Solving:  Stress period:     2    Time step:  2551
    Solving:  Stress period:     2    Time step:  2552
    Solving:  Stress period:     2    Time step:  2553
    Solving:  Stress period:     2    Time step:  2554
    Solving:  Stress period:     2    Time step:  2555
    Solving:  Stress period:     2    Time step:  2556
    Solving:  Stress period:     2    Time step:  2557
    Solving:  Stress period:     2    Time step:  2558
    Solving:  Stress period:     2    Time step:  2559
    Solving:  Stress period:     2    Time step:  2560
    Solving:  Stress period:     2    Time step:  2561
    Solving:  Stress period:     2    Time step:  2562
    Solving:  Stress period:     2    Time step:  2563
    Solving:  Stress period:     2    Time step:  2564
    Solving:  Stress period:     2    Time step:  2565
    Solving:  Stress period:     2    Time step:  2566
    Solving:  Stress period:     2    Time step:  2567
    Solving:  Stress period:     2    Time step:  2568
    Solving:  Stress period:     2    Time step:  2569
    Solving:  Stress period:     2    Time step:  2570
    Solving:  Stress period:     2    Time step:  2571
    Solving:  Stress period:     2    Time step:  2572
    Solving:  Stress period:     2    Time step:  2573
    Solving:  Stress period:     2    Time step:  2574
    Solving:  Stress period:     2    Time step:  2575
    Solving:  Stress period:     2    Time step:  2576
    Solving:  Stress period:     2    Time step:  2577
    Solving:  Stress period:     2    Time step:  2578
    Solving:  Stress period:     2    Time step:  2579
    Solving:  Stress period:     2    Time step:  2580
    Solving:  Stress period:     2    Time step:  2581
    Solving:  Stress period:     2    Time step:  2582
    Solving:  Stress period:     2    Time step:  2583
    Solving:  Stress period:     2    Time step:  2584
    Solving:  Stress period:     2    Time step:  2585
    Solving:  Stress period:     2    Time step:  2586
    Solving:  Stress period:     2    Time step:  2587
    Solving:  Stress period:     2    Time step:  2588
    Solving:  Stress period:     2    Time step:  2589
    Solving:  Stress period:     2    Time step:  2590
    Solving:  Stress period:     2    Time step:  2591
    Solving:  Stress period:     2    Time step:  2592
    Solving:  Stress period:     2    Time step:  2593
    Solving:  Stress period:     2    Time step:  2594
    Solving:  Stress period:     2    Time step:  2595
    Solving:  Stress period:     2    Time step:  2596
    Solving:  Stress period:     2    Time step:  2597
    Solving:  Stress period:     2    Time step:  2598
    Solving:  Stress period:     2    Time step:  2599
    Solving:  Stress period:     2    Time step:  2600
    Solving:  Stress period:     2    Time step:  2601
    Solving:  Stress period:     2    Time step:  2602
    Solving:  Stress period:     2    Time step:  2603
    Solving:  Stress period:     2    Time step:  2604
    Solving:  Stress period:     2    Time step:  2605
    Solving:  Stress period:     2    Time step:  2606
    Solving:  Stress period:     2    Time step:  2607
    Solving:  Stress period:     2    Time step:  2608
    Solving:  Stress period:     2    Time step:  2609
    Solving:  Stress period:     2    Time step:  2610
    Solving:  Stress period:     2    Time step:  2611
    Solving:  Stress period:     2    Time step:  2612
    Solving:  Stress period:     2    Time step:  2613
    Solving:  Stress period:     2    Time step:  2614
    Solving:  Stress period:     2    Time step:  2615
    Solving:  Stress period:     2    Time step:  2616
    Solving:  Stress period:     2    Time step:  2617
    Solving:  Stress period:     2    Time step:  2618
    Solving:  Stress period:     2    Time step:  2619
    Solving:  Stress period:     2    Time step:  2620
    Solving:  Stress period:     2    Time step:  2621
    Solving:  Stress period:     2    Time step:  2622
    Solving:  Stress period:     2    Time step:  2623
    Solving:  Stress period:     2    Time step:  2624
    Solving:  Stress period:     2    Time step:  2625
    Solving:  Stress period:     2    Time step:  2626
    Solving:  Stress period:     2    Time step:  2627
    Solving:  Stress period:     2    Time step:  2628
    Solving:  Stress period:     2    Time step:  2629
    Solving:  Stress period:     2    Time step:  2630
    Solving:  Stress period:     2    Time step:  2631
    Solving:  Stress period:     2    Time step:  2632
    Solving:  Stress period:     2    Time step:  2633
    Solving:  Stress period:     2    Time step:  2634
    Solving:  Stress period:     2    Time step:  2635
    Solving:  Stress period:     2    Time step:  2636
    Solving:  Stress period:     2    Time step:  2637
    Solving:  Stress period:     2    Time step:  2638
    Solving:  Stress period:     2    Time step:  2639
    Solving:  Stress period:     2    Time step:  2640
    Solving:  Stress period:     2    Time step:  2641
    Solving:  Stress period:     2    Time step:  2642
    Solving:  Stress period:     2    Time step:  2643
    Solving:  Stress period:     2    Time step:  2644
    Solving:  Stress period:     2    Time step:  2645
    Solving:  Stress period:     2    Time step:  2646
    Solving:  Stress period:     2    Time step:  2647
    Solving:  Stress period:     2    Time step:  2648
    Solving:  Stress period:     2    Time step:  2649
    Solving:  Stress period:     2    Time step:  2650
    Solving:  Stress period:     2    Time step:  2651
    Solving:  Stress period:     2    Time step:  2652
    Solving:  Stress period:     2    Time step:  2653
    Solving:  Stress period:     2    Time step:  2654
    Solving:  Stress period:     2    Time step:  2655
    Solving:  Stress period:     2    Time step:  2656
    Solving:  Stress period:     2    Time step:  2657
    Solving:  Stress period:     2    Time step:  2658
    Solving:  Stress period:     2    Time step:  2659
    Solving:  Stress period:     2    Time step:  2660
    Solving:  Stress period:     2    Time step:  2661
    Solving:  Stress period:     2    Time step:  2662
    Solving:  Stress period:     2    Time step:  2663
    Solving:  Stress period:     2    Time step:  2664
    Solving:  Stress period:     2    Time step:  2665
    Solving:  Stress period:     2    Time step:  2666
    Solving:  Stress period:     2    Time step:  2667
    Solving:  Stress period:     2    Time step:  2668
    Solving:  Stress period:     2    Time step:  2669
    Solving:  Stress period:     2    Time step:  2670
    Solving:  Stress period:     2    Time step:  2671
    Solving:  Stress period:     2    Time step:  2672
    Solving:  Stress period:     2    Time step:  2673
    Solving:  Stress period:     2    Time step:  2674
    Solving:  Stress period:     2    Time step:  2675
    Solving:  Stress period:     2    Time step:  2676
    Solving:  Stress period:     2    Time step:  2677
    Solving:  Stress period:     2    Time step:  2678
    Solving:  Stress period:     2    Time step:  2679
    Solving:  Stress period:     2    Time step:  2680
    Solving:  Stress period:     2    Time step:  2681
    Solving:  Stress period:     2    Time step:  2682
    Solving:  Stress period:     2    Time step:  2683
    Solving:  Stress period:     2    Time step:  2684
    Solving:  Stress period:     2    Time step:  2685
    Solving:  Stress period:     2    Time step:  2686
    Solving:  Stress period:     2    Time step:  2687
    Solving:  Stress period:     2    Time step:  2688
    Solving:  Stress period:     2    Time step:  2689
    Solving:  Stress period:     2    Time step:  2690
    Solving:  Stress period:     2    Time step:  2691
    Solving:  Stress period:     2    Time step:  2692
    Solving:  Stress period:     2    Time step:  2693
    Solving:  Stress period:     2    Time step:  2694
    Solving:  Stress period:     2    Time step:  2695
    Solving:  Stress period:     2    Time step:  2696
    Solving:  Stress period:     2    Time step:  2697
    Solving:  Stress period:     2    Time step:  2698
    Solving:  Stress period:     2    Time step:  2699
    Solving:  Stress period:     2    Time step:  2700
    Solving:  Stress period:     2    Time step:  2701
    Solving:  Stress period:     2    Time step:  2702
    Solving:  Stress period:     2    Time step:  2703
    Solving:  Stress period:     2    Time step:  2704
    Solving:  Stress period:     2    Time step:  2705
    Solving:  Stress period:     2    Time step:  2706
    Solving:  Stress period:     2    Time step:  2707
    Solving:  Stress period:     2    Time step:  2708
    Solving:  Stress period:     2    Time step:  2709
    Solving:  Stress period:     2    Time step:  2710
    Solving:  Stress period:     2    Time step:  2711
    Solving:  Stress period:     2    Time step:  2712
    Solving:  Stress period:     2    Time step:  2713
    Solving:  Stress period:     2    Time step:  2714
    Solving:  Stress period:     2    Time step:  2715
    Solving:  Stress period:     2    Time step:  2716
    Solving:  Stress period:     2    Time step:  2717
    Solving:  Stress period:     2    Time step:  2718
    Solving:  Stress period:     2    Time step:  2719
    Solving:  Stress period:     2    Time step:  2720
    Solving:  Stress period:     2    Time step:  2721
    Solving:  Stress period:     2    Time step:  2722
    Solving:  Stress period:     2    Time step:  2723
    Solving:  Stress period:     2    Time step:  2724
    Solving:  Stress period:     2    Time step:  2725
    Solving:  Stress period:     2    Time step:  2726
    Solving:  Stress period:     2    Time step:  2727
    Solving:  Stress period:     2    Time step:  2728
    Solving:  Stress period:     2    Time step:  2729
    Solving:  Stress period:     2    Time step:  2730
    Solving:  Stress period:     2    Time step:  2731
    Solving:  Stress period:     2    Time step:  2732
    Solving:  Stress period:     2    Time step:  2733
    Solving:  Stress period:     2    Time step:  2734
    Solving:  Stress period:     2    Time step:  2735
    Solving:  Stress period:     2    Time step:  2736
    Solving:  Stress period:     2    Time step:  2737
    Solving:  Stress period:     2    Time step:  2738
    Solving:  Stress period:     2    Time step:  2739
    Solving:  Stress period:     2    Time step:  2740
    Solving:  Stress period:     2    Time step:  2741
    Solving:  Stress period:     2    Time step:  2742
    Solving:  Stress period:     2    Time step:  2743
    Solving:  Stress period:     2    Time step:  2744
    Solving:  Stress period:     2    Time step:  2745
    Solving:  Stress period:     2    Time step:  2746
    Solving:  Stress period:     2    Time step:  2747
    Solving:  Stress period:     2    Time step:  2748
    Solving:  Stress period:     2    Time step:  2749
    Solving:  Stress period:     2    Time step:  2750
    Solving:  Stress period:     2    Time step:  2751
    Solving:  Stress period:     2    Time step:  2752
    Solving:  Stress period:     2    Time step:  2753
    Solving:  Stress period:     2    Time step:  2754
    Solving:  Stress period:     2    Time step:  2755
    Solving:  Stress period:     2    Time step:  2756
    Solving:  Stress period:     2    Time step:  2757
    Solving:  Stress period:     2    Time step:  2758
    Solving:  Stress period:     2    Time step:  2759
    Solving:  Stress period:     2    Time step:  2760
    Solving:  Stress period:     2    Time step:  2761
    Solving:  Stress period:     2    Time step:  2762
    Solving:  Stress period:     2    Time step:  2763
    Solving:  Stress period:     2    Time step:  2764
    Solving:  Stress period:     2    Time step:  2765
    Solving:  Stress period:     2    Time step:  2766
    Solving:  Stress period:     2    Time step:  2767
    Solving:  Stress period:     2    Time step:  2768
    Solving:  Stress period:     2    Time step:  2769
    Solving:  Stress period:     2    Time step:  2770
    Solving:  Stress period:     2    Time step:  2771
    Solving:  Stress period:     2    Time step:  2772
    Solving:  Stress period:     2    Time step:  2773
    Solving:  Stress period:     2    Time step:  2774
    Solving:  Stress period:     2    Time step:  2775
    Solving:  Stress period:     2    Time step:  2776
    Solving:  Stress period:     2    Time step:  2777
    Solving:  Stress period:     2    Time step:  2778
    Solving:  Stress period:     2    Time step:  2779
    Solving:  Stress period:     2    Time step:  2780
    Solving:  Stress period:     2    Time step:  2781
    Solving:  Stress period:     2    Time step:  2782
    Solving:  Stress period:     2    Time step:  2783
    Solving:  Stress period:     2    Time step:  2784
    Solving:  Stress period:     2    Time step:  2785
    Solving:  Stress period:     2    Time step:  2786
    Solving:  Stress period:     2    Time step:  2787
    Solving:  Stress period:     2    Time step:  2788
    Solving:  Stress period:     2    Time step:  2789
    Solving:  Stress period:     2    Time step:  2790
    Solving:  Stress period:     2    Time step:  2791
    Solving:  Stress period:     2    Time step:  2792
    Solving:  Stress period:     2    Time step:  2793
    Solving:  Stress period:     2    Time step:  2794
    Solving:  Stress period:     2    Time step:  2795
    Solving:  Stress period:     2    Time step:  2796
    Solving:  Stress period:     2    Time step:  2797
    Solving:  Stress period:     2    Time step:  2798
    Solving:  Stress period:     2    Time step:  2799
    Solving:  Stress period:     2    Time step:  2800
    Solving:  Stress period:     2    Time step:  2801
    Solving:  Stress period:     2    Time step:  2802
    Solving:  Stress period:     2    Time step:  2803
    Solving:  Stress period:     2    Time step:  2804
    Solving:  Stress period:     2    Time step:  2805
    Solving:  Stress period:     2    Time step:  2806
    Solving:  Stress period:     2    Time step:  2807
    Solving:  Stress period:     2    Time step:  2808
    Solving:  Stress period:     2    Time step:  2809
    Solving:  Stress period:     2    Time step:  2810
    Solving:  Stress period:     2    Time step:  2811
    Solving:  Stress period:     2    Time step:  2812
    Solving:  Stress period:     2    Time step:  2813
    Solving:  Stress period:     2    Time step:  2814
    Solving:  Stress period:     2    Time step:  2815
    Solving:  Stress period:     2    Time step:  2816
    Solving:  Stress period:     2    Time step:  2817
    Solving:  Stress period:     2    Time step:  2818
    Solving:  Stress period:     2    Time step:  2819
    Solving:  Stress period:     2    Time step:  2820
    Solving:  Stress period:     2    Time step:  2821
    Solving:  Stress period:     2    Time step:  2822
    Solving:  Stress period:     2    Time step:  2823
    Solving:  Stress period:     2    Time step:  2824
    Solving:  Stress period:     2    Time step:  2825
    Solving:  Stress period:     2    Time step:  2826
    Solving:  Stress period:     2    Time step:  2827
    Solving:  Stress period:     2    Time step:  2828
    Solving:  Stress period:     2    Time step:  2829
    Solving:  Stress period:     2    Time step:  2830
    Solving:  Stress period:     2    Time step:  2831
    Solving:  Stress period:     2    Time step:  2832
    Solving:  Stress period:     2    Time step:  2833
    Solving:  Stress period:     2    Time step:  2834
    Solving:  Stress period:     2    Time step:  2835
    Solving:  Stress period:     2    Time step:  2836
    Solving:  Stress period:     2    Time step:  2837
    Solving:  Stress period:     2    Time step:  2838
    Solving:  Stress period:     2    Time step:  2839
    Solving:  Stress period:     2    Time step:  2840
    Solving:  Stress period:     2    Time step:  2841
    Solving:  Stress period:     2    Time step:  2842
    Solving:  Stress period:     2    Time step:  2843
    Solving:  Stress period:     2    Time step:  2844
    Solving:  Stress period:     2    Time step:  2845
    Solving:  Stress period:     2    Time step:  2846
    Solving:  Stress period:     2    Time step:  2847
    Solving:  Stress period:     2    Time step:  2848
    Solving:  Stress period:     2    Time step:  2849
    Solving:  Stress period:     2    Time step:  2850
    Solving:  Stress period:     2    Time step:  2851
    Solving:  Stress period:     2    Time step:  2852
    Solving:  Stress period:     2    Time step:  2853
    Solving:  Stress period:     2    Time step:  2854
    Solving:  Stress period:     2    Time step:  2855
    Solving:  Stress period:     2    Time step:  2856
    Solving:  Stress period:     2    Time step:  2857
    Solving:  Stress period:     2    Time step:  2858
    Solving:  Stress period:     2    Time step:  2859
    Solving:  Stress period:     2    Time step:  2860
    Solving:  Stress period:     2    Time step:  2861
    Solving:  Stress period:     2    Time step:  2862
    Solving:  Stress period:     2    Time step:  2863
    Solving:  Stress period:     2    Time step:  2864
    Solving:  Stress period:     2    Time step:  2865
    Solving:  Stress period:     2    Time step:  2866
    Solving:  Stress period:     2    Time step:  2867
    Solving:  Stress period:     2    Time step:  2868
    Solving:  Stress period:     2    Time step:  2869
    Solving:  Stress period:     2    Time step:  2870
    Solving:  Stress period:     2    Time step:  2871
    Solving:  Stress period:     2    Time step:  2872
    Solving:  Stress period:     2    Time step:  2873
    Solving:  Stress period:     2    Time step:  2874
    Solving:  Stress period:     2    Time step:  2875
    Solving:  Stress period:     2    Time step:  2876
    Solving:  Stress period:     2    Time step:  2877
    Solving:  Stress period:     2    Time step:  2878
    Solving:  Stress period:     2    Time step:  2879
    Solving:  Stress period:     2    Time step:  2880
    Solving:  Stress period:     2    Time step:  2881
    Solving:  Stress period:     2    Time step:  2882
    Solving:  Stress period:     2    Time step:  2883
    Solving:  Stress period:     2    Time step:  2884
    Solving:  Stress period:     2    Time step:  2885
    Solving:  Stress period:     2    Time step:  2886
    Solving:  Stress period:     2    Time step:  2887
    Solving:  Stress period:     2    Time step:  2888
    Solving:  Stress period:     2    Time step:  2889
    Solving:  Stress period:     2    Time step:  2890
    Solving:  Stress period:     2    Time step:  2891
    Solving:  Stress period:     2    Time step:  2892
    Solving:  Stress period:     2    Time step:  2893
    Solving:  Stress period:     2    Time step:  2894
    Solving:  Stress period:     2    Time step:  2895
    Solving:  Stress period:     2    Time step:  2896
    Solving:  Stress period:     2    Time step:  2897
    Solving:  Stress period:     2    Time step:  2898
    Solving:  Stress period:     2    Time step:  2899
    Solving:  Stress period:     2    Time step:  2900
    Solving:  Stress period:     2    Time step:  2901
    Solving:  Stress period:     2    Time step:  2902
    Solving:  Stress period:     2    Time step:  2903
    Solving:  Stress period:     2    Time step:  2904
    Solving:  Stress period:     2    Time step:  2905
    Solving:  Stress period:     2    Time step:  2906
    Solving:  Stress period:     2    Time step:  2907
    Solving:  Stress period:     2    Time step:  2908
    Solving:  Stress period:     2    Time step:  2909
    Solving:  Stress period:     2    Time step:  2910
    Solving:  Stress period:     2    Time step:  2911
    Solving:  Stress period:     2    Time step:  2912
    Solving:  Stress period:     2    Time step:  2913
    Solving:  Stress period:     2    Time step:  2914
    Solving:  Stress period:     2    Time step:  2915
    Solving:  Stress period:     2    Time step:  2916
    Solving:  Stress period:     2    Time step:  2917
    Solving:  Stress period:     2    Time step:  2918
    Solving:  Stress period:     2    Time step:  2919
    Solving:  Stress period:     2    Time step:  2920
    Solving:  Stress period:     2    Time step:  2921
    Solving:  Stress period:     2    Time step:  2922
    Solving:  Stress period:     2    Time step:  2923
    Solving:  Stress period:     2    Time step:  2924
    Solving:  Stress period:     2    Time step:  2925
    Solving:  Stress period:     2    Time step:  2926
    Solving:  Stress period:     2    Time step:  2927
    Solving:  Stress period:     2    Time step:  2928
    Solving:  Stress period:     2    Time step:  2929
    Solving:  Stress period:     2    Time step:  2930
    Solving:  Stress period:     2    Time step:  2931
    Solving:  Stress period:     2    Time step:  2932
    Solving:  Stress period:     2    Time step:  2933
    Solving:  Stress period:     2    Time step:  2934
    Solving:  Stress period:     2    Time step:  2935
    Solving:  Stress period:     2    Time step:  2936
    Solving:  Stress period:     2    Time step:  2937
    Solving:  Stress period:     2    Time step:  2938
    Solving:  Stress period:     2    Time step:  2939
    Solving:  Stress period:     2    Time step:  2940
    Solving:  Stress period:     2    Time step:  2941
    Solving:  Stress period:     2    Time step:  2942
    Solving:  Stress period:     2    Time step:  2943
    Solving:  Stress period:     2    Time step:  2944
    Solving:  Stress period:     2    Time step:  2945
    Solving:  Stress period:     2    Time step:  2946
    Solving:  Stress period:     2    Time step:  2947
    Solving:  Stress period:     2    Time step:  2948
    Solving:  Stress period:     2    Time step:  2949
    Solving:  Stress period:     2    Time step:  2950
    Solving:  Stress period:     2    Time step:  2951
    Solving:  Stress period:     2    Time step:  2952
    Solving:  Stress period:     2    Time step:  2953
    Solving:  Stress period:     2    Time step:  2954
    Solving:  Stress period:     2    Time step:  2955
    Solving:  Stress period:     2    Time step:  2956
    Solving:  Stress period:     2    Time step:  2957
    Solving:  Stress period:     2    Time step:  2958
    Solving:  Stress period:     2    Time step:  2959
    Solving:  Stress period:     2    Time step:  2960
    Solving:  Stress period:     2    Time step:  2961
    Solving:  Stress period:     2    Time step:  2962
    Solving:  Stress period:     2    Time step:  2963
    Solving:  Stress period:     2    Time step:  2964
    Solving:  Stress period:     2    Time step:  2965
    Solving:  Stress period:     2    Time step:  2966
    Solving:  Stress period:     2    Time step:  2967
    Solving:  Stress period:     2    Time step:  2968
    Solving:  Stress period:     2    Time step:  2969
    Solving:  Stress period:     2    Time step:  2970
    Solving:  Stress period:     2    Time step:  2971
    Solving:  Stress period:     2    Time step:  2972
    Solving:  Stress period:     2    Time step:  2973
    Solving:  Stress period:     2    Time step:  2974
    Solving:  Stress period:     2    Time step:  2975
    Solving:  Stress period:     2    Time step:  2976
    Solving:  Stress period:     2    Time step:  2977
    Solving:  Stress period:     2    Time step:  2978
    Solving:  Stress period:     2    Time step:  2979
    Solving:  Stress period:     2    Time step:  2980
    Solving:  Stress period:     2    Time step:  2981
    Solving:  Stress period:     2    Time step:  2982
    Solving:  Stress period:     2    Time step:  2983
    Solving:  Stress period:     2    Time step:  2984
    Solving:  Stress period:     2    Time step:  2985
    Solving:  Stress period:     2    Time step:  2986
    Solving:  Stress period:     2    Time step:  2987
    Solving:  Stress period:     2    Time step:  2988
    Solving:  Stress period:     2    Time step:  2989
    Solving:  Stress period:     2    Time step:  2990
    Solving:  Stress period:     2    Time step:  2991
    Solving:  Stress period:     2    Time step:  2992
    Solving:  Stress period:     2    Time step:  2993
    Solving:  Stress period:     2    Time step:  2994
    Solving:  Stress period:     2    Time step:  2995
    Solving:  Stress period:     2    Time step:  2996
    Solving:  Stress period:     2    Time step:  2997
    Solving:  Stress period:     2    Time step:  2998
    Solving:  Stress period:     2    Time step:  2999
    Solving:  Stress period:     2    Time step:  3000
    Solving:  Stress period:     2    Time step:  3001
    Solving:  Stress period:     2    Time step:  3002
    Solving:  Stress period:     2    Time step:  3003
    Solving:  Stress period:     2    Time step:  3004
    Solving:  Stress period:     2    Time step:  3005
    Solving:  Stress period:     2    Time step:  3006
    Solving:  Stress period:     2    Time step:  3007
    Solving:  Stress period:     2    Time step:  3008
    Solving:  Stress period:     2    Time step:  3009
    Solving:  Stress period:     2    Time step:  3010
    Solving:  Stress period:     2    Time step:  3011
    Solving:  Stress period:     2    Time step:  3012
    Solving:  Stress period:     2    Time step:  3013
    Solving:  Stress period:     2    Time step:  3014
    Solving:  Stress period:     2    Time step:  3015
    Solving:  Stress period:     2    Time step:  3016
    Solving:  Stress period:     2    Time step:  3017
    Solving:  Stress period:     2    Time step:  3018
    Solving:  Stress period:     2    Time step:  3019
    Solving:  Stress period:     2    Time step:  3020
    Solving:  Stress period:     2    Time step:  3021
    Solving:  Stress period:     2    Time step:  3022
    Solving:  Stress period:     2    Time step:  3023
    Solving:  Stress period:     2    Time step:  3024
    Solving:  Stress period:     2    Time step:  3025
    Solving:  Stress period:     2    Time step:  3026
    Solving:  Stress period:     2    Time step:  3027
    Solving:  Stress period:     2    Time step:  3028
    Solving:  Stress period:     2    Time step:  3029
    Solving:  Stress period:     2    Time step:  3030
    Solving:  Stress period:     2    Time step:  3031
    Solving:  Stress period:     2    Time step:  3032
    Solving:  Stress period:     2    Time step:  3033
    Solving:  Stress period:     2    Time step:  3034
    Solving:  Stress period:     2    Time step:  3035
    Solving:  Stress period:     2    Time step:  3036
    Solving:  Stress period:     2    Time step:  3037
    Solving:  Stress period:     2    Time step:  3038
    Solving:  Stress period:     2    Time step:  3039
    Solving:  Stress period:     2    Time step:  3040
    Solving:  Stress period:     2    Time step:  3041
    Solving:  Stress period:     2    Time step:  3042
    Solving:  Stress period:     2    Time step:  3043
    Solving:  Stress period:     2    Time step:  3044
    Solving:  Stress period:     2    Time step:  3045
    Solving:  Stress period:     2    Time step:  3046
    Solving:  Stress period:     2    Time step:  3047
    Solving:  Stress period:     2    Time step:  3048
    Solving:  Stress period:     2    Time step:  3049
    Solving:  Stress period:     2    Time step:  3050
    Solving:  Stress period:     2    Time step:  3051
    Solving:  Stress period:     2    Time step:  3052
    Solving:  Stress period:     2    Time step:  3053
    Solving:  Stress period:     2    Time step:  3054
    Solving:  Stress period:     2    Time step:  3055
    Solving:  Stress period:     2    Time step:  3056
    Solving:  Stress period:     2    Time step:  3057
    Solving:  Stress period:     2    Time step:  3058
    Solving:  Stress period:     2    Time step:  3059
    Solving:  Stress period:     2    Time step:  3060
    Solving:  Stress period:     2    Time step:  3061
    Solving:  Stress period:     2    Time step:  3062
    Solving:  Stress period:     2    Time step:  3063
    Solving:  Stress period:     2    Time step:  3064
    Solving:  Stress period:     2    Time step:  3065
    Solving:  Stress period:     2    Time step:  3066
    Solving:  Stress period:     2    Time step:  3067
    Solving:  Stress period:     2    Time step:  3068
    Solving:  Stress period:     2    Time step:  3069
    Solving:  Stress period:     2    Time step:  3070
    Solving:  Stress period:     2    Time step:  3071
    Solving:  Stress period:     2    Time step:  3072
    Solving:  Stress period:     2    Time step:  3073
    Solving:  Stress period:     2    Time step:  3074
    Solving:  Stress period:     2    Time step:  3075
    Solving:  Stress period:     2    Time step:  3076
    Solving:  Stress period:     2    Time step:  3077
    Solving:  Stress period:     2    Time step:  3078
    Solving:  Stress period:     2    Time step:  3079
    Solving:  Stress period:     2    Time step:  3080
    Solving:  Stress period:     2    Time step:  3081
    Solving:  Stress period:     2    Time step:  3082
    Solving:  Stress period:     2    Time step:  3083
    Solving:  Stress period:     2    Time step:  3084
    Solving:  Stress period:     2    Time step:  3085
    Solving:  Stress period:     2    Time step:  3086
    Solving:  Stress period:     2    Time step:  3087
    Solving:  Stress period:     2    Time step:  3088
    Solving:  Stress period:     2    Time step:  3089
    Solving:  Stress period:     2    Time step:  3090
    Solving:  Stress period:     2    Time step:  3091
    Solving:  Stress period:     2    Time step:  3092
    Solving:  Stress period:     2    Time step:  3093
    Solving:  Stress period:     2    Time step:  3094
    Solving:  Stress period:     2    Time step:  3095
    Solving:  Stress period:     2    Time step:  3096
    Solving:  Stress period:     2    Time step:  3097
    Solving:  Stress period:     2    Time step:  3098
    Solving:  Stress period:     2    Time step:  3099
    Solving:  Stress period:     2    Time step:  3100
    Solving:  Stress period:     2    Time step:  3101
    Solving:  Stress period:     2    Time step:  3102
    Solving:  Stress period:     2    Time step:  3103
    Solving:  Stress period:     2    Time step:  3104
    Solving:  Stress period:     2    Time step:  3105
    Solving:  Stress period:     2    Time step:  3106
    Solving:  Stress period:     2    Time step:  3107
    Solving:  Stress period:     2    Time step:  3108
    Solving:  Stress period:     2    Time step:  3109
    Solving:  Stress period:     2    Time step:  3110
    Solving:  Stress period:     2    Time step:  3111
    Solving:  Stress period:     2    Time step:  3112
    Solving:  Stress period:     2    Time step:  3113
    Solving:  Stress period:     2    Time step:  3114
    Solving:  Stress period:     2    Time step:  3115
    Solving:  Stress period:     2    Time step:  3116
    Solving:  Stress period:     2    Time step:  3117
    Solving:  Stress period:     2    Time step:  3118
    Solving:  Stress period:     2    Time step:  3119
    Solving:  Stress period:     2    Time step:  3120
    Solving:  Stress period:     2    Time step:  3121
    Solving:  Stress period:     2    Time step:  3122
    Solving:  Stress period:     2    Time step:  3123
    Solving:  Stress period:     2    Time step:  3124
    Solving:  Stress period:     2    Time step:  3125
    Solving:  Stress period:     2    Time step:  3126
    Solving:  Stress period:     2    Time step:  3127
    Solving:  Stress period:     2    Time step:  3128
    Solving:  Stress period:     2    Time step:  3129
    Solving:  Stress period:     2    Time step:  3130
    Solving:  Stress period:     2    Time step:  3131
    Solving:  Stress period:     2    Time step:  3132
    Solving:  Stress period:     2    Time step:  3133
    Solving:  Stress period:     2    Time step:  3134
    Solving:  Stress period:     2    Time step:  3135
    Solving:  Stress period:     2    Time step:  3136
    Solving:  Stress period:     2    Time step:  3137
    Solving:  Stress period:     2    Time step:  3138
    Solving:  Stress period:     2    Time step:  3139
    Solving:  Stress period:     2    Time step:  3140
    Solving:  Stress period:     2    Time step:  3141
    Solving:  Stress period:     2    Time step:  3142
    Solving:  Stress period:     2    Time step:  3143
    Solving:  Stress period:     2    Time step:  3144
    Solving:  Stress period:     2    Time step:  3145
    Solving:  Stress period:     2    Time step:  3146
    Solving:  Stress period:     2    Time step:  3147
    Solving:  Stress period:     2    Time step:  3148
    Solving:  Stress period:     2    Time step:  3149
    Solving:  Stress period:     2    Time step:  3150
    Solving:  Stress period:     2    Time step:  3151
    Solving:  Stress period:     2    Time step:  3152
    Solving:  Stress period:     2    Time step:  3153
    Solving:  Stress period:     2    Time step:  3154
    Solving:  Stress period:     2    Time step:  3155
    Solving:  Stress period:     2    Time step:  3156
    Solving:  Stress period:     2    Time step:  3157
    Solving:  Stress period:     2    Time step:  3158
    Solving:  Stress period:     2    Time step:  3159
    Solving:  Stress period:     2    Time step:  3160
    Solving:  Stress period:     2    Time step:  3161
    Solving:  Stress period:     2    Time step:  3162
    Solving:  Stress period:     2    Time step:  3163
    Solving:  Stress period:     2    Time step:  3164
    Solving:  Stress period:     2    Time step:  3165
    Solving:  Stress period:     2    Time step:  3166
    Solving:  Stress period:     2    Time step:  3167
    Solving:  Stress period:     2    Time step:  3168
    Solving:  Stress period:     2    Time step:  3169
    Solving:  Stress period:     2    Time step:  3170
    Solving:  Stress period:     2    Time step:  3171
    Solving:  Stress period:     2    Time step:  3172
    Solving:  Stress period:     2    Time step:  3173
    Solving:  Stress period:     2    Time step:  3174
    Solving:  Stress period:     2    Time step:  3175
    Solving:  Stress period:     2    Time step:  3176
    Solving:  Stress period:     2    Time step:  3177
    Solving:  Stress period:     2    Time step:  3178
    Solving:  Stress period:     2    Time step:  3179
    Solving:  Stress period:     2    Time step:  3180
    Solving:  Stress period:     2    Time step:  3181
    Solving:  Stress period:     2    Time step:  3182
    Solving:  Stress period:     2    Time step:  3183
    Solving:  Stress period:     2    Time step:  3184
    Solving:  Stress period:     2    Time step:  3185
    Solving:  Stress period:     2    Time step:  3186
    Solving:  Stress period:     2    Time step:  3187
    Solving:  Stress period:     2    Time step:  3188
    Solving:  Stress period:     2    Time step:  3189
    Solving:  Stress period:     2    Time step:  3190
    Solving:  Stress period:     2    Time step:  3191
    Solving:  Stress period:     2    Time step:  3192
    Solving:  Stress period:     2    Time step:  3193
    Solving:  Stress period:     2    Time step:  3194
    Solving:  Stress period:     2    Time step:  3195
    Solving:  Stress period:     2    Time step:  3196
    Solving:  Stress period:     2    Time step:  3197
    Solving:  Stress period:     2    Time step:  3198
    Solving:  Stress period:     2    Time step:  3199
    Solving:  Stress period:     2    Time step:  3200
    Solving:  Stress period:     2    Time step:  3201
    Solving:  Stress period:     2    Time step:  3202
    Solving:  Stress period:     2    Time step:  3203
    Solving:  Stress period:     2    Time step:  3204
    Solving:  Stress period:     2    Time step:  3205
    Solving:  Stress period:     2    Time step:  3206
    Solving:  Stress period:     2    Time step:  3207
    Solving:  Stress period:     2    Time step:  3208
    Solving:  Stress period:     2    Time step:  3209
    Solving:  Stress period:     2    Time step:  3210
    Solving:  Stress period:     2    Time step:  3211
    Solving:  Stress period:     2    Time step:  3212
    Solving:  Stress period:     2    Time step:  3213
    Solving:  Stress period:     2    Time step:  3214
    Solving:  Stress period:     2    Time step:  3215
    Solving:  Stress period:     2    Time step:  3216
    Solving:  Stress period:     2    Time step:  3217
    Solving:  Stress period:     2    Time step:  3218
    Solving:  Stress period:     2    Time step:  3219
    Solving:  Stress period:     2    Time step:  3220
    Solving:  Stress period:     2    Time step:  3221
    Solving:  Stress period:     2    Time step:  3222
    Solving:  Stress period:     2    Time step:  3223
    Solving:  Stress period:     2    Time step:  3224
    Solving:  Stress period:     2    Time step:  3225
    Solving:  Stress period:     2    Time step:  3226
    Solving:  Stress period:     2    Time step:  3227
    Solving:  Stress period:     2    Time step:  3228
    Solving:  Stress period:     2    Time step:  3229
    Solving:  Stress period:     2    Time step:  3230
    Solving:  Stress period:     2    Time step:  3231
    Solving:  Stress period:     2    Time step:  3232
    Solving:  Stress period:     2    Time step:  3233
    Solving:  Stress period:     2    Time step:  3234
    Solving:  Stress period:     2    Time step:  3235
    Solving:  Stress period:     2    Time step:  3236
    Solving:  Stress period:     2    Time step:  3237
    Solving:  Stress period:     2    Time step:  3238
    Solving:  Stress period:     2    Time step:  3239
    Solving:  Stress period:     2    Time step:  3240
    Solving:  Stress period:     2    Time step:  3241
    Solving:  Stress period:     2    Time step:  3242
    Solving:  Stress period:     2    Time step:  3243
    Solving:  Stress period:     2    Time step:  3244
    Solving:  Stress period:     2    Time step:  3245
    Solving:  Stress period:     2    Time step:  3246
    Solving:  Stress period:     2    Time step:  3247
    Solving:  Stress period:     2    Time step:  3248
    Solving:  Stress period:     2    Time step:  3249
    Solving:  Stress period:     2    Time step:  3250
    Solving:  Stress period:     2    Time step:  3251
    Solving:  Stress period:     2    Time step:  3252
    Solving:  Stress period:     2    Time step:  3253
    Solving:  Stress period:     2    Time step:  3254
    Solving:  Stress period:     2    Time step:  3255
    Solving:  Stress period:     2    Time step:  3256
    Solving:  Stress period:     2    Time step:  3257
    Solving:  Stress period:     2    Time step:  3258
    Solving:  Stress period:     2    Time step:  3259
    Solving:  Stress period:     2    Time step:  3260
    Solving:  Stress period:     2    Time step:  3261
    Solving:  Stress period:     2    Time step:  3262
    Solving:  Stress period:     2    Time step:  3263
    Solving:  Stress period:     2    Time step:  3264
    Solving:  Stress period:     2    Time step:  3265
    Solving:  Stress period:     2    Time step:  3266
    Solving:  Stress period:     2    Time step:  3267
    Solving:  Stress period:     2    Time step:  3268
    Solving:  Stress period:     2    Time step:  3269
    Solving:  Stress period:     2    Time step:  3270
    Solving:  Stress period:     2    Time step:  3271
    Solving:  Stress period:     2    Time step:  3272
    Solving:  Stress period:     2    Time step:  3273
    Solving:  Stress period:     2    Time step:  3274
    Solving:  Stress period:     2    Time step:  3275
    Solving:  Stress period:     2    Time step:  3276
    Solving:  Stress period:     2    Time step:  3277
    Solving:  Stress period:     2    Time step:  3278
    Solving:  Stress period:     2    Time step:  3279
    Solving:  Stress period:     2    Time step:  3280
    Solving:  Stress period:     2    Time step:  3281
    Solving:  Stress period:     2    Time step:  3282
    Solving:  Stress period:     2    Time step:  3283
    Solving:  Stress period:     2    Time step:  3284
    Solving:  Stress period:     2    Time step:  3285
    Solving:  Stress period:     2    Time step:  3286
    Solving:  Stress period:     2    Time step:  3287
    Solving:  Stress period:     2    Time step:  3288
    Solving:  Stress period:     2    Time step:  3289
    Solving:  Stress period:     2    Time step:  3290
    Solving:  Stress period:     2    Time step:  3291
    Solving:  Stress period:     2    Time step:  3292
    Solving:  Stress period:     2    Time step:  3293
    Solving:  Stress period:     2    Time step:  3294
    Solving:  Stress period:     2    Time step:  3295
    Solving:  Stress period:     2    Time step:  3296
    Solving:  Stress period:     2    Time step:  3297
    Solving:  Stress period:     2    Time step:  3298
    Solving:  Stress period:     2    Time step:  3299
    Solving:  Stress period:     2    Time step:  3300
    Solving:  Stress period:     2    Time step:  3301
    Solving:  Stress period:     2    Time step:  3302
    Solving:  Stress period:     2    Time step:  3303
    Solving:  Stress period:     2    Time step:  3304
    Solving:  Stress period:     2    Time step:  3305
    Solving:  Stress period:     2    Time step:  3306
    Solving:  Stress period:     2    Time step:  3307
    Solving:  Stress period:     2    Time step:  3308
    Solving:  Stress period:     2    Time step:  3309
    Solving:  Stress period:     2    Time step:  3310
    Solving:  Stress period:     2    Time step:  3311
    Solving:  Stress period:     2    Time step:  3312
    Solving:  Stress period:     2    Time step:  3313
    Solving:  Stress period:     2    Time step:  3314
    Solving:  Stress period:     2    Time step:  3315
    Solving:  Stress period:     2    Time step:  3316
    Solving:  Stress period:     2    Time step:  3317
    Solving:  Stress period:     2    Time step:  3318
    Solving:  Stress period:     2    Time step:  3319
    Solving:  Stress period:     2    Time step:  3320
    Solving:  Stress period:     2    Time step:  3321
    Solving:  Stress period:     2    Time step:  3322
    Solving:  Stress period:     2    Time step:  3323
    Solving:  Stress period:     2    Time step:  3324
    Solving:  Stress period:     2    Time step:  3325
    Solving:  Stress period:     2    Time step:  3326
    Solving:  Stress period:     2    Time step:  3327
    Solving:  Stress period:     2    Time step:  3328
    Solving:  Stress period:     2    Time step:  3329
    Solving:  Stress period:     2    Time step:  3330
    Solving:  Stress period:     2    Time step:  3331
    Solving:  Stress period:     2    Time step:  3332
    Solving:  Stress period:     2    Time step:  3333
    Solving:  Stress period:     2    Time step:  3334
    Solving:  Stress period:     2    Time step:  3335
    Solving:  Stress period:     2    Time step:  3336
    Solving:  Stress period:     2    Time step:  3337
    Solving:  Stress period:     2    Time step:  3338
    Solving:  Stress period:     2    Time step:  3339
    Solving:  Stress period:     2    Time step:  3340
    Solving:  Stress period:     2    Time step:  3341
    Solving:  Stress period:     2    Time step:  3342
    Solving:  Stress period:     2    Time step:  3343
    Solving:  Stress period:     2    Time step:  3344
    Solving:  Stress period:     2    Time step:  3345
    Solving:  Stress period:     2    Time step:  3346
    Solving:  Stress period:     2    Time step:  3347
    Solving:  Stress period:     2    Time step:  3348
    Solving:  Stress period:     2    Time step:  3349
    Solving:  Stress period:     2    Time step:  3350
    Solving:  Stress period:     2    Time step:  3351
    Solving:  Stress period:     2    Time step:  3352
    Solving:  Stress period:     2    Time step:  3353
    Solving:  Stress period:     2    Time step:  3354
    Solving:  Stress period:     2    Time step:  3355
    Solving:  Stress period:     2    Time step:  3356
    Solving:  Stress period:     2    Time step:  3357
    Solving:  Stress period:     2    Time step:  3358
    Solving:  Stress period:     2    Time step:  3359
    Solving:  Stress period:     2    Time step:  3360
    Solving:  Stress period:     2    Time step:  3361
    Solving:  Stress period:     2    Time step:  3362
    Solving:  Stress period:     2    Time step:  3363
    Solving:  Stress period:     2    Time step:  3364
    Solving:  Stress period:     2    Time step:  3365
    Solving:  Stress period:     2    Time step:  3366
    Solving:  Stress period:     2    Time step:  3367
    Solving:  Stress period:     2    Time step:  3368
    Solving:  Stress period:     2    Time step:  3369
    Solving:  Stress period:     2    Time step:  3370
    Solving:  Stress period:     2    Time step:  3371
    Solving:  Stress period:     2    Time step:  3372
    Solving:  Stress period:     2    Time step:  3373
    Solving:  Stress period:     2    Time step:  3374
    Solving:  Stress period:     2    Time step:  3375
    Solving:  Stress period:     2    Time step:  3376
    Solving:  Stress period:     2    Time step:  3377
    Solving:  Stress period:     2    Time step:  3378
    Solving:  Stress period:     2    Time step:  3379
    Solving:  Stress period:     2    Time step:  3380
    Solving:  Stress period:     2    Time step:  3381
    Solving:  Stress period:     2    Time step:  3382
    Solving:  Stress period:     2    Time step:  3383
    Solving:  Stress period:     2    Time step:  3384
    Solving:  Stress period:     2    Time step:  3385
    Solving:  Stress period:     2    Time step:  3386
    Solving:  Stress period:     2    Time step:  3387
    Solving:  Stress period:     2    Time step:  3388
    Solving:  Stress period:     2    Time step:  3389
    Solving:  Stress period:     2    Time step:  3390
    Solving:  Stress period:     2    Time step:  3391
    Solving:  Stress period:     2    Time step:  3392
    Solving:  Stress period:     2    Time step:  3393
    Solving:  Stress period:     2    Time step:  3394
    Solving:  Stress period:     2    Time step:  3395
    Solving:  Stress period:     2    Time step:  3396
    Solving:  Stress period:     2    Time step:  3397
    Solving:  Stress period:     2    Time step:  3398
    Solving:  Stress period:     2    Time step:  3399
    Solving:  Stress period:     2    Time step:  3400
    Solving:  Stress period:     2    Time step:  3401
    Solving:  Stress period:     2    Time step:  3402
    Solving:  Stress period:     2    Time step:  3403
    Solving:  Stress period:     2    Time step:  3404
    Solving:  Stress period:     2    Time step:  3405
    Solving:  Stress period:     2    Time step:  3406
    Solving:  Stress period:     2    Time step:  3407
    Solving:  Stress period:     2    Time step:  3408
    Solving:  Stress period:     2    Time step:  3409
    Solving:  Stress period:     2    Time step:  3410
    Solving:  Stress period:     2    Time step:  3411
    Solving:  Stress period:     2    Time step:  3412
    Solving:  Stress period:     2    Time step:  3413
    Solving:  Stress period:     2    Time step:  3414
    Solving:  Stress period:     2    Time step:  3415
    Solving:  Stress period:     2    Time step:  3416
    Solving:  Stress period:     2    Time step:  3417
    Solving:  Stress period:     2    Time step:  3418
    Solving:  Stress period:     2    Time step:  3419
    Solving:  Stress period:     2    Time step:  3420
    Solving:  Stress period:     2    Time step:  3421
    Solving:  Stress period:     2    Time step:  3422
    Solving:  Stress period:     2    Time step:  3423
    Solving:  Stress period:     2    Time step:  3424
    Solving:  Stress period:     2    Time step:  3425
    Solving:  Stress period:     2    Time step:  3426
    Solving:  Stress period:     2    Time step:  3427
    Solving:  Stress period:     2    Time step:  3428
    Solving:  Stress period:     2    Time step:  3429
    Solving:  Stress period:     2    Time step:  3430
    Solving:  Stress period:     2    Time step:  3431
    Solving:  Stress period:     2    Time step:  3432
    Solving:  Stress period:     2    Time step:  3433
    Solving:  Stress period:     2    Time step:  3434
    Solving:  Stress period:     2    Time step:  3435
    Solving:  Stress period:     2    Time step:  3436
    Solving:  Stress period:     2    Time step:  3437
    Solving:  Stress period:     2    Time step:  3438
    Solving:  Stress period:     2    Time step:  3439
    Solving:  Stress period:     2    Time step:  3440
    Solving:  Stress period:     2    Time step:  3441
    Solving:  Stress period:     2    Time step:  3442
    Solving:  Stress period:     2    Time step:  3443
    Solving:  Stress period:     2    Time step:  3444
    Solving:  Stress period:     2    Time step:  3445
    Solving:  Stress period:     2    Time step:  3446
    Solving:  Stress period:     2    Time step:  3447
    Solving:  Stress period:     2    Time step:  3448
    Solving:  Stress period:     2    Time step:  3449
    Solving:  Stress period:     2    Time step:  3450
    Solving:  Stress period:     2    Time step:  3451
    Solving:  Stress period:     2    Time step:  3452
    Solving:  Stress period:     2    Time step:  3453
    Solving:  Stress period:     2    Time step:  3454
    Solving:  Stress period:     2    Time step:  3455
    Solving:  Stress period:     2    Time step:  3456
    Solving:  Stress period:     2    Time step:  3457
    Solving:  Stress period:     2    Time step:  3458
    Solving:  Stress period:     2    Time step:  3459
    Solving:  Stress period:     2    Time step:  3460
    Solving:  Stress period:     2    Time step:  3461
    Solving:  Stress period:     2    Time step:  3462
    Solving:  Stress period:     2    Time step:  3463
    Solving:  Stress period:     2    Time step:  3464
    Solving:  Stress period:     2    Time step:  3465
    Solving:  Stress period:     2    Time step:  3466
    Solving:  Stress period:     2    Time step:  3467
    Solving:  Stress period:     2    Time step:  3468
    Solving:  Stress period:     2    Time step:  3469
    Solving:  Stress period:     2    Time step:  3470
    Solving:  Stress period:     2    Time step:  3471
    Solving:  Stress period:     2    Time step:  3472
    Solving:  Stress period:     2    Time step:  3473
    Solving:  Stress period:     2    Time step:  3474
    Solving:  Stress period:     2    Time step:  3475
    Solving:  Stress period:     2    Time step:  3476
    Solving:  Stress period:     2    Time step:  3477
    Solving:  Stress period:     2    Time step:  3478
    Solving:  Stress period:     2    Time step:  3479
    Solving:  Stress period:     2    Time step:  3480
    Solving:  Stress period:     2    Time step:  3481
    Solving:  Stress period:     2    Time step:  3482
    Solving:  Stress period:     2    Time step:  3483
    Solving:  Stress period:     2    Time step:  3484
    Solving:  Stress period:     2    Time step:  3485
    Solving:  Stress period:     2    Time step:  3486
    Solving:  Stress period:     2    Time step:  3487
    Solving:  Stress period:     2    Time step:  3488
    Solving:  Stress period:     2    Time step:  3489
    Solving:  Stress period:     2    Time step:  3490
    Solving:  Stress period:     2    Time step:  3491
    Solving:  Stress period:     2    Time step:  3492
    Solving:  Stress period:     2    Time step:  3493
    Solving:  Stress period:     2    Time step:  3494
    Solving:  Stress period:     2    Time step:  3495
    Solving:  Stress period:     2    Time step:  3496
    Solving:  Stress period:     2    Time step:  3497
    Solving:  Stress period:     2    Time step:  3498
    Solving:  Stress period:     2    Time step:  3499
    Solving:  Stress period:     2    Time step:  3500
    Solving:  Stress period:     2    Time step:  3501
    Solving:  Stress period:     2    Time step:  3502
    Solving:  Stress period:     2    Time step:  3503
    Solving:  Stress period:     2    Time step:  3504
    Solving:  Stress period:     2    Time step:  3505
    Solving:  Stress period:     2    Time step:  3506
    Solving:  Stress period:     2    Time step:  3507
    Solving:  Stress period:     2    Time step:  3508
    Solving:  Stress period:     2    Time step:  3509
    Solving:  Stress period:     2    Time step:  3510
    Solving:  Stress period:     2    Time step:  3511
    Solving:  Stress period:     2    Time step:  3512
    Solving:  Stress period:     2    Time step:  3513
    Solving:  Stress period:     2    Time step:  3514
    Solving:  Stress period:     2    Time step:  3515
    Solving:  Stress period:     2    Time step:  3516
    Solving:  Stress period:     2    Time step:  3517
    Solving:  Stress period:     2    Time step:  3518
    Solving:  Stress period:     2    Time step:  3519
    Solving:  Stress period:     2    Time step:  3520
    Solving:  Stress period:     2    Time step:  3521
    Solving:  Stress period:     2    Time step:  3522
    Solving:  Stress period:     2    Time step:  3523
    Solving:  Stress period:     2    Time step:  3524
    Solving:  Stress period:     2    Time step:  3525
    Solving:  Stress period:     2    Time step:  3526
    Solving:  Stress period:     2    Time step:  3527
    Solving:  Stress period:     2    Time step:  3528
    Solving:  Stress period:     2    Time step:  3529
    Solving:  Stress period:     2    Time step:  3530
    Solving:  Stress period:     2    Time step:  3531
    Solving:  Stress period:     2    Time step:  3532
    Solving:  Stress period:     2    Time step:  3533
    Solving:  Stress period:     2    Time step:  3534
    Solving:  Stress period:     2    Time step:  3535
    Solving:  Stress period:     2    Time step:  3536
    Solving:  Stress period:     2    Time step:  3537
    Solving:  Stress period:     2    Time step:  3538
    Solving:  Stress period:     2    Time step:  3539
    Solving:  Stress period:     2    Time step:  3540
    Solving:  Stress period:     2    Time step:  3541
    Solving:  Stress period:     2    Time step:  3542
    Solving:  Stress period:     2    Time step:  3543
    Solving:  Stress period:     2    Time step:  3544
    Solving:  Stress period:     2    Time step:  3545
    Solving:  Stress period:     2    Time step:  3546
    Solving:  Stress period:     2    Time step:  3547
    Solving:  Stress period:     2    Time step:  3548
    Solving:  Stress period:     2    Time step:  3549
    Solving:  Stress period:     2    Time step:  3550
    Solving:  Stress period:     2    Time step:  3551
    Solving:  Stress period:     2    Time step:  3552
    Solving:  Stress period:     2    Time step:  3553
    Solving:  Stress period:     2    Time step:  3554
    Solving:  Stress period:     2    Time step:  3555
    Solving:  Stress period:     2    Time step:  3556
    Solving:  Stress period:     2    Time step:  3557
    Solving:  Stress period:     2    Time step:  3558
    Solving:  Stress period:     2    Time step:  3559
    Solving:  Stress period:     2    Time step:  3560
    Solving:  Stress period:     2    Time step:  3561
    Solving:  Stress period:     2    Time step:  3562
    Solving:  Stress period:     2    Time step:  3563
    Solving:  Stress period:     2    Time step:  3564
    Solving:  Stress period:     2    Time step:  3565
    Solving:  Stress period:     2    Time step:  3566
    Solving:  Stress period:     2    Time step:  3567
    Solving:  Stress period:     2    Time step:  3568
    Solving:  Stress period:     2    Time step:  3569
    Solving:  Stress period:     2    Time step:  3570
    Solving:  Stress period:     2    Time step:  3571
    Solving:  Stress period:     2    Time step:  3572
    Solving:  Stress period:     2    Time step:  3573
    Solving:  Stress period:     2    Time step:  3574
    Solving:  Stress period:     2    Time step:  3575
    Solving:  Stress period:     2    Time step:  3576
    Solving:  Stress period:     2    Time step:  3577
    Solving:  Stress period:     2    Time step:  3578
    Solving:  Stress period:     2    Time step:  3579
    Solving:  Stress period:     2    Time step:  3580
    Solving:  Stress period:     2    Time step:  3581
    Solving:  Stress period:     2    Time step:  3582
    Solving:  Stress period:     2    Time step:  3583
    Solving:  Stress period:     2    Time step:  3584
    Solving:  Stress period:     2    Time step:  3585
    Solving:  Stress period:     2    Time step:  3586
    Solving:  Stress period:     2    Time step:  3587
    Solving:  Stress period:     2    Time step:  3588
    Solving:  Stress period:     2    Time step:  3589
    Solving:  Stress period:     2    Time step:  3590
    Solving:  Stress period:     2    Time step:  3591
    Solving:  Stress period:     2    Time step:  3592
    Solving:  Stress period:     2    Time step:  3593
    Solving:  Stress period:     2    Time step:  3594
    Solving:  Stress period:     2    Time step:  3595
    Solving:  Stress period:     2    Time step:  3596
    Solving:  Stress period:     2    Time step:  3597
    Solving:  Stress period:     2    Time step:  3598
    Solving:  Stress period:     2    Time step:  3599
    Solving:  Stress period:     2    Time step:  3600
    Solving:  Stress period:     2    Time step:  3601
    Solving:  Stress period:     2    Time step:  3602
    Solving:  Stress period:     2    Time step:  3603
    Solving:  Stress period:     2    Time step:  3604
    Solving:  Stress period:     2    Time step:  3605
    Solving:  Stress period:     2    Time step:  3606
    Solving:  Stress period:     2    Time step:  3607
    Solving:  Stress period:     2    Time step:  3608
    Solving:  Stress period:     2    Time step:  3609
    Solving:  Stress period:     2    Time step:  3610
    Solving:  Stress period:     2    Time step:  3611
    Solving:  Stress period:     2    Time step:  3612
    Solving:  Stress period:     2    Time step:  3613
    Solving:  Stress period:     2    Time step:  3614
    Solving:  Stress period:     2    Time step:  3615
    Solving:  Stress period:     2    Time step:  3616
    Solving:  Stress period:     2    Time step:  3617
    Solving:  Stress period:     2    Time step:  3618
    Solving:  Stress period:     2    Time step:  3619
    Solving:  Stress period:     2    Time step:  3620
    Solving:  Stress period:     2    Time step:  3621
    Solving:  Stress period:     2    Time step:  3622
    Solving:  Stress period:     2    Time step:  3623
    Solving:  Stress period:     2    Time step:  3624
    Solving:  Stress period:     2    Time step:  3625
    Solving:  Stress period:     2    Time step:  3626
    Solving:  Stress period:     2    Time step:  3627
    Solving:  Stress period:     2    Time step:  3628
    Solving:  Stress period:     2    Time step:  3629
    Solving:  Stress period:     2    Time step:  3630
    Solving:  Stress period:     2    Time step:  3631
    Solving:  Stress period:     2    Time step:  3632
    Solving:  Stress period:     2    Time step:  3633
    Solving:  Stress period:     2    Time step:  3634
    Solving:  Stress period:     2    Time step:  3635
    Solving:  Stress period:     2    Time step:  3636
    Solving:  Stress period:     2    Time step:  3637
    Solving:  Stress period:     2    Time step:  3638
    Solving:  Stress period:     2    Time step:  3639
    Solving:  Stress period:     2    Time step:  3640
    Solving:  Stress period:     2    Time step:  3641
    Solving:  Stress period:     2    Time step:  3642
    Solving:  Stress period:     2    Time step:  3643
    Solving:  Stress period:     2    Time step:  3644
    Solving:  Stress period:     2    Time step:  3645
    Solving:  Stress period:     2    Time step:  3646
    Solving:  Stress period:     2    Time step:  3647
    Solving:  Stress period:     2    Time step:  3648
    Solving:  Stress period:     2    Time step:  3649
    Solving:  Stress period:     2    Time step:  3650
    Solving:  Stress period:     2    Time step:  3651
    Solving:  Stress period:     2    Time step:  3652
    Solving:  Stress period:     2    Time step:  3653
    Solving:  Stress period:     2    Time step:  3654
    Solving:  Stress period:     2    Time step:  3655
    Solving:  Stress period:     2    Time step:  3656
    Solving:  Stress period:     2    Time step:  3657
    Solving:  Stress period:     2    Time step:  3658
    Solving:  Stress period:     2    Time step:  3659
    Solving:  Stress period:     2    Time step:  3660
    Solving:  Stress period:     2    Time step:  3661
    Solving:  Stress period:     2    Time step:  3662
    Solving:  Stress period:     2    Time step:  3663
    Solving:  Stress period:     2    Time step:  3664
    Solving:  Stress period:     2    Time step:  3665
    Solving:  Stress period:     2    Time step:  3666
    Solving:  Stress period:     2    Time step:  3667
    Solving:  Stress period:     2    Time step:  3668
    Solving:  Stress period:     2    Time step:  3669
    Solving:  Stress period:     2    Time step:  3670
    Solving:  Stress period:     2    Time step:  3671
    Solving:  Stress period:     2    Time step:  3672
    Solving:  Stress period:     2    Time step:  3673
    Solving:  Stress period:     2    Time step:  3674
    Solving:  Stress period:     2    Time step:  3675
    Solving:  Stress period:     2    Time step:  3676
    Solving:  Stress period:     2    Time step:  3677
    Solving:  Stress period:     2    Time step:  3678
    Solving:  Stress period:     2    Time step:  3679
    Solving:  Stress period:     2    Time step:  3680
    Solving:  Stress period:     2    Time step:  3681
    Solving:  Stress period:     2    Time step:  3682
    Solving:  Stress period:     2    Time step:  3683
    Solving:  Stress period:     2    Time step:  3684
    Solving:  Stress period:     2    Time step:  3685
    Solving:  Stress period:     2    Time step:  3686
    Solving:  Stress period:     2    Time step:  3687
    Solving:  Stress period:     2    Time step:  3688
    Solving:  Stress period:     2    Time step:  3689
    Solving:  Stress period:     2    Time step:  3690
    Solving:  Stress period:     2    Time step:  3691
    Solving:  Stress period:     2    Time step:  3692
    Solving:  Stress period:     2    Time step:  3693
    Solving:  Stress period:     2    Time step:  3694
    Solving:  Stress period:     2    Time step:  3695
    Solving:  Stress period:     2    Time step:  3696
    Solving:  Stress period:     2    Time step:  3697
    Solving:  Stress period:     2    Time step:  3698
    Solving:  Stress period:     2    Time step:  3699
    Solving:  Stress period:     2    Time step:  3700
    Solving:  Stress period:     2    Time step:  3701
    Solving:  Stress period:     2    Time step:  3702
    Solving:  Stress period:     2    Time step:  3703
    Solving:  Stress period:     2    Time step:  3704
    Solving:  Stress period:     2    Time step:  3705
    Solving:  Stress period:     2    Time step:  3706
    Solving:  Stress period:     2    Time step:  3707
    Solving:  Stress period:     2    Time step:  3708
    Solving:  Stress period:     2    Time step:  3709
    Solving:  Stress period:     2    Time step:  3710
    Solving:  Stress period:     2    Time step:  3711
    Solving:  Stress period:     2    Time step:  3712
    Solving:  Stress period:     2    Time step:  3713
    Solving:  Stress period:     2    Time step:  3714
    Solving:  Stress period:     2    Time step:  3715
    Solving:  Stress period:     2    Time step:  3716
    Solving:  Stress period:     2    Time step:  3717
    Solving:  Stress period:     2    Time step:  3718
    Solving:  Stress period:     2    Time step:  3719
    Solving:  Stress period:     2    Time step:  3720
    Solving:  Stress period:     2    Time step:  3721
    Solving:  Stress period:     2    Time step:  3722
    Solving:  Stress period:     2    Time step:  3723
    Solving:  Stress period:     2    Time step:  3724
    Solving:  Stress period:     2    Time step:  3725
    Solving:  Stress period:     2    Time step:  3726
    Solving:  Stress period:     2    Time step:  3727
    Solving:  Stress period:     2    Time step:  3728
    Solving:  Stress period:     2    Time step:  3729
    Solving:  Stress period:     2    Time step:  3730
    Solving:  Stress period:     2    Time step:  3731
    Solving:  Stress period:     2    Time step:  3732
    Solving:  Stress period:     2    Time step:  3733
    Solving:  Stress period:     2    Time step:  3734
    Solving:  Stress period:     2    Time step:  3735
    Solving:  Stress period:     2    Time step:  3736
    Solving:  Stress period:     2    Time step:  3737
    Solving:  Stress period:     2    Time step:  3738
    Solving:  Stress period:     2    Time step:  3739
    Solving:  Stress period:     2    Time step:  3740
    Solving:  Stress period:     2    Time step:  3741
    Solving:  Stress period:     2    Time step:  3742
    Solving:  Stress period:     2    Time step:  3743
    Solving:  Stress period:     2    Time step:  3744
    Solving:  Stress period:     2    Time step:  3745
    Solving:  Stress period:     2    Time step:  3746
    Solving:  Stress period:     2    Time step:  3747
    Solving:  Stress period:     2    Time step:  3748
    Solving:  Stress period:     2    Time step:  3749
    Solving:  Stress period:     2    Time step:  3750
    Solving:  Stress period:     2    Time step:  3751
    Solving:  Stress period:     2    Time step:  3752
    Solving:  Stress period:     2    Time step:  3753
    Solving:  Stress period:     2    Time step:  3754
    Solving:  Stress period:     2    Time step:  3755
    Solving:  Stress period:     2    Time step:  3756
    Solving:  Stress period:     2    Time step:  3757
    Solving:  Stress period:     2    Time step:  3758
    Solving:  Stress period:     2    Time step:  3759
    Solving:  Stress period:     2    Time step:  3760
    Solving:  Stress period:     2    Time step:  3761
    Solving:  Stress period:     2    Time step:  3762
    Solving:  Stress period:     2    Time step:  3763
    Solving:  Stress period:     2    Time step:  3764
    Solving:  Stress period:     2    Time step:  3765
    Solving:  Stress period:     2    Time step:  3766
    Solving:  Stress period:     2    Time step:  3767
    Solving:  Stress period:     2    Time step:  3768
    Solving:  Stress period:     2    Time step:  3769
    Solving:  Stress period:     2    Time step:  3770
    Solving:  Stress period:     2    Time step:  3771
    Solving:  Stress period:     2    Time step:  3772
    Solving:  Stress period:     2    Time step:  3773
    Solving:  Stress period:     2    Time step:  3774
    Solving:  Stress period:     2    Time step:  3775
    Solving:  Stress period:     2    Time step:  3776
    Solving:  Stress period:     2    Time step:  3777
    Solving:  Stress period:     2    Time step:  3778
    Solving:  Stress period:     2    Time step:  3779
    Solving:  Stress period:     2    Time step:  3780
    Solving:  Stress period:     2    Time step:  3781
    Solving:  Stress period:     2    Time step:  3782
    Solving:  Stress period:     2    Time step:  3783
    Solving:  Stress period:     2    Time step:  3784
    Solving:  Stress period:     2    Time step:  3785
    Solving:  Stress period:     2    Time step:  3786
    Solving:  Stress period:     2    Time step:  3787
    Solving:  Stress period:     2    Time step:  3788
    Solving:  Stress period:     2    Time step:  3789
    Solving:  Stress period:     2    Time step:  3790
    Solving:  Stress period:     2    Time step:  3791
    Solving:  Stress period:     2    Time step:  3792
    Solving:  Stress period:     2    Time step:  3793
    Solving:  Stress period:     2    Time step:  3794
    Solving:  Stress period:     2    Time step:  3795
    Solving:  Stress period:     2    Time step:  3796
    Solving:  Stress period:     2    Time step:  3797
    Solving:  Stress period:     2    Time step:  3798
    Solving:  Stress period:     2    Time step:  3799
    Solving:  Stress period:     2    Time step:  3800
    Solving:  Stress period:     2    Time step:  3801
    Solving:  Stress period:     2    Time step:  3802
    Solving:  Stress period:     2    Time step:  3803
    Solving:  Stress period:     2    Time step:  3804
    Solving:  Stress period:     2    Time step:  3805
    Solving:  Stress period:     2    Time step:  3806
    Solving:  Stress period:     2    Time step:  3807
    Solving:  Stress period:     2    Time step:  3808
    Solving:  Stress period:     2    Time step:  3809
    Solving:  Stress period:     2    Time step:  3810
    Solving:  Stress period:     2    Time step:  3811
    Solving:  Stress period:     2    Time step:  3812
    Solving:  Stress period:     2    Time step:  3813
    Solving:  Stress period:     2    Time step:  3814
    Solving:  Stress period:     2    Time step:  3815
    Solving:  Stress period:     2    Time step:  3816
    Solving:  Stress period:     2    Time step:  3817
    Solving:  Stress period:     2    Time step:  3818
    Solving:  Stress period:     2    Time step:  3819
    Solving:  Stress period:     2    Time step:  3820
    Solving:  Stress period:     2    Time step:  3821
    Solving:  Stress period:     2    Time step:  3822
    Solving:  Stress period:     2    Time step:  3823
    Solving:  Stress period:     2    Time step:  3824
    Solving:  Stress period:     2    Time step:  3825
    Solving:  Stress period:     2    Time step:  3826
    Solving:  Stress period:     2    Time step:  3827
    Solving:  Stress period:     2    Time step:  3828
    Solving:  Stress period:     2    Time step:  3829
    Solving:  Stress period:     2    Time step:  3830
    Solving:  Stress period:     2    Time step:  3831
    Solving:  Stress period:     2    Time step:  3832
    Solving:  Stress period:     2    Time step:  3833
    Solving:  Stress period:     2    Time step:  3834
    Solving:  Stress period:     2    Time step:  3835
    Solving:  Stress period:     2    Time step:  3836
    Solving:  Stress period:     2    Time step:  3837
    Solving:  Stress period:     2    Time step:  3838
    Solving:  Stress period:     2    Time step:  3839
    Solving:  Stress period:     2    Time step:  3840
    Solving:  Stress period:     2    Time step:  3841
    Solving:  Stress period:     2    Time step:  3842
    Solving:  Stress period:     2    Time step:  3843
    Solving:  Stress period:     2    Time step:  3844
    Solving:  Stress period:     2    Time step:  3845
    Solving:  Stress period:     2    Time step:  3846
    Solving:  Stress period:     2    Time step:  3847
    Solving:  Stress period:     2    Time step:  3848
    Solving:  Stress period:     2    Time step:  3849
    Solving:  Stress period:     2    Time step:  3850
    Solving:  Stress period:     2    Time step:  3851
    Solving:  Stress period:     2    Time step:  3852
    Solving:  Stress period:     2    Time step:  3853
    Solving:  Stress period:     2    Time step:  3854
    Solving:  Stress period:     2    Time step:  3855
    Solving:  Stress period:     2    Time step:  3856
    Solving:  Stress period:     2    Time step:  3857
    Solving:  Stress period:     2    Time step:  3858
    Solving:  Stress period:     2    Time step:  3859
    Solving:  Stress period:     2    Time step:  3860
    Solving:  Stress period:     2    Time step:  3861
    Solving:  Stress period:     2    Time step:  3862
    Solving:  Stress period:     2    Time step:  3863
    Solving:  Stress period:     2    Time step:  3864
    Solving:  Stress period:     2    Time step:  3865
    Solving:  Stress period:     2    Time step:  3866
    Solving:  Stress period:     2    Time step:  3867
    Solving:  Stress period:     2    Time step:  3868
    Solving:  Stress period:     2    Time step:  3869
    Solving:  Stress period:     2    Time step:  3870
    Solving:  Stress period:     2    Time step:  3871
    Solving:  Stress period:     2    Time step:  3872
    Solving:  Stress period:     2    Time step:  3873
    Solving:  Stress period:     2    Time step:  3874
    Solving:  Stress period:     2    Time step:  3875
    Solving:  Stress period:     2    Time step:  3876
    Solving:  Stress period:     2    Time step:  3877
    Solving:  Stress period:     2    Time step:  3878
    Solving:  Stress period:     2    Time step:  3879
    Solving:  Stress period:     2    Time step:  3880
    Solving:  Stress period:     2    Time step:  3881
    Solving:  Stress period:     2    Time step:  3882
    Solving:  Stress period:     2    Time step:  3883
    Solving:  Stress period:     2    Time step:  3884
    Solving:  Stress period:     2    Time step:  3885
    Solving:  Stress period:     2    Time step:  3886
    Solving:  Stress period:     2    Time step:  3887
    Solving:  Stress period:     2    Time step:  3888
    Solving:  Stress period:     2    Time step:  3889
    Solving:  Stress period:     2    Time step:  3890
    Solving:  Stress period:     2    Time step:  3891
    Solving:  Stress period:     2    Time step:  3892
    Solving:  Stress period:     2    Time step:  3893
    Solving:  Stress period:     2    Time step:  3894
    Solving:  Stress period:     2    Time step:  3895
    Solving:  Stress period:     2    Time step:  3896
    Solving:  Stress period:     2    Time step:  3897
    Solving:  Stress period:     2    Time step:  3898
    Solving:  Stress period:     2    Time step:  3899
    Solving:  Stress period:     2    Time step:  3900
    Solving:  Stress period:     2    Time step:  3901
    Solving:  Stress period:     2    Time step:  3902
    Solving:  Stress period:     2    Time step:  3903
    Solving:  Stress period:     2    Time step:  3904
    Solving:  Stress period:     2    Time step:  3905
    Solving:  Stress period:     2    Time step:  3906
    Solving:  Stress period:     2    Time step:  3907
    Solving:  Stress period:     2    Time step:  3908
    Solving:  Stress period:     2    Time step:  3909
    Solving:  Stress period:     2    Time step:  3910
    Solving:  Stress period:     2    Time step:  3911
    Solving:  Stress period:     2    Time step:  3912
    Solving:  Stress period:     2    Time step:  3913
    Solving:  Stress period:     2    Time step:  3914
    Solving:  Stress period:     2    Time step:  3915
    Solving:  Stress period:     2    Time step:  3916
    Solving:  Stress period:     2    Time step:  3917
    Solving:  Stress period:     2    Time step:  3918
    Solving:  Stress period:     2    Time step:  3919
    Solving:  Stress period:     2    Time step:  3920
    Solving:  Stress period:     2    Time step:  3921
    Solving:  Stress period:     2    Time step:  3922
    Solving:  Stress period:     2    Time step:  3923
    Solving:  Stress period:     2    Time step:  3924
    Solving:  Stress period:     2    Time step:  3925
    Solving:  Stress period:     2    Time step:  3926
    Solving:  Stress period:     2    Time step:  3927
    Solving:  Stress period:     2    Time step:  3928
    Solving:  Stress period:     2    Time step:  3929
    Solving:  Stress period:     2    Time step:  3930
    Solving:  Stress period:     2    Time step:  3931
    Solving:  Stress period:     2    Time step:  3932
    Solving:  Stress period:     2    Time step:  3933
    Solving:  Stress period:     2    Time step:  3934
    Solving:  Stress period:     2    Time step:  3935
    Solving:  Stress period:     2    Time step:  3936
    Solving:  Stress period:     2    Time step:  3937
    Solving:  Stress period:     2    Time step:  3938
    Solving:  Stress period:     2    Time step:  3939
    Solving:  Stress period:     2    Time step:  3940
    Solving:  Stress period:     2    Time step:  3941
    Solving:  Stress period:     2    Time step:  3942
    Solving:  Stress period:     2    Time step:  3943
    Solving:  Stress period:     2    Time step:  3944
    Solving:  Stress period:     2    Time step:  3945
    Solving:  Stress period:     2    Time step:  3946
    Solving:  Stress period:     2    Time step:  3947
    Solving:  Stress period:     2    Time step:  3948
    Solving:  Stress period:     2    Time step:  3949
    Solving:  Stress period:     2    Time step:  3950
    Solving:  Stress period:     2    Time step:  3951
    Solving:  Stress period:     2    Time step:  3952
    Solving:  Stress period:     2    Time step:  3953
    Solving:  Stress period:     2    Time step:  3954
    Solving:  Stress period:     2    Time step:  3955
    Solving:  Stress period:     2    Time step:  3956
    Solving:  Stress period:     2    Time step:  3957
    Solving:  Stress period:     2    Time step:  3958
    Solving:  Stress period:     2    Time step:  3959
    Solving:  Stress period:     2    Time step:  3960
    Solving:  Stress period:     2    Time step:  3961
    Solving:  Stress period:     2    Time step:  3962
    Solving:  Stress period:     2    Time step:  3963
    Solving:  Stress period:     2    Time step:  3964
    Solving:  Stress period:     2    Time step:  3965
    Solving:  Stress period:     2    Time step:  3966
    Solving:  Stress period:     2    Time step:  3967
    Solving:  Stress period:     2    Time step:  3968
    Solving:  Stress period:     2    Time step:  3969
    Solving:  Stress period:     2    Time step:  3970
    Solving:  Stress period:     2    Time step:  3971
    Solving:  Stress period:     2    Time step:  3972
    Solving:  Stress period:     2    Time step:  3973
    Solving:  Stress period:     2    Time step:  3974
    Solving:  Stress period:     2    Time step:  3975
    Solving:  Stress period:     2    Time step:  3976
    Solving:  Stress period:     2    Time step:  3977
    Solving:  Stress period:     2    Time step:  3978
    Solving:  Stress period:     2    Time step:  3979
    Solving:  Stress period:     2    Time step:  3980
    Solving:  Stress period:     2    Time step:  3981
    Solving:  Stress period:     2    Time step:  3982
    Solving:  Stress period:     2    Time step:  3983
    Solving:  Stress period:     2    Time step:  3984
    Solving:  Stress period:     2    Time step:  3985
    Solving:  Stress period:     2    Time step:  3986
    Solving:  Stress period:     2    Time step:  3987
    Solving:  Stress period:     2    Time step:  3988
    Solving:  Stress period:     2    Time step:  3989
    Solving:  Stress period:     2    Time step:  3990
    Solving:  Stress period:     2    Time step:  3991
    Solving:  Stress period:     2    Time step:  3992
    Solving:  Stress period:     2    Time step:  3993
    Solving:  Stress period:     2    Time step:  3994
    Solving:  Stress period:     2    Time step:  3995
    Solving:  Stress period:     2    Time step:  3996
    Solving:  Stress period:     2    Time step:  3997
    Solving:  Stress period:     2    Time step:  3998
    Solving:  Stress period:     2    Time step:  3999
    Solving:  Stress period:     2    Time step:  4000
    Solving:  Stress period:     2    Time step:  4001
    Solving:  Stress period:     2    Time step:  4002
    Solving:  Stress period:     2    Time step:  4003
    Solving:  Stress period:     2    Time step:  4004
    Solving:  Stress period:     2    Time step:  4005
    Solving:  Stress period:     2    Time step:  4006
    Solving:  Stress period:     2    Time step:  4007
    Solving:  Stress period:     2    Time step:  4008
    Solving:  Stress period:     2    Time step:  4009
    Solving:  Stress period:     2    Time step:  4010
    Solving:  Stress period:     2    Time step:  4011
    Solving:  Stress period:     2    Time step:  4012
    Solving:  Stress period:     2    Time step:  4013
    Solving:  Stress period:     2    Time step:  4014
    Solving:  Stress period:     2    Time step:  4015
    Solving:  Stress period:     2    Time step:  4016
    Solving:  Stress period:     2    Time step:  4017
    Solving:  Stress period:     2    Time step:  4018
    Solving:  Stress period:     2    Time step:  4019
    Solving:  Stress period:     2    Time step:  4020
    Solving:  Stress period:     2    Time step:  4021
    Solving:  Stress period:     2    Time step:  4022
    Solving:  Stress period:     2    Time step:  4023
    Solving:  Stress period:     2    Time step:  4024
    Solving:  Stress period:     2    Time step:  4025
    Solving:  Stress period:     2    Time step:  4026
    Solving:  Stress period:     2    Time step:  4027
    Solving:  Stress period:     2    Time step:  4028
    Solving:  Stress period:     2    Time step:  4029
    Solving:  Stress period:     2    Time step:  4030
    Solving:  Stress period:     2    Time step:  4031
    Solving:  Stress period:     2    Time step:  4032
    Solving:  Stress period:     2    Time step:  4033
    Solving:  Stress period:     2    Time step:  4034
    Solving:  Stress period:     2    Time step:  4035
    Solving:  Stress period:     2    Time step:  4036
    Solving:  Stress period:     2    Time step:  4037
    Solving:  Stress period:     2    Time step:  4038
    Solving:  Stress period:     2    Time step:  4039
    Solving:  Stress period:     2    Time step:  4040
    Solving:  Stress period:     2    Time step:  4041
    Solving:  Stress period:     2    Time step:  4042
    Solving:  Stress period:     2    Time step:  4043
    Solving:  Stress period:     2    Time step:  4044
    Solving:  Stress period:     2    Time step:  4045
    Solving:  Stress period:     2    Time step:  4046
    Solving:  Stress period:     2    Time step:  4047
    Solving:  Stress period:     2    Time step:  4048
    Solving:  Stress period:     2    Time step:  4049
    Solving:  Stress period:     2    Time step:  4050
    Solving:  Stress period:     2    Time step:  4051
    Solving:  Stress period:     2    Time step:  4052
    Solving:  Stress period:     2    Time step:  4053
    Solving:  Stress period:     2    Time step:  4054
    Solving:  Stress period:     2    Time step:  4055
    Solving:  Stress period:     2    Time step:  4056
    Solving:  Stress period:     2    Time step:  4057
    Solving:  Stress period:     2    Time step:  4058
    Solving:  Stress period:     2    Time step:  4059
    Solving:  Stress period:     2    Time step:  4060
    Solving:  Stress period:     2    Time step:  4061
    Solving:  Stress period:     2    Time step:  4062
    Solving:  Stress period:     2    Time step:  4063
    Solving:  Stress period:     2    Time step:  4064
    Solving:  Stress period:     2    Time step:  4065
    Solving:  Stress period:     2    Time step:  4066
    Solving:  Stress period:     2    Time step:  4067
    Solving:  Stress period:     2    Time step:  4068
    Solving:  Stress period:     2    Time step:  4069
    Solving:  Stress period:     2    Time step:  4070
    Solving:  Stress period:     2    Time step:  4071
    Solving:  Stress period:     2    Time step:  4072
    Solving:  Stress period:     2    Time step:  4073
    Solving:  Stress period:     2    Time step:  4074
    Solving:  Stress period:     2    Time step:  4075
    Solving:  Stress period:     2    Time step:  4076
    Solving:  Stress period:     2    Time step:  4077
    Solving:  Stress period:     2    Time step:  4078
    Solving:  Stress period:     2    Time step:  4079
    Solving:  Stress period:     2    Time step:  4080
    Solving:  Stress period:     2    Time step:  4081
    Solving:  Stress period:     2    Time step:  4082
    Solving:  Stress period:     2    Time step:  4083
    Solving:  Stress period:     2    Time step:  4084
    Solving:  Stress period:     2    Time step:  4085
    Solving:  Stress period:     2    Time step:  4086
    Solving:  Stress period:     2    Time step:  4087
    Solving:  Stress period:     2    Time step:  4088
    Solving:  Stress period:     2    Time step:  4089
    Solving:  Stress period:     2    Time step:  4090
    Solving:  Stress period:     2    Time step:  4091
    Solving:  Stress period:     2    Time step:  4092
    Solving:  Stress period:     2    Time step:  4093
    Solving:  Stress period:     2    Time step:  4094
    Solving:  Stress period:     2    Time step:  4095
    Solving:  Stress period:     2    Time step:  4096
    Solving:  Stress period:     2    Time step:  4097
    Solving:  Stress period:     2    Time step:  4098
    Solving:  Stress period:     2    Time step:  4099
    Solving:  Stress period:     2    Time step:  4100
    Solving:  Stress period:     2    Time step:  4101
    Solving:  Stress period:     2    Time step:  4102
    Solving:  Stress period:     2    Time step:  4103
    Solving:  Stress period:     2    Time step:  4104
    Solving:  Stress period:     2    Time step:  4105
    Solving:  Stress period:     2    Time step:  4106
    Solving:  Stress period:     2    Time step:  4107
    Solving:  Stress period:     2    Time step:  4108
    Solving:  Stress period:     2    Time step:  4109
    Solving:  Stress period:     2    Time step:  4110
    Solving:  Stress period:     2    Time step:  4111
    Solving:  Stress period:     2    Time step:  4112
    Solving:  Stress period:     2    Time step:  4113
    Solving:  Stress period:     2    Time step:  4114
    Solving:  Stress period:     2    Time step:  4115
    Solving:  Stress period:     2    Time step:  4116
    Solving:  Stress period:     2    Time step:  4117
    Solving:  Stress period:     2    Time step:  4118
    Solving:  Stress period:     2    Time step:  4119
    Solving:  Stress period:     2    Time step:  4120
    Solving:  Stress period:     2    Time step:  4121
    Solving:  Stress period:     2    Time step:  4122
    Solving:  Stress period:     2    Time step:  4123
    Solving:  Stress period:     2    Time step:  4124
    Solving:  Stress period:     2    Time step:  4125
    Solving:  Stress period:     2    Time step:  4126
    Solving:  Stress period:     2    Time step:  4127
    Solving:  Stress period:     2    Time step:  4128
    Solving:  Stress period:     2    Time step:  4129
    Solving:  Stress period:     2    Time step:  4130
    Solving:  Stress period:     2    Time step:  4131
    Solving:  Stress period:     2    Time step:  4132
    Solving:  Stress period:     2    Time step:  4133
    Solving:  Stress period:     2    Time step:  4134
    Solving:  Stress period:     2    Time step:  4135
    Solving:  Stress period:     2    Time step:  4136
    Solving:  Stress period:     2    Time step:  4137
    Solving:  Stress period:     2    Time step:  4138
    Solving:  Stress period:     2    Time step:  4139
    Solving:  Stress period:     2    Time step:  4140
    Solving:  Stress period:     2    Time step:  4141
    Solving:  Stress period:     2    Time step:  4142
    Solving:  Stress period:     2    Time step:  4143
    Solving:  Stress period:     2    Time step:  4144
    Solving:  Stress period:     2    Time step:  4145
    Solving:  Stress period:     2    Time step:  4146
    Solving:  Stress period:     2    Time step:  4147
    Solving:  Stress period:     2    Time step:  4148
    Solving:  Stress period:     2    Time step:  4149
    Solving:  Stress period:     2    Time step:  4150
    Solving:  Stress period:     2    Time step:  4151
    Solving:  Stress period:     2    Time step:  4152
    Solving:  Stress period:     2    Time step:  4153
    Solving:  Stress period:     2    Time step:  4154
    Solving:  Stress period:     2    Time step:  4155
    Solving:  Stress period:     2    Time step:  4156
    Solving:  Stress period:     2    Time step:  4157
    Solving:  Stress period:     2    Time step:  4158
    Solving:  Stress period:     2    Time step:  4159
    Solving:  Stress period:     2    Time step:  4160
    Solving:  Stress period:     2    Time step:  4161
    Solving:  Stress period:     2    Time step:  4162
    Solving:  Stress period:     2    Time step:  4163
    Solving:  Stress period:     2    Time step:  4164
    Solving:  Stress period:     2    Time step:  4165
    Solving:  Stress period:     2    Time step:  4166
    Solving:  Stress period:     2    Time step:  4167
    Solving:  Stress period:     2    Time step:  4168
    Solving:  Stress period:     2    Time step:  4169
    Solving:  Stress period:     2    Time step:  4170
    Solving:  Stress period:     2    Time step:  4171
    Solving:  Stress period:     2    Time step:  4172
    Solving:  Stress period:     2    Time step:  4173
    Solving:  Stress period:     2    Time step:  4174
    Solving:  Stress period:     2    Time step:  4175
    Solving:  Stress period:     2    Time step:  4176
    Solving:  Stress period:     2    Time step:  4177
    Solving:  Stress period:     2    Time step:  4178
    Solving:  Stress period:     2    Time step:  4179
    Solving:  Stress period:     2    Time step:  4180
    Solving:  Stress period:     2    Time step:  4181
    Solving:  Stress period:     2    Time step:  4182
    Solving:  Stress period:     2    Time step:  4183
    Solving:  Stress period:     2    Time step:  4184
    Solving:  Stress period:     2    Time step:  4185
    Solving:  Stress period:     2    Time step:  4186
    Solving:  Stress period:     2    Time step:  4187
    Solving:  Stress period:     2    Time step:  4188
    Solving:  Stress period:     2    Time step:  4189
    Solving:  Stress period:     2    Time step:  4190
    Solving:  Stress period:     2    Time step:  4191
    Solving:  Stress period:     2    Time step:  4192
    Solving:  Stress period:     2    Time step:  4193
    Solving:  Stress period:     2    Time step:  4194
    Solving:  Stress period:     2    Time step:  4195
    Solving:  Stress period:     2    Time step:  4196
    Solving:  Stress period:     2    Time step:  4197
    Solving:  Stress period:     2    Time step:  4198
    Solving:  Stress period:     2    Time step:  4199
    Solving:  Stress period:     2    Time step:  4200
    Solving:  Stress period:     2    Time step:  4201
    Solving:  Stress period:     2    Time step:  4202
    Solving:  Stress period:     2    Time step:  4203
    Solving:  Stress period:     2    Time step:  4204
    Solving:  Stress period:     2    Time step:  4205
    Solving:  Stress period:     2    Time step:  4206
    Solving:  Stress period:     2    Time step:  4207
    Solving:  Stress period:     2    Time step:  4208
    Solving:  Stress period:     2    Time step:  4209
    Solving:  Stress period:     2    Time step:  4210
    Solving:  Stress period:     2    Time step:  4211
    Solving:  Stress period:     2    Time step:  4212
    Solving:  Stress period:     2    Time step:  4213
    Solving:  Stress period:     2    Time step:  4214
    Solving:  Stress period:     2    Time step:  4215
    Solving:  Stress period:     2    Time step:  4216
    Solving:  Stress period:     2    Time step:  4217
    Solving:  Stress period:     2    Time step:  4218
    Solving:  Stress period:     2    Time step:  4219
    Solving:  Stress period:     2    Time step:  4220
    Solving:  Stress period:     2    Time step:  4221
    Solving:  Stress period:     2    Time step:  4222
    Solving:  Stress period:     2    Time step:  4223
    Solving:  Stress period:     2    Time step:  4224
    Solving:  Stress period:     2    Time step:  4225
    Solving:  Stress period:     2    Time step:  4226
    Solving:  Stress period:     2    Time step:  4227
    Solving:  Stress period:     2    Time step:  4228
    Solving:  Stress period:     2    Time step:  4229
    Solving:  Stress period:     2    Time step:  4230
    Solving:  Stress period:     2    Time step:  4231
    Solving:  Stress period:     2    Time step:  4232
    Solving:  Stress period:     2    Time step:  4233
    Solving:  Stress period:     2    Time step:  4234
    Solving:  Stress period:     2    Time step:  4235
    Solving:  Stress period:     2    Time step:  4236
    Solving:  Stress period:     2    Time step:  4237
    Solving:  Stress period:     2    Time step:  4238
    Solving:  Stress period:     2    Time step:  4239
    Solving:  Stress period:     2    Time step:  4240
    Solving:  Stress period:     2    Time step:  4241
    Solving:  Stress period:     2    Time step:  4242
    Solving:  Stress period:     2    Time step:  4243
    Solving:  Stress period:     2    Time step:  4244
    Solving:  Stress period:     2    Time step:  4245
    Solving:  Stress period:     2    Time step:  4246
    Solving:  Stress period:     2    Time step:  4247
    Solving:  Stress period:     2    Time step:  4248
    Solving:  Stress period:     2    Time step:  4249
    Solving:  Stress period:     2    Time step:  4250
    Solving:  Stress period:     2    Time step:  4251
    Solving:  Stress period:     2    Time step:  4252
    Solving:  Stress period:     2    Time step:  4253
    Solving:  Stress period:     2    Time step:  4254
    Solving:  Stress period:     2    Time step:  4255
    Solving:  Stress period:     2    Time step:  4256
    Solving:  Stress period:     2    Time step:  4257
    Solving:  Stress period:     2    Time step:  4258
    Solving:  Stress period:     2    Time step:  4259
    Solving:  Stress period:     2    Time step:  4260
    Solving:  Stress period:     2    Time step:  4261
    Solving:  Stress period:     2    Time step:  4262
    Solving:  Stress period:     2    Time step:  4263
    Solving:  Stress period:     2    Time step:  4264
    Solving:  Stress period:     2    Time step:  4265
    Solving:  Stress period:     2    Time step:  4266
    Solving:  Stress period:     2    Time step:  4267
    Solving:  Stress period:     2    Time step:  4268
    Solving:  Stress period:     2    Time step:  4269
    Solving:  Stress period:     2    Time step:  4270
    Solving:  Stress period:     2    Time step:  4271
    Solving:  Stress period:     2    Time step:  4272
    Solving:  Stress period:     2    Time step:  4273
    Solving:  Stress period:     2    Time step:  4274
    Solving:  Stress period:     2    Time step:  4275
    Solving:  Stress period:     2    Time step:  4276
    Solving:  Stress period:     2    Time step:  4277
    Solving:  Stress period:     2    Time step:  4278
    Solving:  Stress period:     2    Time step:  4279
    Solving:  Stress period:     2    Time step:  4280
    Solving:  Stress period:     2    Time step:  4281
    Solving:  Stress period:     2    Time step:  4282
    Solving:  Stress period:     2    Time step:  4283
    Solving:  Stress period:     2    Time step:  4284
    Solving:  Stress period:     2    Time step:  4285
    Solving:  Stress period:     2    Time step:  4286
    Solving:  Stress period:     2    Time step:  4287
    Solving:  Stress period:     2    Time step:  4288
    Solving:  Stress period:     2    Time step:  4289
    Solving:  Stress period:     2    Time step:  4290
    Solving:  Stress period:     2    Time step:  4291
    Solving:  Stress period:     2    Time step:  4292
    Solving:  Stress period:     2    Time step:  4293
    Solving:  Stress period:     2    Time step:  4294
    Solving:  Stress period:     2    Time step:  4295
    Solving:  Stress period:     2    Time step:  4296
    Solving:  Stress period:     2    Time step:  4297
    Solving:  Stress period:     2    Time step:  4298
    Solving:  Stress period:     2    Time step:  4299
    Solving:  Stress period:     2    Time step:  4300
    Solving:  Stress period:     2    Time step:  4301
    Solving:  Stress period:     2    Time step:  4302
    Solving:  Stress period:     2    Time step:  4303
    Solving:  Stress period:     2    Time step:  4304
    Solving:  Stress period:     2    Time step:  4305
    Solving:  Stress period:     2    Time step:  4306
    Solving:  Stress period:     2    Time step:  4307
    Solving:  Stress period:     2    Time step:  4308
    Solving:  Stress period:     2    Time step:  4309
    Solving:  Stress period:     2    Time step:  4310
    Solving:  Stress period:     2    Time step:  4311
    Solving:  Stress period:     2    Time step:  4312
    Solving:  Stress period:     2    Time step:  4313
    Solving:  Stress period:     2    Time step:  4314
    Solving:  Stress period:     2    Time step:  4315
    Solving:  Stress period:     2    Time step:  4316
    Solving:  Stress period:     2    Time step:  4317
    Solving:  Stress period:     2    Time step:  4318
    Solving:  Stress period:     2    Time step:  4319
    Solving:  Stress period:     2    Time step:  4320
    Solving:  Stress period:     2    Time step:  4321
    Solving:  Stress period:     2    Time step:  4322
    Solving:  Stress period:     2    Time step:  4323
    Solving:  Stress period:     2    Time step:  4324
    Solving:  Stress period:     2    Time step:  4325
    Solving:  Stress period:     2    Time step:  4326
    Solving:  Stress period:     2    Time step:  4327
    Solving:  Stress period:     2    Time step:  4328
    Solving:  Stress period:     2    Time step:  4329
    Solving:  Stress period:     2    Time step:  4330
    Solving:  Stress period:     2    Time step:  4331
    Solving:  Stress period:     2    Time step:  4332
    Solving:  Stress period:     2    Time step:  4333
    Solving:  Stress period:     2    Time step:  4334
    Solving:  Stress period:     2    Time step:  4335
    Solving:  Stress period:     2    Time step:  4336
    Solving:  Stress period:     2    Time step:  4337
    Solving:  Stress period:     2    Time step:  4338
    Solving:  Stress period:     2    Time step:  4339
    Solving:  Stress period:     2    Time step:  4340
    Solving:  Stress period:     2    Time step:  4341
    Solving:  Stress period:     2    Time step:  4342
    Solving:  Stress period:     2    Time step:  4343
    Solving:  Stress period:     2    Time step:  4344
    Solving:  Stress period:     2    Time step:  4345
    Solving:  Stress period:     2    Time step:  4346
    Solving:  Stress period:     2    Time step:  4347
    Solving:  Stress period:     2    Time step:  4348
    Solving:  Stress period:     2    Time step:  4349
    Solving:  Stress period:     2    Time step:  4350
    Solving:  Stress period:     2    Time step:  4351
    Solving:  Stress period:     2    Time step:  4352
    Solving:  Stress period:     2    Time step:  4353
    Solving:  Stress period:     2    Time step:  4354
    Solving:  Stress period:     2    Time step:  4355
    Solving:  Stress period:     2    Time step:  4356
    Solving:  Stress period:     2    Time step:  4357
    Solving:  Stress period:     2    Time step:  4358
    Solving:  Stress period:     2    Time step:  4359
    Solving:  Stress period:     2    Time step:  4360
    Solving:  Stress period:     2    Time step:  4361
    Solving:  Stress period:     2    Time step:  4362
    Solving:  Stress period:     2    Time step:  4363
    Solving:  Stress period:     2    Time step:  4364
    Solving:  Stress period:     2    Time step:  4365
    Solving:  Stress period:     2    Time step:  4366
    Solving:  Stress period:     2    Time step:  4367
    Solving:  Stress period:     2    Time step:  4368
    Solving:  Stress period:     2    Time step:  4369
    Solving:  Stress period:     2    Time step:  4370
    Solving:  Stress period:     2    Time step:  4371
    Solving:  Stress period:     2    Time step:  4372
    Solving:  Stress period:     2    Time step:  4373
    Solving:  Stress period:     2    Time step:  4374
    Solving:  Stress period:     2    Time step:  4375
    Solving:  Stress period:     2    Time step:  4376
    Solving:  Stress period:     2    Time step:  4377
    Solving:  Stress period:     2    Time step:  4378
    Solving:  Stress period:     2    Time step:  4379
    Solving:  Stress period:     2    Time step:  4380
    Solving:  Stress period:     2    Time step:  4381
    Solving:  Stress period:     2    Time step:  4382
    Solving:  Stress period:     2    Time step:  4383
    Solving:  Stress period:     2    Time step:  4384
    Solving:  Stress period:     2    Time step:  4385
    Solving:  Stress period:     2    Time step:  4386
    Solving:  Stress period:     2    Time step:  4387
    Solving:  Stress period:     2    Time step:  4388
    Solving:  Stress period:     2    Time step:  4389
    Solving:  Stress period:     2    Time step:  4390
    Solving:  Stress period:     2    Time step:  4391
    Solving:  Stress period:     2    Time step:  4392
    Solving:  Stress period:     2    Time step:  4393
    Solving:  Stress period:     2    Time step:  4394
    Solving:  Stress period:     2    Time step:  4395
    Solving:  Stress period:     2    Time step:  4396
    Solving:  Stress period:     2    Time step:  4397
    Solving:  Stress period:     2    Time step:  4398
    Solving:  Stress period:     2    Time step:  4399
    Solving:  Stress period:     2    Time step:  4400
    Solving:  Stress period:     2    Time step:  4401
    Solving:  Stress period:     2    Time step:  4402
    Solving:  Stress period:     2    Time step:  4403
    Solving:  Stress period:     2    Time step:  4404
    Solving:  Stress period:     2    Time step:  4405
    Solving:  Stress period:     2    Time step:  4406
    Solving:  Stress period:     2    Time step:  4407
    Solving:  Stress period:     2    Time step:  4408
    Solving:  Stress period:     2    Time step:  4409
    Solving:  Stress period:     2    Time step:  4410
    Solving:  Stress period:     2    Time step:  4411
    Solving:  Stress period:     2    Time step:  4412
    Solving:  Stress period:     2    Time step:  4413
    Solving:  Stress period:     2    Time step:  4414
    Solving:  Stress period:     2    Time step:  4415
    Solving:  Stress period:     2    Time step:  4416
    Solving:  Stress period:     2    Time step:  4417
    Solving:  Stress period:     2    Time step:  4418
    Solving:  Stress period:     2    Time step:  4419
    Solving:  Stress period:     2    Time step:  4420
    Solving:  Stress period:     2    Time step:  4421
    Solving:  Stress period:     2    Time step:  4422
    Solving:  Stress period:     2    Time step:  4423
    Solving:  Stress period:     2    Time step:  4424
    Solving:  Stress period:     2    Time step:  4425
    Solving:  Stress period:     2    Time step:  4426
    Solving:  Stress period:     2    Time step:  4427
    Solving:  Stress period:     2    Time step:  4428
    Solving:  Stress period:     2    Time step:  4429
    Solving:  Stress period:     2    Time step:  4430
    Solving:  Stress period:     2    Time step:  4431
    Solving:  Stress period:     2    Time step:  4432
    Solving:  Stress period:     2    Time step:  4433
    Solving:  Stress period:     2    Time step:  4434
    Solving:  Stress period:     2    Time step:  4435
    Solving:  Stress period:     2    Time step:  4436
    Solving:  Stress period:     2    Time step:  4437
    Solving:  Stress period:     2    Time step:  4438
    Solving:  Stress period:     2    Time step:  4439
    Solving:  Stress period:     2    Time step:  4440
    Solving:  Stress period:     2    Time step:  4441
    Solving:  Stress period:     2    Time step:  4442
    Solving:  Stress period:     2    Time step:  4443
    Solving:  Stress period:     2    Time step:  4444
    Solving:  Stress period:     2    Time step:  4445
    Solving:  Stress period:     2    Time step:  4446
    Solving:  Stress period:     2    Time step:  4447
    Solving:  Stress period:     2    Time step:  4448
    Solving:  Stress period:     2    Time step:  4449
    Solving:  Stress period:     2    Time step:  4450
    Solving:  Stress period:     2    Time step:  4451
    Solving:  Stress period:     2    Time step:  4452
    Solving:  Stress period:     2    Time step:  4453
    Solving:  Stress period:     2    Time step:  4454
    Solving:  Stress period:     2    Time step:  4455
    Solving:  Stress period:     2    Time step:  4456
    Solving:  Stress period:     2    Time step:  4457
    Solving:  Stress period:     2    Time step:  4458
    Solving:  Stress period:     2    Time step:  4459
    Solving:  Stress period:     2    Time step:  4460
    Solving:  Stress period:     2    Time step:  4461
    Solving:  Stress period:     2    Time step:  4462
    Solving:  Stress period:     2    Time step:  4463
    Solving:  Stress period:     2    Time step:  4464
    Solving:  Stress period:     2    Time step:  4465
    Solving:  Stress period:     2    Time step:  4466
    Solving:  Stress period:     2    Time step:  4467
    Solving:  Stress period:     2    Time step:  4468
    Solving:  Stress period:     2    Time step:  4469
    Solving:  Stress period:     2    Time step:  4470
    Solving:  Stress period:     2    Time step:  4471
    Solving:  Stress period:     2    Time step:  4472
    Solving:  Stress period:     2    Time step:  4473
    Solving:  Stress period:     2    Time step:  4474
    Solving:  Stress period:     2    Time step:  4475
    Solving:  Stress period:     2    Time step:  4476
    Solving:  Stress period:     2    Time step:  4477
    Solving:  Stress period:     2    Time step:  4478
    Solving:  Stress period:     2    Time step:  4479
    Solving:  Stress period:     2    Time step:  4480
    Solving:  Stress period:     2    Time step:  4481
    Solving:  Stress period:     2    Time step:  4482
    Solving:  Stress period:     2    Time step:  4483
    Solving:  Stress period:     2    Time step:  4484
    Solving:  Stress period:     2    Time step:  4485
    Solving:  Stress period:     2    Time step:  4486
    Solving:  Stress period:     2    Time step:  4487
    Solving:  Stress period:     2    Time step:  4488
    Solving:  Stress period:     2    Time step:  4489
    Solving:  Stress period:     2    Time step:  4490
    Solving:  Stress period:     2    Time step:  4491
    Solving:  Stress period:     2    Time step:  4492
    Solving:  Stress period:     2    Time step:  4493
    Solving:  Stress period:     2    Time step:  4494
    Solving:  Stress period:     2    Time step:  4495
    Solving:  Stress period:     2    Time step:  4496
    Solving:  Stress period:     2    Time step:  4497
    Solving:  Stress period:     2    Time step:  4498
    Solving:  Stress period:     2    Time step:  4499
    Solving:  Stress period:     2    Time step:  4500
    Solving:  Stress period:     2    Time step:  4501
    Solving:  Stress period:     2    Time step:  4502
    Solving:  Stress period:     2    Time step:  4503
    Solving:  Stress period:     2    Time step:  4504
    Solving:  Stress period:     2    Time step:  4505
    Solving:  Stress period:     2    Time step:  4506
    Solving:  Stress period:     2    Time step:  4507
    Solving:  Stress period:     2    Time step:  4508
    Solving:  Stress period:     2    Time step:  4509
    Solving:  Stress period:     2    Time step:  4510
    Solving:  Stress period:     2    Time step:  4511
    Solving:  Stress period:     2    Time step:  4512
    Solving:  Stress period:     2    Time step:  4513
    Solving:  Stress period:     2    Time step:  4514
    Solving:  Stress period:     2    Time step:  4515
    Solving:  Stress period:     2    Time step:  4516
    Solving:  Stress period:     2    Time step:  4517
    Solving:  Stress period:     2    Time step:  4518
    Solving:  Stress period:     2    Time step:  4519
    Solving:  Stress period:     2    Time step:  4520
    Solving:  Stress period:     2    Time step:  4521
    Solving:  Stress period:     2    Time step:  4522
    Solving:  Stress period:     2    Time step:  4523
    Solving:  Stress period:     2    Time step:  4524
    Solving:  Stress period:     2    Time step:  4525
    Solving:  Stress period:     2    Time step:  4526
    Solving:  Stress period:     2    Time step:  4527
    Solving:  Stress period:     2    Time step:  4528
    Solving:  Stress period:     2    Time step:  4529
    Solving:  Stress period:     2    Time step:  4530
    Solving:  Stress period:     2    Time step:  4531
    Solving:  Stress period:     2    Time step:  4532
    Solving:  Stress period:     2    Time step:  4533
    Solving:  Stress period:     2    Time step:  4534
    Solving:  Stress period:     2    Time step:  4535
    Solving:  Stress period:     2    Time step:  4536
    Solving:  Stress period:     2    Time step:  4537
    Solving:  Stress period:     2    Time step:  4538
    Solving:  Stress period:     2    Time step:  4539
    Solving:  Stress period:     2    Time step:  4540
    Solving:  Stress period:     2    Time step:  4541
    Solving:  Stress period:     2    Time step:  4542
    Solving:  Stress period:     2    Time step:  4543
    Solving:  Stress period:     2    Time step:  4544
    Solving:  Stress period:     2    Time step:  4545
    Solving:  Stress period:     2    Time step:  4546
    Solving:  Stress period:     2    Time step:  4547
    Solving:  Stress period:     2    Time step:  4548
    Solving:  Stress period:     2    Time step:  4549
    Solving:  Stress period:     2    Time step:  4550
    Solving:  Stress period:     2    Time step:  4551
    Solving:  Stress period:     2    Time step:  4552
    Solving:  Stress period:     2    Time step:  4553
    Solving:  Stress period:     2    Time step:  4554
    Solving:  Stress period:     2    Time step:  4555
    Solving:  Stress period:     2    Time step:  4556
    Solving:  Stress period:     2    Time step:  4557
    Solving:  Stress period:     2    Time step:  4558
    Solving:  Stress period:     2    Time step:  4559
    Solving:  Stress period:     2    Time step:  4560
    Solving:  Stress period:     2    Time step:  4561
    Solving:  Stress period:     2    Time step:  4562
    Solving:  Stress period:     2    Time step:  4563
    Solving:  Stress period:     2    Time step:  4564
    Solving:  Stress period:     2    Time step:  4565
    Solving:  Stress period:     2    Time step:  4566
    Solving:  Stress period:     2    Time step:  4567
    Solving:  Stress period:     2    Time step:  4568
    Solving:  Stress period:     2    Time step:  4569
    Solving:  Stress period:     2    Time step:  4570
    Solving:  Stress period:     2    Time step:  4571
    Solving:  Stress period:     2    Time step:  4572
    Solving:  Stress period:     2    Time step:  4573
    Solving:  Stress period:     2    Time step:  4574
    Solving:  Stress period:     2    Time step:  4575
    Solving:  Stress period:     2    Time step:  4576
    Solving:  Stress period:     2    Time step:  4577
    Solving:  Stress period:     2    Time step:  4578
    Solving:  Stress period:     2    Time step:  4579
    Solving:  Stress period:     2    Time step:  4580
    Solving:  Stress period:     2    Time step:  4581
    Solving:  Stress period:     2    Time step:  4582
    Solving:  Stress period:     2    Time step:  4583
    Solving:  Stress period:     2    Time step:  4584
    Solving:  Stress period:     2    Time step:  4585
    Solving:  Stress period:     2    Time step:  4586
    Solving:  Stress period:     2    Time step:  4587
    Solving:  Stress period:     2    Time step:  4588
    Solving:  Stress period:     2    Time step:  4589
    Solving:  Stress period:     2    Time step:  4590
    Solving:  Stress period:     2    Time step:  4591
    Solving:  Stress period:     2    Time step:  4592
    Solving:  Stress period:     2    Time step:  4593
    Solving:  Stress period:     2    Time step:  4594
    Solving:  Stress period:     2    Time step:  4595
    Solving:  Stress period:     2    Time step:  4596
    Solving:  Stress period:     2    Time step:  4597
    Solving:  Stress period:     2    Time step:  4598
    Solving:  Stress period:     2    Time step:  4599
    Solving:  Stress period:     2    Time step:  4600
    Solving:  Stress period:     2    Time step:  4601
    Solving:  Stress period:     2    Time step:  4602
    Solving:  Stress period:     2    Time step:  4603
    Solving:  Stress period:     2    Time step:  4604
    Solving:  Stress period:     2    Time step:  4605
    Solving:  Stress period:     2    Time step:  4606
    Solving:  Stress period:     2    Time step:  4607
    Solving:  Stress period:     2    Time step:  4608
    Solving:  Stress period:     2    Time step:  4609
    Solving:  Stress period:     2    Time step:  4610
    Solving:  Stress period:     2    Time step:  4611
    Solving:  Stress period:     2    Time step:  4612
    Solving:  Stress period:     2    Time step:  4613
    Solving:  Stress period:     2    Time step:  4614
    Solving:  Stress period:     2    Time step:  4615
    Solving:  Stress period:     2    Time step:  4616
    Solving:  Stress period:     2    Time step:  4617
    Solving:  Stress period:     2    Time step:  4618
    Solving:  Stress period:     2    Time step:  4619
    Solving:  Stress period:     2    Time step:  4620
    Solving:  Stress period:     2    Time step:  4621
    Solving:  Stress period:     2    Time step:  4622
    Solving:  Stress period:     2    Time step:  4623
    Solving:  Stress period:     2    Time step:  4624
    Solving:  Stress period:     2    Time step:  4625
    Solving:  Stress period:     2    Time step:  4626
    Solving:  Stress period:     2    Time step:  4627
    Solving:  Stress period:     2    Time step:  4628
    Solving:  Stress period:     2    Time step:  4629
    Solving:  Stress period:     2    Time step:  4630
    Solving:  Stress period:     2    Time step:  4631
    Solving:  Stress period:     2    Time step:  4632
    Solving:  Stress period:     2    Time step:  4633
    Solving:  Stress period:     2    Time step:  4634
    Solving:  Stress period:     2    Time step:  4635
    Solving:  Stress period:     2    Time step:  4636
    Solving:  Stress period:     2    Time step:  4637
    Solving:  Stress period:     2    Time step:  4638
    Solving:  Stress period:     2    Time step:  4639
    Solving:  Stress period:     2    Time step:  4640
    Solving:  Stress period:     2    Time step:  4641
    Solving:  Stress period:     2    Time step:  4642
    Solving:  Stress period:     2    Time step:  4643
    Solving:  Stress period:     2    Time step:  4644
    Solving:  Stress period:     2    Time step:  4645
    Solving:  Stress period:     2    Time step:  4646
    Solving:  Stress period:     2    Time step:  4647
    Solving:  Stress period:     2    Time step:  4648
    Solving:  Stress period:     2    Time step:  4649
    Solving:  Stress period:     2    Time step:  4650
    Solving:  Stress period:     2    Time step:  4651
    Solving:  Stress period:     2    Time step:  4652
    Solving:  Stress period:     2    Time step:  4653
    Solving:  Stress period:     2    Time step:  4654
    Solving:  Stress period:     2    Time step:  4655
    Solving:  Stress period:     2    Time step:  4656
    Solving:  Stress period:     2    Time step:  4657
    Solving:  Stress period:     2    Time step:  4658
    Solving:  Stress period:     2    Time step:  4659
    Solving:  Stress period:     2    Time step:  4660
    Solving:  Stress period:     2    Time step:  4661
    Solving:  Stress period:     2    Time step:  4662
    Solving:  Stress period:     2    Time step:  4663
    Solving:  Stress period:     2    Time step:  4664
    Solving:  Stress period:     2    Time step:  4665
    Solving:  Stress period:     2    Time step:  4666
    Solving:  Stress period:     2    Time step:  4667
    Solving:  Stress period:     2    Time step:  4668
    Solving:  Stress period:     2    Time step:  4669
    Solving:  Stress period:     2    Time step:  4670
    Solving:  Stress period:     2    Time step:  4671
    Solving:  Stress period:     2    Time step:  4672
    Solving:  Stress period:     2    Time step:  4673
    Solving:  Stress period:     2    Time step:  4674
    Solving:  Stress period:     2    Time step:  4675
    Solving:  Stress period:     2    Time step:  4676
    Solving:  Stress period:     2    Time step:  4677
    Solving:  Stress period:     2    Time step:  4678
    Solving:  Stress period:     2    Time step:  4679
    Solving:  Stress period:     2    Time step:  4680
    Solving:  Stress period:     2    Time step:  4681
    Solving:  Stress period:     2    Time step:  4682
    Solving:  Stress period:     2    Time step:  4683
    Solving:  Stress period:     2    Time step:  4684
    Solving:  Stress period:     2    Time step:  4685
    Solving:  Stress period:     2    Time step:  4686
    Solving:  Stress period:     2    Time step:  4687
    Solving:  Stress period:     2    Time step:  4688
    Solving:  Stress period:     2    Time step:  4689
    Solving:  Stress period:     2    Time step:  4690
    Solving:  Stress period:     2    Time step:  4691
    Solving:  Stress period:     2    Time step:  4692
    Solving:  Stress period:     2    Time step:  4693
    Solving:  Stress period:     2    Time step:  4694
    Solving:  Stress period:     2    Time step:  4695
    Solving:  Stress period:     2    Time step:  4696
    Solving:  Stress period:     2    Time step:  4697
    Solving:  Stress period:     2    Time step:  4698
    Solving:  Stress period:     2    Time step:  4699
    Solving:  Stress period:     2    Time step:  4700
    Solving:  Stress period:     2    Time step:  4701
    Solving:  Stress period:     2    Time step:  4702
    Solving:  Stress period:     2    Time step:  4703
    Solving:  Stress period:     2    Time step:  4704
    Solving:  Stress period:     2    Time step:  4705
    Solving:  Stress period:     2    Time step:  4706
    Solving:  Stress period:     2    Time step:  4707
    Solving:  Stress period:     2    Time step:  4708
    Solving:  Stress period:     2    Time step:  4709
    Solving:  Stress period:     2    Time step:  4710
    Solving:  Stress period:     2    Time step:  4711
    Solving:  Stress period:     2    Time step:  4712
    Solving:  Stress period:     2    Time step:  4713
    Solving:  Stress period:     2    Time step:  4714
    Solving:  Stress period:     2    Time step:  4715
    Solving:  Stress period:     2    Time step:  4716
    Solving:  Stress period:     2    Time step:  4717
    Solving:  Stress period:     2    Time step:  4718
    Solving:  Stress period:     2    Time step:  4719
    Solving:  Stress period:     2    Time step:  4720
    Solving:  Stress period:     2    Time step:  4721
    Solving:  Stress period:     2    Time step:  4722
    Solving:  Stress period:     2    Time step:  4723
    Solving:  Stress period:     2    Time step:  4724
    Solving:  Stress period:     2    Time step:  4725
    Solving:  Stress period:     2    Time step:  4726
    Solving:  Stress period:     2    Time step:  4727
    Solving:  Stress period:     2    Time step:  4728
    Solving:  Stress period:     2    Time step:  4729
    Solving:  Stress period:     2    Time step:  4730
    Solving:  Stress period:     2    Time step:  4731
    Solving:  Stress period:     2    Time step:  4732
    Solving:  Stress period:     2    Time step:  4733
    Solving:  Stress period:     2    Time step:  4734
    Solving:  Stress period:     2    Time step:  4735
    Solving:  Stress period:     2    Time step:  4736
    Solving:  Stress period:     2    Time step:  4737
    Solving:  Stress period:     2    Time step:  4738
    Solving:  Stress period:     2    Time step:  4739
    Solving:  Stress period:     2    Time step:  4740
    Solving:  Stress period:     2    Time step:  4741
    Solving:  Stress period:     2    Time step:  4742
    Solving:  Stress period:     2    Time step:  4743
    Solving:  Stress period:     2    Time step:  4744
    Solving:  Stress period:     2    Time step:  4745
    Solving:  Stress period:     2    Time step:  4746
    Solving:  Stress period:     2    Time step:  4747
    Solving:  Stress period:     2    Time step:  4748
    Solving:  Stress period:     2    Time step:  4749
    Solving:  Stress period:     2    Time step:  4750
    Solving:  Stress period:     2    Time step:  4751
    Solving:  Stress period:     2    Time step:  4752
    Solving:  Stress period:     2    Time step:  4753
    Solving:  Stress period:     2    Time step:  4754
    Solving:  Stress period:     2    Time step:  4755
    Solving:  Stress period:     2    Time step:  4756
    Solving:  Stress period:     2    Time step:  4757
    Solving:  Stress period:     2    Time step:  4758
    Solving:  Stress period:     2    Time step:  4759
    Solving:  Stress period:     2    Time step:  4760
    Solving:  Stress period:     2    Time step:  4761
    Solving:  Stress period:     2    Time step:  4762
    Solving:  Stress period:     2    Time step:  4763
    Solving:  Stress period:     2    Time step:  4764
    Solving:  Stress period:     2    Time step:  4765
    Solving:  Stress period:     2    Time step:  4766
    Solving:  Stress period:     2    Time step:  4767
    Solving:  Stress period:     2    Time step:  4768
    Solving:  Stress period:     2    Time step:  4769
    Solving:  Stress period:     2    Time step:  4770
    Solving:  Stress period:     2    Time step:  4771
    Solving:  Stress period:     2    Time step:  4772
    Solving:  Stress period:     2    Time step:  4773
    Solving:  Stress period:     2    Time step:  4774
    Solving:  Stress period:     2    Time step:  4775
    Solving:  Stress period:     2    Time step:  4776
    Solving:  Stress period:     2    Time step:  4777
    Solving:  Stress period:     2    Time step:  4778
    Solving:  Stress period:     2    Time step:  4779
    Solving:  Stress period:     2    Time step:  4780
    Solving:  Stress period:     2    Time step:  4781
    Solving:  Stress period:     2    Time step:  4782
    Solving:  Stress period:     2    Time step:  4783
    Solving:  Stress period:     2    Time step:  4784
    Solving:  Stress period:     2    Time step:  4785
    Solving:  Stress period:     2    Time step:  4786
    Solving:  Stress period:     2    Time step:  4787
    Solving:  Stress period:     2    Time step:  4788
    Solving:  Stress period:     2    Time step:  4789
    Solving:  Stress period:     2    Time step:  4790
    Solving:  Stress period:     2    Time step:  4791
    Solving:  Stress period:     2    Time step:  4792
    Solving:  Stress period:     2    Time step:  4793
    Solving:  Stress period:     2    Time step:  4794
    Solving:  Stress period:     2    Time step:  4795
    Solving:  Stress period:     2    Time step:  4796
    Solving:  Stress period:     2    Time step:  4797
    Solving:  Stress period:     2    Time step:  4798
    Solving:  Stress period:     2    Time step:  4799
    Solving:  Stress period:     2    Time step:  4800
    Solving:  Stress period:     2    Time step:  4801
    Solving:  Stress period:     2    Time step:  4802
    Solving:  Stress period:     2    Time step:  4803
    Solving:  Stress period:     2    Time step:  4804
    Solving:  Stress period:     2    Time step:  4805
    Solving:  Stress period:     2    Time step:  4806
    Solving:  Stress period:     2    Time step:  4807
    Solving:  Stress period:     2    Time step:  4808
    Solving:  Stress period:     2    Time step:  4809
    Solving:  Stress period:     2    Time step:  4810
    Solving:  Stress period:     2    Time step:  4811
    Solving:  Stress period:     2    Time step:  4812
    Solving:  Stress period:     2    Time step:  4813
    Solving:  Stress period:     2    Time step:  4814
    Solving:  Stress period:     2    Time step:  4815
    Solving:  Stress period:     2    Time step:  4816
    Solving:  Stress period:     2    Time step:  4817
    Solving:  Stress period:     2    Time step:  4818
    Solving:  Stress period:     2    Time step:  4819
    Solving:  Stress period:     2    Time step:  4820
    Solving:  Stress period:     2    Time step:  4821
    Solving:  Stress period:     2    Time step:  4822
    Solving:  Stress period:     2    Time step:  4823
    Solving:  Stress period:     2    Time step:  4824
    Solving:  Stress period:     2    Time step:  4825
    Solving:  Stress period:     2    Time step:  4826
    Solving:  Stress period:     2    Time step:  4827
    Solving:  Stress period:     2    Time step:  4828
    Solving:  Stress period:     2    Time step:  4829
    Solving:  Stress period:     2    Time step:  4830
    Solving:  Stress period:     2    Time step:  4831
    Solving:  Stress period:     2    Time step:  4832
    Solving:  Stress period:     2    Time step:  4833
    Solving:  Stress period:     2    Time step:  4834
    Solving:  Stress period:     2    Time step:  4835
    Solving:  Stress period:     2    Time step:  4836
    Solving:  Stress period:     2    Time step:  4837
    Solving:  Stress period:     2    Time step:  4838
    Solving:  Stress period:     2    Time step:  4839
    Solving:  Stress period:     2    Time step:  4840
    Solving:  Stress period:     2    Time step:  4841
    Solving:  Stress period:     2    Time step:  4842
    Solving:  Stress period:     2    Time step:  4843
    Solving:  Stress period:     2    Time step:  4844
    Solving:  Stress period:     2    Time step:  4845
    Solving:  Stress period:     2    Time step:  4846
    Solving:  Stress period:     2    Time step:  4847
    Solving:  Stress period:     2    Time step:  4848
    Solving:  Stress period:     2    Time step:  4849
    Solving:  Stress period:     2    Time step:  4850
    Solving:  Stress period:     2    Time step:  4851
    Solving:  Stress period:     2    Time step:  4852
    Solving:  Stress period:     2    Time step:  4853
    Solving:  Stress period:     2    Time step:  4854
    Solving:  Stress period:     2    Time step:  4855
    Solving:  Stress period:     2    Time step:  4856
    Solving:  Stress period:     2    Time step:  4857
    Solving:  Stress period:     2    Time step:  4858
    Solving:  Stress period:     2    Time step:  4859
    Solving:  Stress period:     2    Time step:  4860
    Solving:  Stress period:     2    Time step:  4861
    Solving:  Stress period:     2    Time step:  4862
    Solving:  Stress period:     2    Time step:  4863
    Solving:  Stress period:     2    Time step:  4864
    Solving:  Stress period:     2    Time step:  4865
    Solving:  Stress period:     2    Time step:  4866
    Solving:  Stress period:     2    Time step:  4867
    Solving:  Stress period:     2    Time step:  4868
    Solving:  Stress period:     2    Time step:  4869
    Solving:  Stress period:     2    Time step:  4870
    Solving:  Stress period:     2    Time step:  4871
    Solving:  Stress period:     2    Time step:  4872
    Solving:  Stress period:     2    Time step:  4873
    Solving:  Stress period:     2    Time step:  4874
    Solving:  Stress period:     2    Time step:  4875
    Solving:  Stress period:     2    Time step:  4876
    Solving:  Stress period:     2    Time step:  4877
    Solving:  Stress period:     2    Time step:  4878
    Solving:  Stress period:     2    Time step:  4879
    Solving:  Stress period:     2    Time step:  4880
    Solving:  Stress period:     2    Time step:  4881
    Solving:  Stress period:     2    Time step:  4882
    Solving:  Stress period:     2    Time step:  4883
    Solving:  Stress period:     2    Time step:  4884
    Solving:  Stress period:     2    Time step:  4885
    Solving:  Stress period:     2    Time step:  4886
    Solving:  Stress period:     2    Time step:  4887
    Solving:  Stress period:     2    Time step:  4888
    Solving:  Stress period:     2    Time step:  4889
    Solving:  Stress period:     2    Time step:  4890
    Solving:  Stress period:     2    Time step:  4891
    Solving:  Stress period:     2    Time step:  4892
    Solving:  Stress period:     2    Time step:  4893
    Solving:  Stress period:     2    Time step:  4894
    Solving:  Stress period:     2    Time step:  4895
    Solving:  Stress period:     2    Time step:  4896
    Solving:  Stress period:     2    Time step:  4897
    Solving:  Stress period:     2    Time step:  4898
    Solving:  Stress period:     2    Time step:  4899
    Solving:  Stress period:     2    Time step:  4900
    Solving:  Stress period:     2    Time step:  4901
    Solving:  Stress period:     2    Time step:  4902
    Solving:  Stress period:     2    Time step:  4903
    Solving:  Stress period:     2    Time step:  4904
    Solving:  Stress period:     2    Time step:  4905
    Solving:  Stress period:     2    Time step:  4906
    Solving:  Stress period:     2    Time step:  4907
    Solving:  Stress period:     2    Time step:  4908
    Solving:  Stress period:     2    Time step:  4909
    Solving:  Stress period:     2    Time step:  4910
    Solving:  Stress period:     2    Time step:  4911
    Solving:  Stress period:     2    Time step:  4912
    Solving:  Stress period:     2    Time step:  4913
    Solving:  Stress period:     2    Time step:  4914
    Solving:  Stress period:     2    Time step:  4915
    Solving:  Stress period:     2    Time step:  4916
    Solving:  Stress period:     2    Time step:  4917
    Solving:  Stress period:     2    Time step:  4918
    Solving:  Stress period:     2    Time step:  4919
    Solving:  Stress period:     2    Time step:  4920
    Solving:  Stress period:     2    Time step:  4921
    Solving:  Stress period:     2    Time step:  4922
    Solving:  Stress period:     2    Time step:  4923
    Solving:  Stress period:     2    Time step:  4924
    Solving:  Stress period:     2    Time step:  4925
    Solving:  Stress period:     2    Time step:  4926
    Solving:  Stress period:     2    Time step:  4927
    Solving:  Stress period:     2    Time step:  4928
    Solving:  Stress period:     2    Time step:  4929
    Solving:  Stress period:     2    Time step:  4930
    Solving:  Stress period:     2    Time step:  4931
    Solving:  Stress period:     2    Time step:  4932
    Solving:  Stress period:     2    Time step:  4933
    Solving:  Stress period:     2    Time step:  4934
    Solving:  Stress period:     2    Time step:  4935
    Solving:  Stress period:     2    Time step:  4936
    Solving:  Stress period:     2    Time step:  4937
    Solving:  Stress period:     2    Time step:  4938
    Solving:  Stress period:     2    Time step:  4939
    Solving:  Stress period:     2    Time step:  4940
    Solving:  Stress period:     2    Time step:  4941
    Solving:  Stress period:     2    Time step:  4942
    Solving:  Stress period:     2    Time step:  4943
    Solving:  Stress period:     2    Time step:  4944
    Solving:  Stress period:     2    Time step:  4945
    Solving:  Stress period:     2    Time step:  4946
    Solving:  Stress period:     2    Time step:  4947
    Solving:  Stress period:     2    Time step:  4948
    Solving:  Stress period:     2    Time step:  4949
    Solving:  Stress period:     2    Time step:  4950
    Solving:  Stress period:     2    Time step:  4951
    Solving:  Stress period:     2    Time step:  4952
    Solving:  Stress period:     2    Time step:  4953
    Solving:  Stress period:     2    Time step:  4954
    Solving:  Stress period:     2    Time step:  4955
    Solving:  Stress period:     2    Time step:  4956
    Solving:  Stress period:     2    Time step:  4957
    Solving:  Stress period:     2    Time step:  4958
    Solving:  Stress period:     2    Time step:  4959
    Solving:  Stress period:     2    Time step:  4960
    Solving:  Stress period:     2    Time step:  4961
    Solving:  Stress period:     2    Time step:  4962
    Solving:  Stress period:     2    Time step:  4963
    Solving:  Stress period:     2    Time step:  4964
    Solving:  Stress period:     2    Time step:  4965
    Solving:  Stress period:     2    Time step:  4966
    Solving:  Stress period:     2    Time step:  4967
    Solving:  Stress period:     2    Time step:  4968
    Solving:  Stress period:     2    Time step:  4969
    Solving:  Stress period:     2    Time step:  4970
    Solving:  Stress period:     2    Time step:  4971
    Solving:  Stress period:     2    Time step:  4972
    Solving:  Stress period:     2    Time step:  4973
    Solving:  Stress period:     2    Time step:  4974
    Solving:  Stress period:     2    Time step:  4975
    Solving:  Stress period:     2    Time step:  4976
    Solving:  Stress period:     2    Time step:  4977
    Solving:  Stress period:     2    Time step:  4978
    Solving:  Stress period:     2    Time step:  4979
    Solving:  Stress period:     2    Time step:  4980
    Solving:  Stress period:     2    Time step:  4981
    Solving:  Stress period:     2    Time step:  4982
    Solving:  Stress period:     2    Time step:  4983
    Solving:  Stress period:     2    Time step:  4984
    Solving:  Stress period:     2    Time step:  4985
    Solving:  Stress period:     2    Time step:  4986
    Solving:  Stress period:     2    Time step:  4987
    Solving:  Stress period:     2    Time step:  4988
    Solving:  Stress period:     2    Time step:  4989
    Solving:  Stress period:     2    Time step:  4990
    Solving:  Stress period:     2    Time step:  4991
    Solving:  Stress period:     2    Time step:  4992
    Solving:  Stress period:     2    Time step:  4993
    Solving:  Stress period:     2    Time step:  4994
    Solving:  Stress period:     2    Time step:  4995
    Solving:  Stress period:     2    Time step:  4996
    Solving:  Stress period:     2    Time step:  4997
    Solving:  Stress period:     2    Time step:  4998
    Solving:  Stress period:     2    Time step:  4999
    Solving:  Stress period:     2    Time step:  5000
    Solving:  Stress period:     2    Time step:  5001
    Solving:  Stress period:     2    Time step:  5002
    Solving:  Stress period:     2    Time step:  5003
    Solving:  Stress period:     2    Time step:  5004
    Solving:  Stress period:     2    Time step:  5005
    Solving:  Stress period:     2    Time step:  5006
    Solving:  Stress period:     2    Time step:  5007
    Solving:  Stress period:     2    Time step:  5008
    Solving:  Stress period:     2    Time step:  5009
    Solving:  Stress period:     2    Time step:  5010
    Solving:  Stress period:     2    Time step:  5011
    Solving:  Stress period:     2    Time step:  5012
    Solving:  Stress period:     2    Time step:  5013
    Solving:  Stress period:     2    Time step:  5014
    Solving:  Stress period:     2    Time step:  5015
    Solving:  Stress period:     2    Time step:  5016
    Solving:  Stress period:     2    Time step:  5017
    Solving:  Stress period:     2    Time step:  5018
    Solving:  Stress period:     2    Time step:  5019
    Solving:  Stress period:     2    Time step:  5020
    Solving:  Stress period:     2    Time step:  5021
    Solving:  Stress period:     2    Time step:  5022
    Solving:  Stress period:     2    Time step:  5023
    Solving:  Stress period:     2    Time step:  5024
    Solving:  Stress period:     2    Time step:  5025
    Solving:  Stress period:     2    Time step:  5026
    Solving:  Stress period:     2    Time step:  5027
    Solving:  Stress period:     2    Time step:  5028
    Solving:  Stress period:     2    Time step:  5029
    Solving:  Stress period:     2    Time step:  5030
    Solving:  Stress period:     2    Time step:  5031
    Solving:  Stress period:     2    Time step:  5032
    Solving:  Stress period:     2    Time step:  5033
    Solving:  Stress period:     2    Time step:  5034
    Solving:  Stress period:     2    Time step:  5035
    Solving:  Stress period:     2    Time step:  5036
    Solving:  Stress period:     2    Time step:  5037
    Solving:  Stress period:     2    Time step:  5038
    Solving:  Stress period:     2    Time step:  5039
    Solving:  Stress period:     2    Time step:  5040
    Solving:  Stress period:     2    Time step:  5041
    Solving:  Stress period:     2    Time step:  5042
    Solving:  Stress period:     2    Time step:  5043
    Solving:  Stress period:     2    Time step:  5044
    Solving:  Stress period:     2    Time step:  5045
    Solving:  Stress period:     2    Time step:  5046
    Solving:  Stress period:     2    Time step:  5047
    Solving:  Stress period:     2    Time step:  5048
    Solving:  Stress period:     2    Time step:  5049
    Solving:  Stress period:     2    Time step:  5050
    Solving:  Stress period:     2    Time step:  5051
    Solving:  Stress period:     2    Time step:  5052
    Solving:  Stress period:     2    Time step:  5053
    Solving:  Stress period:     2    Time step:  5054
    Solving:  Stress period:     2    Time step:  5055
    Solving:  Stress period:     2    Time step:  5056
    Solving:  Stress period:     2    Time step:  5057
    Solving:  Stress period:     2    Time step:  5058
    Solving:  Stress period:     2    Time step:  5059
    Solving:  Stress period:     2    Time step:  5060
    Solving:  Stress period:     2    Time step:  5061
    Solving:  Stress period:     2    Time step:  5062
    Solving:  Stress period:     2    Time step:  5063
    Solving:  Stress period:     2    Time step:  5064
    Solving:  Stress period:     2    Time step:  5065
    Solving:  Stress period:     2    Time step:  5066
    Solving:  Stress period:     2    Time step:  5067
    Solving:  Stress period:     2    Time step:  5068
    Solving:  Stress period:     2    Time step:  5069
    Solving:  Stress period:     2    Time step:  5070
    Solving:  Stress period:     2    Time step:  5071
    Solving:  Stress period:     2    Time step:  5072
    Solving:  Stress period:     2    Time step:  5073
    Solving:  Stress period:     2    Time step:  5074
    Solving:  Stress period:     2    Time step:  5075
    Solving:  Stress period:     2    Time step:  5076
    Solving:  Stress period:     2    Time step:  5077
    Solving:  Stress period:     2    Time step:  5078
    Solving:  Stress period:     2    Time step:  5079
    Solving:  Stress period:     2    Time step:  5080
    Solving:  Stress period:     2    Time step:  5081
    Solving:  Stress period:     2    Time step:  5082
    Solving:  Stress period:     2    Time step:  5083
    Solving:  Stress period:     2    Time step:  5084
    Solving:  Stress period:     2    Time step:  5085
    Solving:  Stress period:     2    Time step:  5086
    Solving:  Stress period:     2    Time step:  5087
    Solving:  Stress period:     2    Time step:  5088
    Solving:  Stress period:     2    Time step:  5089
    Solving:  Stress period:     2    Time step:  5090
    Solving:  Stress period:     2    Time step:  5091
    Solving:  Stress period:     2    Time step:  5092
    Solving:  Stress period:     2    Time step:  5093
    Solving:  Stress period:     2    Time step:  5094
    Solving:  Stress period:     2    Time step:  5095
    Solving:  Stress period:     2    Time step:  5096
    Solving:  Stress period:     2    Time step:  5097
    Solving:  Stress period:     2    Time step:  5098
    Solving:  Stress period:     2    Time step:  5099
    Solving:  Stress period:     2    Time step:  5100
    Solving:  Stress period:     2    Time step:  5101
    Solving:  Stress period:     2    Time step:  5102
    Solving:  Stress period:     2    Time step:  5103
    Solving:  Stress period:     2    Time step:  5104
    Solving:  Stress period:     2    Time step:  5105
    Solving:  Stress period:     2    Time step:  5106
    Solving:  Stress period:     2    Time step:  5107
    Solving:  Stress period:     2    Time step:  5108
    Solving:  Stress period:     2    Time step:  5109
    Solving:  Stress period:     2    Time step:  5110
    Solving:  Stress period:     2    Time step:  5111
    Solving:  Stress period:     2    Time step:  5112
    Solving:  Stress period:     2    Time step:  5113
    Solving:  Stress period:     2    Time step:  5114
    Solving:  Stress period:     2    Time step:  5115
    Solving:  Stress period:     2    Time step:  5116
    Solving:  Stress period:     2    Time step:  5117
    Solving:  Stress period:     2    Time step:  5118
    Solving:  Stress period:     2    Time step:  5119
    Solving:  Stress period:     2    Time step:  5120
    Solving:  Stress period:     2    Time step:  5121
    Solving:  Stress period:     2    Time step:  5122
    Solving:  Stress period:     2    Time step:  5123
    Solving:  Stress period:     2    Time step:  5124
    Solving:  Stress period:     2    Time step:  5125
    Solving:  Stress period:     2    Time step:  5126
    Solving:  Stress period:     2    Time step:  5127
    Solving:  Stress period:     2    Time step:  5128
    Solving:  Stress period:     2    Time step:  5129
    Solving:  Stress period:     2    Time step:  5130
    Solving:  Stress period:     2    Time step:  5131
    Solving:  Stress period:     2    Time step:  5132
    Solving:  Stress period:     2    Time step:  5133
    Solving:  Stress period:     2    Time step:  5134
    Solving:  Stress period:     2    Time step:  5135
    Solving:  Stress period:     2    Time step:  5136
    Solving:  Stress period:     2    Time step:  5137
    Solving:  Stress period:     2    Time step:  5138
    Solving:  Stress period:     2    Time step:  5139
    Solving:  Stress period:     2    Time step:  5140
    Solving:  Stress period:     2    Time step:  5141
    Solving:  Stress period:     2    Time step:  5142
    Solving:  Stress period:     2    Time step:  5143
    Solving:  Stress period:     2    Time step:  5144
    Solving:  Stress period:     2    Time step:  5145
    Solving:  Stress period:     2    Time step:  5146
    Solving:  Stress period:     2    Time step:  5147
    Solving:  Stress period:     2    Time step:  5148
    Solving:  Stress period:     2    Time step:  5149
    Solving:  Stress period:     2    Time step:  5150
    Solving:  Stress period:     2    Time step:  5151
    Solving:  Stress period:     2    Time step:  5152
    Solving:  Stress period:     2    Time step:  5153
    Solving:  Stress period:     2    Time step:  5154
    Solving:  Stress period:     2    Time step:  5155
    Solving:  Stress period:     2    Time step:  5156
    Solving:  Stress period:     2    Time step:  5157
    Solving:  Stress period:     2    Time step:  5158
    Solving:  Stress period:     2    Time step:  5159
    Solving:  Stress period:     2    Time step:  5160
    Solving:  Stress period:     2    Time step:  5161
    Solving:  Stress period:     2    Time step:  5162
    Solving:  Stress period:     2    Time step:  5163
    Solving:  Stress period:     2    Time step:  5164
    Solving:  Stress period:     2    Time step:  5165
    Solving:  Stress period:     2    Time step:  5166
    Solving:  Stress period:     2    Time step:  5167
    Solving:  Stress period:     2    Time step:  5168
    Solving:  Stress period:     2    Time step:  5169
    Solving:  Stress period:     2    Time step:  5170
    Solving:  Stress period:     2    Time step:  5171
    Solving:  Stress period:     2    Time step:  5172
    Solving:  Stress period:     2    Time step:  5173
    Solving:  Stress period:     2    Time step:  5174
    Solving:  Stress period:     2    Time step:  5175
    Solving:  Stress period:     2    Time step:  5176
    Solving:  Stress period:     2    Time step:  5177
    Solving:  Stress period:     2    Time step:  5178
    Solving:  Stress period:     2    Time step:  5179
    Solving:  Stress period:     2    Time step:  5180
    Solving:  Stress period:     2    Time step:  5181
    Solving:  Stress period:     2    Time step:  5182
    Solving:  Stress period:     2    Time step:  5183
    Solving:  Stress period:     2    Time step:  5184
    Solving:  Stress period:     2    Time step:  5185
    Solving:  Stress period:     2    Time step:  5186
    Solving:  Stress period:     2    Time step:  5187
    Solving:  Stress period:     2    Time step:  5188
    Solving:  Stress period:     2    Time step:  5189
    Solving:  Stress period:     2    Time step:  5190
    Solving:  Stress period:     2    Time step:  5191
    Solving:  Stress period:     2    Time step:  5192
    Solving:  Stress period:     2    Time step:  5193
    Solving:  Stress period:     2    Time step:  5194
    Solving:  Stress period:     2    Time step:  5195
    Solving:  Stress period:     2    Time step:  5196
    Solving:  Stress period:     2    Time step:  5197
    Solving:  Stress period:     2    Time step:  5198
    Solving:  Stress period:     2    Time step:  5199
    Solving:  Stress period:     2    Time step:  5200
    Solving:  Stress period:     2    Time step:  5201
    Solving:  Stress period:     2    Time step:  5202
    Solving:  Stress period:     2    Time step:  5203
    Solving:  Stress period:     2    Time step:  5204
    Solving:  Stress period:     2    Time step:  5205
    Solving:  Stress period:     2    Time step:  5206
    Solving:  Stress period:     2    Time step:  5207
    Solving:  Stress period:     2    Time step:  5208
    Solving:  Stress period:     2    Time step:  5209
    Solving:  Stress period:     2    Time step:  5210
    Solving:  Stress period:     2    Time step:  5211
    Solving:  Stress period:     2    Time step:  5212
    Solving:  Stress period:     2    Time step:  5213
    Solving:  Stress period:     2    Time step:  5214
    Solving:  Stress period:     2    Time step:  5215
    Solving:  Stress period:     2    Time step:  5216
    Solving:  Stress period:     2    Time step:  5217
    Solving:  Stress period:     2    Time step:  5218
    Solving:  Stress period:     2    Time step:  5219
    Solving:  Stress period:     2    Time step:  5220
    Solving:  Stress period:     2    Time step:  5221
    Solving:  Stress period:     2    Time step:  5222
    Solving:  Stress period:     2    Time step:  5223
    Solving:  Stress period:     2    Time step:  5224
    Solving:  Stress period:     2    Time step:  5225
    Solving:  Stress period:     2    Time step:  5226
    Solving:  Stress period:     2    Time step:  5227
    Solving:  Stress period:     2    Time step:  5228
    Solving:  Stress period:     2    Time step:  5229
    Solving:  Stress period:     2    Time step:  5230
    Solving:  Stress period:     2    Time step:  5231
    Solving:  Stress period:     2    Time step:  5232
    Solving:  Stress period:     2    Time step:  5233
    Solving:  Stress period:     2    Time step:  5234
    Solving:  Stress period:     2    Time step:  5235
    Solving:  Stress period:     2    Time step:  5236
    Solving:  Stress period:     2    Time step:  5237
    Solving:  Stress period:     2    Time step:  5238
    Solving:  Stress period:     2    Time step:  5239
    Solving:  Stress period:     2    Time step:  5240
    Solving:  Stress period:     2    Time step:  5241
    Solving:  Stress period:     2    Time step:  5242
    Solving:  Stress period:     2    Time step:  5243
    Solving:  Stress period:     2    Time step:  5244
    Solving:  Stress period:     2    Time step:  5245
    Solving:  Stress period:     2    Time step:  5246
    Solving:  Stress period:     2    Time step:  5247
    Solving:  Stress period:     2    Time step:  5248
    Solving:  Stress period:     2    Time step:  5249
    Solving:  Stress period:     2    Time step:  5250
    Solving:  Stress period:     2    Time step:  5251
    Solving:  Stress period:     2    Time step:  5252
    Solving:  Stress period:     2    Time step:  5253
    Solving:  Stress period:     2    Time step:  5254
    Solving:  Stress period:     2    Time step:  5255
    Solving:  Stress period:     2    Time step:  5256
    Solving:  Stress period:     2    Time step:  5257
    Solving:  Stress period:     2    Time step:  5258
    Solving:  Stress period:     2    Time step:  5259
    Solving:  Stress period:     2    Time step:  5260
    Solving:  Stress period:     2    Time step:  5261
    Solving:  Stress period:     2    Time step:  5262
    Solving:  Stress period:     2    Time step:  5263
    Solving:  Stress period:     2    Time step:  5264
    Solving:  Stress period:     2    Time step:  5265
    Solving:  Stress period:     2    Time step:  5266
    Solving:  Stress period:     2    Time step:  5267
    Solving:  Stress period:     2    Time step:  5268
    Solving:  Stress period:     2    Time step:  5269
    Solving:  Stress period:     2    Time step:  5270
    Solving:  Stress period:     2    Time step:  5271
    Solving:  Stress period:     2    Time step:  5272
    Solving:  Stress period:     2    Time step:  5273
    Solving:  Stress period:     2    Time step:  5274
    Solving:  Stress period:     2    Time step:  5275
    Solving:  Stress period:     2    Time step:  5276
    Solving:  Stress period:     2    Time step:  5277
    Solving:  Stress period:     2    Time step:  5278
    Solving:  Stress period:     2    Time step:  5279
    Solving:  Stress period:     2    Time step:  5280
    Solving:  Stress period:     2    Time step:  5281
    Solving:  Stress period:     2    Time step:  5282
    Solving:  Stress period:     2    Time step:  5283
    Solving:  Stress period:     2    Time step:  5284
    Solving:  Stress period:     2    Time step:  5285
    Solving:  Stress period:     2    Time step:  5286
    Solving:  Stress period:     2    Time step:  5287
    Solving:  Stress period:     2    Time step:  5288
    Solving:  Stress period:     2    Time step:  5289
    Solving:  Stress period:     2    Time step:  5290
    Solving:  Stress period:     2    Time step:  5291
    Solving:  Stress period:     2    Time step:  5292
    Solving:  Stress period:     2    Time step:  5293
    Solving:  Stress period:     2    Time step:  5294
    Solving:  Stress period:     2    Time step:  5295
    Solving:  Stress period:     2    Time step:  5296
    Solving:  Stress period:     2    Time step:  5297
    Solving:  Stress period:     2    Time step:  5298
    Solving:  Stress period:     2    Time step:  5299
    Solving:  Stress period:     2    Time step:  5300
    Solving:  Stress period:     2    Time step:  5301
    Solving:  Stress period:     2    Time step:  5302
    Solving:  Stress period:     2    Time step:  5303
    Solving:  Stress period:     2    Time step:  5304
    Solving:  Stress period:     2    Time step:  5305
    Solving:  Stress period:     2    Time step:  5306
    Solving:  Stress period:     2    Time step:  5307
    Solving:  Stress period:     2    Time step:  5308
    Solving:  Stress period:     2    Time step:  5309
    Solving:  Stress period:     2    Time step:  5310
    Solving:  Stress period:     2    Time step:  5311
    Solving:  Stress period:     2    Time step:  5312
    Solving:  Stress period:     2    Time step:  5313
    Solving:  Stress period:     2    Time step:  5314
    Solving:  Stress period:     2    Time step:  5315
    Solving:  Stress period:     2    Time step:  5316
    Solving:  Stress period:     2    Time step:  5317
    Solving:  Stress period:     2    Time step:  5318
    Solving:  Stress period:     2    Time step:  5319
    Solving:  Stress period:     2    Time step:  5320
    Solving:  Stress period:     2    Time step:  5321
    Solving:  Stress period:     2    Time step:  5322
    Solving:  Stress period:     2    Time step:  5323
    Solving:  Stress period:     2    Time step:  5324
    Solving:  Stress period:     2    Time step:  5325
    Solving:  Stress period:     2    Time step:  5326
    Solving:  Stress period:     2    Time step:  5327
    Solving:  Stress period:     2    Time step:  5328
    Solving:  Stress period:     2    Time step:  5329
    Solving:  Stress period:     2    Time step:  5330
    Solving:  Stress period:     2    Time step:  5331
    Solving:  Stress period:     2    Time step:  5332
    Solving:  Stress period:     2    Time step:  5333
    Solving:  Stress period:     2    Time step:  5334
    Solving:  Stress period:     2    Time step:  5335
    Solving:  Stress period:     2    Time step:  5336
    Solving:  Stress period:     2    Time step:  5337
    Solving:  Stress period:     2    Time step:  5338
    Solving:  Stress period:     2    Time step:  5339
    Solving:  Stress period:     2    Time step:  5340
    Solving:  Stress period:     2    Time step:  5341
    Solving:  Stress period:     2    Time step:  5342
    Solving:  Stress period:     2    Time step:  5343
    Solving:  Stress period:     2    Time step:  5344
    Solving:  Stress period:     2    Time step:  5345
    Solving:  Stress period:     2    Time step:  5346
    Solving:  Stress period:     2    Time step:  5347
    Solving:  Stress period:     2    Time step:  5348
    Solving:  Stress period:     2    Time step:  5349
    Solving:  Stress period:     2    Time step:  5350
    Solving:  Stress period:     2    Time step:  5351
    Solving:  Stress period:     2    Time step:  5352
    Solving:  Stress period:     2    Time step:  5353
    Solving:  Stress period:     2    Time step:  5354
    Solving:  Stress period:     2    Time step:  5355
    Solving:  Stress period:     2    Time step:  5356
    Solving:  Stress period:     2    Time step:  5357
    Solving:  Stress period:     2    Time step:  5358
    Solving:  Stress period:     2    Time step:  5359
    Solving:  Stress period:     2    Time step:  5360
    Solving:  Stress period:     2    Time step:  5361
    Solving:  Stress period:     2    Time step:  5362
    Solving:  Stress period:     2    Time step:  5363
    Solving:  Stress period:     2    Time step:  5364
    Solving:  Stress period:     2    Time step:  5365
    Solving:  Stress period:     2    Time step:  5366
    Solving:  Stress period:     2    Time step:  5367
    Solving:  Stress period:     2    Time step:  5368
    Solving:  Stress period:     2    Time step:  5369
    Solving:  Stress period:     2    Time step:  5370
    Solving:  Stress period:     2    Time step:  5371
    Solving:  Stress period:     2    Time step:  5372
    Solving:  Stress period:     2    Time step:  5373
    Solving:  Stress period:     2    Time step:  5374
    Solving:  Stress period:     2    Time step:  5375
    Solving:  Stress period:     2    Time step:  5376
    Solving:  Stress period:     2    Time step:  5377
    Solving:  Stress period:     2    Time step:  5378
    Solving:  Stress period:     2    Time step:  5379
    Solving:  Stress period:     2    Time step:  5380
    Solving:  Stress period:     2    Time step:  5381
    Solving:  Stress period:     2    Time step:  5382
    Solving:  Stress period:     2    Time step:  5383
    Solving:  Stress period:     2    Time step:  5384
    Solving:  Stress period:     2    Time step:  5385
    Solving:  Stress period:     2    Time step:  5386
    Solving:  Stress period:     2    Time step:  5387
    Solving:  Stress period:     2    Time step:  5388
    Solving:  Stress period:     2    Time step:  5389
    Solving:  Stress period:     2    Time step:  5390
    Solving:  Stress period:     2    Time step:  5391
    Solving:  Stress period:     2    Time step:  5392
    Solving:  Stress period:     2    Time step:  5393
    Solving:  Stress period:     2    Time step:  5394
    Solving:  Stress period:     2    Time step:  5395
    Solving:  Stress period:     2    Time step:  5396
    Solving:  Stress period:     2    Time step:  5397
    Solving:  Stress period:     2    Time step:  5398
    Solving:  Stress period:     2    Time step:  5399
    Solving:  Stress period:     2    Time step:  5400
    Solving:  Stress period:     2    Time step:  5401
    Solving:  Stress period:     2    Time step:  5402
    Solving:  Stress period:     2    Time step:  5403
    Solving:  Stress period:     2    Time step:  5404
    Solving:  Stress period:     2    Time step:  5405
    Solving:  Stress period:     2    Time step:  5406
    Solving:  Stress period:     2    Time step:  5407
    Solving:  Stress period:     2    Time step:  5408
    Solving:  Stress period:     2    Time step:  5409
    Solving:  Stress period:     2    Time step:  5410
    Solving:  Stress period:     2    Time step:  5411
    Solving:  Stress period:     2    Time step:  5412
    Solving:  Stress period:     2    Time step:  5413
    Solving:  Stress period:     2    Time step:  5414
    Solving:  Stress period:     2    Time step:  5415
    Solving:  Stress period:     2    Time step:  5416
    Solving:  Stress period:     2    Time step:  5417
    Solving:  Stress period:     2    Time step:  5418
    Solving:  Stress period:     2    Time step:  5419
    Solving:  Stress period:     2    Time step:  5420
    Solving:  Stress period:     2    Time step:  5421
    Solving:  Stress period:     2    Time step:  5422
    Solving:  Stress period:     2    Time step:  5423
    Solving:  Stress period:     2    Time step:  5424
    Solving:  Stress period:     2    Time step:  5425
    Solving:  Stress period:     2    Time step:  5426
    Solving:  Stress period:     2    Time step:  5427
    Solving:  Stress period:     2    Time step:  5428
    Solving:  Stress period:     2    Time step:  5429
    Solving:  Stress period:     2    Time step:  5430
    Solving:  Stress period:     2    Time step:  5431
    Solving:  Stress period:     2    Time step:  5432
    Solving:  Stress period:     2    Time step:  5433
    Solving:  Stress period:     2    Time step:  5434
    Solving:  Stress period:     2    Time step:  5435
    Solving:  Stress period:     2    Time step:  5436
    Solving:  Stress period:     2    Time step:  5437
    Solving:  Stress period:     2    Time step:  5438
    Solving:  Stress period:     2    Time step:  5439
    Solving:  Stress period:     2    Time step:  5440
    Solving:  Stress period:     2    Time step:  5441
    Solving:  Stress period:     2    Time step:  5442
    Solving:  Stress period:     2    Time step:  5443
    Solving:  Stress period:     2    Time step:  5444
    Solving:  Stress period:     2    Time step:  5445
    Solving:  Stress period:     2    Time step:  5446
    Solving:  Stress period:     2    Time step:  5447
    Solving:  Stress period:     2    Time step:  5448
    Solving:  Stress period:     2    Time step:  5449
    Solving:  Stress period:     2    Time step:  5450
    Solving:  Stress period:     2    Time step:  5451
    Solving:  Stress period:     2    Time step:  5452
    Solving:  Stress period:     2    Time step:  5453
    Solving:  Stress period:     2    Time step:  5454
    Solving:  Stress period:     2    Time step:  5455
    Solving:  Stress period:     2    Time step:  5456
    Solving:  Stress period:     2    Time step:  5457
    Solving:  Stress period:     2    Time step:  5458
    Solving:  Stress period:     2    Time step:  5459
    Solving:  Stress period:     2    Time step:  5460
    Solving:  Stress period:     2    Time step:  5461
    Solving:  Stress period:     2    Time step:  5462
    Solving:  Stress period:     2    Time step:  5463
    Solving:  Stress period:     2    Time step:  5464
    Solving:  Stress period:     2    Time step:  5465
    Solving:  Stress period:     2    Time step:  5466
    Solving:  Stress period:     2    Time step:  5467
    Solving:  Stress period:     2    Time step:  5468
    Solving:  Stress period:     2    Time step:  5469
    Solving:  Stress period:     2    Time step:  5470
    Solving:  Stress period:     2    Time step:  5471
    Solving:  Stress period:     2    Time step:  5472
    Solving:  Stress period:     2    Time step:  5473
    Solving:  Stress period:     2    Time step:  5474
    Solving:  Stress period:     2    Time step:  5475
    Solving:  Stress period:     2    Time step:  5476
    Solving:  Stress period:     2    Time step:  5477
    Solving:  Stress period:     2    Time step:  5478
    Solving:  Stress period:     2    Time step:  5479
    Solving:  Stress period:     2    Time step:  5480
    Solving:  Stress period:     2    Time step:  5481
    Solving:  Stress period:     2    Time step:  5482
    Solving:  Stress period:     2    Time step:  5483
    Solving:  Stress period:     2    Time step:  5484
    Solving:  Stress period:     2    Time step:  5485
    Solving:  Stress period:     2    Time step:  5486
    Solving:  Stress period:     2    Time step:  5487
    Solving:  Stress period:     2    Time step:  5488
    Solving:  Stress period:     2    Time step:  5489
    Solving:  Stress period:     2    Time step:  5490
    Solving:  Stress period:     2    Time step:  5491
    Solving:  Stress period:     2    Time step:  5492
    Solving:  Stress period:     2    Time step:  5493
    Solving:  Stress period:     2    Time step:  5494
    Solving:  Stress period:     2    Time step:  5495
    Solving:  Stress period:     2    Time step:  5496
    Solving:  Stress period:     2    Time step:  5497
    Solving:  Stress period:     2    Time step:  5498
    Solving:  Stress period:     2    Time step:  5499
    Solving:  Stress period:     2    Time step:  5500
    Solving:  Stress period:     2    Time step:  5501
    Solving:  Stress period:     2    Time step:  5502
    Solving:  Stress period:     2    Time step:  5503
    Solving:  Stress period:     2    Time step:  5504
    Solving:  Stress period:     2    Time step:  5505
    Solving:  Stress period:     2    Time step:  5506
    Solving:  Stress period:     2    Time step:  5507
    Solving:  Stress period:     2    Time step:  5508
    Solving:  Stress period:     2    Time step:  5509
    Solving:  Stress period:     2    Time step:  5510
    Solving:  Stress period:     2    Time step:  5511
    Solving:  Stress period:     2    Time step:  5512
    Solving:  Stress period:     2    Time step:  5513
    Solving:  Stress period:     2    Time step:  5514
    Solving:  Stress period:     2    Time step:  5515
    Solving:  Stress period:     2    Time step:  5516
    Solving:  Stress period:     2    Time step:  5517
    Solving:  Stress period:     2    Time step:  5518
    Solving:  Stress period:     2    Time step:  5519
    Solving:  Stress period:     2    Time step:  5520
    Solving:  Stress period:     2    Time step:  5521
    Solving:  Stress period:     2    Time step:  5522
    Solving:  Stress period:     2    Time step:  5523
    Solving:  Stress period:     2    Time step:  5524
    Solving:  Stress period:     2    Time step:  5525
    Solving:  Stress period:     2    Time step:  5526
    Solving:  Stress period:     2    Time step:  5527
    Solving:  Stress period:     2    Time step:  5528
    Solving:  Stress period:     2    Time step:  5529
    Solving:  Stress period:     2    Time step:  5530
    Solving:  Stress period:     2    Time step:  5531
    Solving:  Stress period:     2    Time step:  5532
    Solving:  Stress period:     2    Time step:  5533
    Solving:  Stress period:     2    Time step:  5534
    Solving:  Stress period:     2    Time step:  5535
    Solving:  Stress period:     2    Time step:  5536
    Solving:  Stress period:     2    Time step:  5537
    Solving:  Stress period:     2    Time step:  5538
    Solving:  Stress period:     2    Time step:  5539
    Solving:  Stress period:     2    Time step:  5540
    Solving:  Stress period:     2    Time step:  5541
    Solving:  Stress period:     2    Time step:  5542
    Solving:  Stress period:     2    Time step:  5543
    Solving:  Stress period:     2    Time step:  5544
    Solving:  Stress period:     2    Time step:  5545
    Solving:  Stress period:     2    Time step:  5546
    Solving:  Stress period:     2    Time step:  5547
    Solving:  Stress period:     2    Time step:  5548
    Solving:  Stress period:     2    Time step:  5549
    Solving:  Stress period:     2    Time step:  5550
    Solving:  Stress period:     2    Time step:  5551
    Solving:  Stress period:     2    Time step:  5552
    Solving:  Stress period:     2    Time step:  5553
    Solving:  Stress period:     2    Time step:  5554
    Solving:  Stress period:     2    Time step:  5555
    Solving:  Stress period:     2    Time step:  5556
    Solving:  Stress period:     2    Time step:  5557
    Solving:  Stress period:     2    Time step:  5558
    Solving:  Stress period:     2    Time step:  5559
    Solving:  Stress period:     2    Time step:  5560
    Solving:  Stress period:     2    Time step:  5561
    Solving:  Stress period:     2    Time step:  5562
    Solving:  Stress period:     2    Time step:  5563
    Solving:  Stress period:     2    Time step:  5564
    Solving:  Stress period:     2    Time step:  5565
    Solving:  Stress period:     2    Time step:  5566
    Solving:  Stress period:     2    Time step:  5567
    Solving:  Stress period:     2    Time step:  5568
    Solving:  Stress period:     2    Time step:  5569
    Solving:  Stress period:     2    Time step:  5570
    Solving:  Stress period:     2    Time step:  5571
    Solving:  Stress period:     2    Time step:  5572
    Solving:  Stress period:     2    Time step:  5573
    Solving:  Stress period:     2    Time step:  5574
    Solving:  Stress period:     2    Time step:  5575
    Solving:  Stress period:     2    Time step:  5576
    Solving:  Stress period:     2    Time step:  5577
    Solving:  Stress period:     2    Time step:  5578
    Solving:  Stress period:     2    Time step:  5579
    Solving:  Stress period:     2    Time step:  5580
    Solving:  Stress period:     2    Time step:  5581
    Solving:  Stress period:     2    Time step:  5582
    Solving:  Stress period:     2    Time step:  5583
    Solving:  Stress period:     2    Time step:  5584
    Solving:  Stress period:     2    Time step:  5585
    Solving:  Stress period:     2    Time step:  5586
    Solving:  Stress period:     2    Time step:  5587
    Solving:  Stress period:     2    Time step:  5588
    Solving:  Stress period:     2    Time step:  5589
    Solving:  Stress period:     2    Time step:  5590
    Solving:  Stress period:     2    Time step:  5591
    Solving:  Stress period:     2    Time step:  5592
    Solving:  Stress period:     2    Time step:  5593
    Solving:  Stress period:     2    Time step:  5594
    Solving:  Stress period:     2    Time step:  5595
    Solving:  Stress period:     2    Time step:  5596
    Solving:  Stress period:     2    Time step:  5597
    Solving:  Stress period:     2    Time step:  5598
    Solving:  Stress period:     2    Time step:  5599
    Solving:  Stress period:     2    Time step:  5600
    Solving:  Stress period:     2    Time step:  5601
    Solving:  Stress period:     2    Time step:  5602
    Solving:  Stress period:     2    Time step:  5603
    Solving:  Stress period:     2    Time step:  5604
    Solving:  Stress period:     2    Time step:  5605
    Solving:  Stress period:     2    Time step:  5606
    Solving:  Stress period:     2    Time step:  5607
    Solving:  Stress period:     2    Time step:  5608
    Solving:  Stress period:     2    Time step:  5609
    Solving:  Stress period:     2    Time step:  5610
    Solving:  Stress period:     2    Time step:  5611
    Solving:  Stress period:     2    Time step:  5612
    Solving:  Stress period:     2    Time step:  5613
    Solving:  Stress period:     2    Time step:  5614
    Solving:  Stress period:     2    Time step:  5615
    Solving:  Stress period:     2    Time step:  5616
    Solving:  Stress period:     2    Time step:  5617
    Solving:  Stress period:     2    Time step:  5618
    Solving:  Stress period:     2    Time step:  5619
    Solving:  Stress period:     2    Time step:  5620
    Solving:  Stress period:     2    Time step:  5621
    Solving:  Stress period:     2    Time step:  5622
    Solving:  Stress period:     2    Time step:  5623
    Solving:  Stress period:     2    Time step:  5624
    Solving:  Stress period:     2    Time step:  5625
    Solving:  Stress period:     2    Time step:  5626
    Solving:  Stress period:     2    Time step:  5627
    Solving:  Stress period:     2    Time step:  5628
    Solving:  Stress period:     2    Time step:  5629
    Solving:  Stress period:     2    Time step:  5630
    Solving:  Stress period:     2    Time step:  5631
    Solving:  Stress period:     2    Time step:  5632
    Solving:  Stress period:     2    Time step:  5633
    Solving:  Stress period:     2    Time step:  5634
    Solving:  Stress period:     2    Time step:  5635
    Solving:  Stress period:     2    Time step:  5636
    Solving:  Stress period:     2    Time step:  5637
    Solving:  Stress period:     2    Time step:  5638
    Solving:  Stress period:     2    Time step:  5639
    Solving:  Stress period:     2    Time step:  5640
    Solving:  Stress period:     2    Time step:  5641
    Solving:  Stress period:     2    Time step:  5642
    Solving:  Stress period:     2    Time step:  5643
    Solving:  Stress period:     2    Time step:  5644
    Solving:  Stress period:     2    Time step:  5645
    Solving:  Stress period:     2    Time step:  5646
    Solving:  Stress period:     2    Time step:  5647
    Solving:  Stress period:     2    Time step:  5648
    Solving:  Stress period:     2    Time step:  5649
    Solving:  Stress period:     2    Time step:  5650
    Solving:  Stress period:     2    Time step:  5651
    Solving:  Stress period:     2    Time step:  5652
    Solving:  Stress period:     2    Time step:  5653
    Solving:  Stress period:     2    Time step:  5654
    Solving:  Stress period:     2    Time step:  5655
    Solving:  Stress period:     2    Time step:  5656
    Solving:  Stress period:     2    Time step:  5657
    Solving:  Stress period:     2    Time step:  5658
    Solving:  Stress period:     2    Time step:  5659
    Solving:  Stress period:     2    Time step:  5660
    Solving:  Stress period:     2    Time step:  5661
    Solving:  Stress period:     2    Time step:  5662
    Solving:  Stress period:     2    Time step:  5663
    Solving:  Stress period:     2    Time step:  5664
    Solving:  Stress period:     2    Time step:  5665
    Solving:  Stress period:     2    Time step:  5666
    Solving:  Stress period:     2    Time step:  5667
    Solving:  Stress period:     2    Time step:  5668
    Solving:  Stress period:     2    Time step:  5669
    Solving:  Stress period:     2    Time step:  5670
    Solving:  Stress period:     2    Time step:  5671
    Solving:  Stress period:     2    Time step:  5672
    Solving:  Stress period:     2    Time step:  5673
    Solving:  Stress period:     2    Time step:  5674
    Solving:  Stress period:     2    Time step:  5675
    Solving:  Stress period:     2    Time step:  5676
    Solving:  Stress period:     2    Time step:  5677
    Solving:  Stress period:     2    Time step:  5678
    Solving:  Stress period:     2    Time step:  5679
    Solving:  Stress period:     2    Time step:  5680
    Solving:  Stress period:     2    Time step:  5681
    Solving:  Stress period:     2    Time step:  5682
    Solving:  Stress period:     2    Time step:  5683
    Solving:  Stress period:     2    Time step:  5684
    Solving:  Stress period:     2    Time step:  5685
    Solving:  Stress period:     2    Time step:  5686
    Solving:  Stress period:     2    Time step:  5687
    Solving:  Stress period:     2    Time step:  5688
    Solving:  Stress period:     2    Time step:  5689
    Solving:  Stress period:     2    Time step:  5690
    Solving:  Stress period:     2    Time step:  5691
    Solving:  Stress period:     2    Time step:  5692
    Solving:  Stress period:     2    Time step:  5693
    Solving:  Stress period:     2    Time step:  5694
    Solving:  Stress period:     2    Time step:  5695
    Solving:  Stress period:     2    Time step:  5696
    Solving:  Stress period:     2    Time step:  5697
    Solving:  Stress period:     2    Time step:  5698
    Solving:  Stress period:     2    Time step:  5699
    Solving:  Stress period:     2    Time step:  5700
    Solving:  Stress period:     2    Time step:  5701
    Solving:  Stress period:     2    Time step:  5702
    Solving:  Stress period:     2    Time step:  5703
    Solving:  Stress period:     2    Time step:  5704
    Solving:  Stress period:     2    Time step:  5705
    Solving:  Stress period:     2    Time step:  5706
    Solving:  Stress period:     2    Time step:  5707
    Solving:  Stress period:     2    Time step:  5708
    Solving:  Stress period:     2    Time step:  5709
    Solving:  Stress period:     2    Time step:  5710
    Solving:  Stress period:     2    Time step:  5711
    Solving:  Stress period:     2    Time step:  5712
    Solving:  Stress period:     2    Time step:  5713
    Solving:  Stress period:     2    Time step:  5714
    Solving:  Stress period:     2    Time step:  5715
    Solving:  Stress period:     2    Time step:  5716
    Solving:  Stress period:     2    Time step:  5717
    Solving:  Stress period:     2    Time step:  5718
    Solving:  Stress period:     2    Time step:  5719
    Solving:  Stress period:     2    Time step:  5720
    Solving:  Stress period:     2    Time step:  5721
    Solving:  Stress period:     2    Time step:  5722
    Solving:  Stress period:     2    Time step:  5723
    Solving:  Stress period:     2    Time step:  5724
    Solving:  Stress period:     2    Time step:  5725
    Solving:  Stress period:     2    Time step:  5726
    Solving:  Stress period:     2    Time step:  5727
    Solving:  Stress period:     2    Time step:  5728
    Solving:  Stress period:     2    Time step:  5729
    Solving:  Stress period:     2    Time step:  5730
    Solving:  Stress period:     2    Time step:  5731
    Solving:  Stress period:     2    Time step:  5732
    Solving:  Stress period:     2    Time step:  5733
    Solving:  Stress period:     2    Time step:  5734
    Solving:  Stress period:     2    Time step:  5735
    Solving:  Stress period:     2    Time step:  5736
    Solving:  Stress period:     2    Time step:  5737
    Solving:  Stress period:     2    Time step:  5738
    Solving:  Stress period:     2    Time step:  5739
    Solving:  Stress period:     2    Time step:  5740
    Solving:  Stress period:     2    Time step:  5741
    Solving:  Stress period:     2    Time step:  5742
    Solving:  Stress period:     2    Time step:  5743
    Solving:  Stress period:     2    Time step:  5744
    Solving:  Stress period:     2    Time step:  5745
    Solving:  Stress period:     2    Time step:  5746
    Solving:  Stress period:     2    Time step:  5747
    Solving:  Stress period:     2    Time step:  5748
    Solving:  Stress period:     2    Time step:  5749
    Solving:  Stress period:     2    Time step:  5750
    Solving:  Stress period:     2    Time step:  5751
    Solving:  Stress period:     2    Time step:  5752
    Solving:  Stress period:     2    Time step:  5753
    Solving:  Stress period:     2    Time step:  5754
    Solving:  Stress period:     2    Time step:  5755
    Solving:  Stress period:     2    Time step:  5756
    Solving:  Stress period:     2    Time step:  5757
    Solving:  Stress period:     2    Time step:  5758
    Solving:  Stress period:     2    Time step:  5759
    Solving:  Stress period:     2    Time step:  5760
    Solving:  Stress period:     2    Time step:  5761
    Solving:  Stress period:     2    Time step:  5762
    Solving:  Stress period:     2    Time step:  5763
    Solving:  Stress period:     2    Time step:  5764
    Solving:  Stress period:     2    Time step:  5765
    Solving:  Stress period:     2    Time step:  5766
    Solving:  Stress period:     2    Time step:  5767
    Solving:  Stress period:     2    Time step:  5768
    Solving:  Stress period:     2    Time step:  5769
    Solving:  Stress period:     2    Time step:  5770
    Solving:  Stress period:     2    Time step:  5771
    Solving:  Stress period:     2    Time step:  5772
    Solving:  Stress period:     2    Time step:  5773
    Solving:  Stress period:     2    Time step:  5774
    Solving:  Stress period:     2    Time step:  5775
    Solving:  Stress period:     2    Time step:  5776
    Solving:  Stress period:     2    Time step:  5777
    Solving:  Stress period:     2    Time step:  5778
    Solving:  Stress period:     2    Time step:  5779
    Solving:  Stress period:     2    Time step:  5780
    Solving:  Stress period:     2    Time step:  5781
    Solving:  Stress period:     2    Time step:  5782
    Solving:  Stress period:     2    Time step:  5783
    Solving:  Stress period:     2    Time step:  5784
    Solving:  Stress period:     2    Time step:  5785
    Solving:  Stress period:     2    Time step:  5786
    Solving:  Stress period:     2    Time step:  5787
    Solving:  Stress period:     2    Time step:  5788
    Solving:  Stress period:     2    Time step:  5789
    Solving:  Stress period:     2    Time step:  5790
    Solving:  Stress period:     2    Time step:  5791
    Solving:  Stress period:     2    Time step:  5792
    Solving:  Stress period:     2    Time step:  5793
    Solving:  Stress period:     2    Time step:  5794
    Solving:  Stress period:     2    Time step:  5795
    Solving:  Stress period:     2    Time step:  5796
    Solving:  Stress period:     2    Time step:  5797
    Solving:  Stress period:     2    Time step:  5798
    Solving:  Stress period:     2    Time step:  5799
    Solving:  Stress period:     2    Time step:  5800
    Solving:  Stress period:     2    Time step:  5801
    Solving:  Stress period:     2    Time step:  5802
    Solving:  Stress period:     2    Time step:  5803
    Solving:  Stress period:     2    Time step:  5804
    Solving:  Stress period:     2    Time step:  5805
    Solving:  Stress period:     2    Time step:  5806
    Solving:  Stress period:     2    Time step:  5807
    Solving:  Stress period:     2    Time step:  5808
    Solving:  Stress period:     2    Time step:  5809
    Solving:  Stress period:     2    Time step:  5810
    Solving:  Stress period:     2    Time step:  5811
    Solving:  Stress period:     2    Time step:  5812
    Solving:  Stress period:     2    Time step:  5813
    Solving:  Stress period:     2    Time step:  5814
    Solving:  Stress period:     2    Time step:  5815
    Solving:  Stress period:     2    Time step:  5816
    Solving:  Stress period:     2    Time step:  5817
    Solving:  Stress period:     2    Time step:  5818
    Solving:  Stress period:     2    Time step:  5819
    Solving:  Stress period:     2    Time step:  5820
    Solving:  Stress period:     2    Time step:  5821
    Solving:  Stress period:     2    Time step:  5822
    Solving:  Stress period:     2    Time step:  5823
    Solving:  Stress period:     2    Time step:  5824
    Solving:  Stress period:     2    Time step:  5825
    Solving:  Stress period:     2    Time step:  5826
    Solving:  Stress period:     2    Time step:  5827
    Solving:  Stress period:     2    Time step:  5828
    Solving:  Stress period:     2    Time step:  5829
    Solving:  Stress period:     2    Time step:  5830
    Solving:  Stress period:     2    Time step:  5831
    Solving:  Stress period:     2    Time step:  5832
    Solving:  Stress period:     2    Time step:  5833
    Solving:  Stress period:     2    Time step:  5834
    Solving:  Stress period:     2    Time step:  5835
    Solving:  Stress period:     2    Time step:  5836
    Solving:  Stress period:     2    Time step:  5837
    Solving:  Stress period:     2    Time step:  5838
    Solving:  Stress period:     2    Time step:  5839
    Solving:  Stress period:     2    Time step:  5840
    Solving:  Stress period:     2    Time step:  5841
    Solving:  Stress period:     2    Time step:  5842
    Solving:  Stress period:     2    Time step:  5843
    Solving:  Stress period:     2    Time step:  5844
    Solving:  Stress period:     2    Time step:  5845
    Solving:  Stress period:     2    Time step:  5846
    Solving:  Stress period:     2    Time step:  5847
    Solving:  Stress period:     2    Time step:  5848
    Solving:  Stress period:     2    Time step:  5849
    Solving:  Stress period:     2    Time step:  5850
    Solving:  Stress period:     2    Time step:  5851
    Solving:  Stress period:     2    Time step:  5852
    Solving:  Stress period:     2    Time step:  5853
    Solving:  Stress period:     2    Time step:  5854
    Solving:  Stress period:     2    Time step:  5855
    Solving:  Stress period:     2    Time step:  5856
    Solving:  Stress period:     2    Time step:  5857
    Solving:  Stress period:     2    Time step:  5858
    Solving:  Stress period:     2    Time step:  5859
    Solving:  Stress period:     2    Time step:  5860
    Solving:  Stress period:     2    Time step:  5861
    Solving:  Stress period:     2    Time step:  5862
    Solving:  Stress period:     2    Time step:  5863
    Solving:  Stress period:     2    Time step:  5864
    Solving:  Stress period:     2    Time step:  5865
    Solving:  Stress period:     2    Time step:  5866
    Solving:  Stress period:     2    Time step:  5867
    Solving:  Stress period:     2    Time step:  5868
    Solving:  Stress period:     2    Time step:  5869
    Solving:  Stress period:     2    Time step:  5870
    Solving:  Stress period:     2    Time step:  5871
    Solving:  Stress period:     2    Time step:  5872
    Solving:  Stress period:     2    Time step:  5873
    Solving:  Stress period:     2    Time step:  5874
    Solving:  Stress period:     2    Time step:  5875
    Solving:  Stress period:     2    Time step:  5876
    Solving:  Stress period:     2    Time step:  5877
    Solving:  Stress period:     2    Time step:  5878
    Solving:  Stress period:     2    Time step:  5879
    Solving:  Stress period:     2    Time step:  5880
    Solving:  Stress period:     2    Time step:  5881
    Solving:  Stress period:     2    Time step:  5882
    Solving:  Stress period:     2    Time step:  5883
    Solving:  Stress period:     2    Time step:  5884
    Solving:  Stress period:     2    Time step:  5885
    Solving:  Stress period:     2    Time step:  5886
    Solving:  Stress period:     2    Time step:  5887
    Solving:  Stress period:     2    Time step:  5888
    Solving:  Stress period:     2    Time step:  5889
    Solving:  Stress period:     2    Time step:  5890
    Solving:  Stress period:     2    Time step:  5891
    Solving:  Stress period:     2    Time step:  5892
    Solving:  Stress period:     2    Time step:  5893
    Solving:  Stress period:     2    Time step:  5894
    Solving:  Stress period:     2    Time step:  5895
    Solving:  Stress period:     2    Time step:  5896
    Solving:  Stress period:     2    Time step:  5897
    Solving:  Stress period:     2    Time step:  5898
    Solving:  Stress period:     2    Time step:  5899
    Solving:  Stress period:     2    Time step:  5900
    Solving:  Stress period:     2    Time step:  5901
    Solving:  Stress period:     2    Time step:  5902
    Solving:  Stress period:     2    Time step:  5903
    Solving:  Stress period:     2    Time step:  5904
    Solving:  Stress period:     2    Time step:  5905
    Solving:  Stress period:     2    Time step:  5906
    Solving:  Stress period:     2    Time step:  5907
    Solving:  Stress period:     2    Time step:  5908
    Solving:  Stress period:     2    Time step:  5909
    Solving:  Stress period:     2    Time step:  5910
    Solving:  Stress period:     2    Time step:  5911
    Solving:  Stress period:     2    Time step:  5912
    Solving:  Stress period:     2    Time step:  5913
    Solving:  Stress period:     2    Time step:  5914
    Solving:  Stress period:     2    Time step:  5915
    Solving:  Stress period:     2    Time step:  5916
    Solving:  Stress period:     2    Time step:  5917
    Solving:  Stress period:     2    Time step:  5918
    Solving:  Stress period:     2    Time step:  5919
    Solving:  Stress period:     2    Time step:  5920
    Solving:  Stress period:     2    Time step:  5921
    Solving:  Stress period:     2    Time step:  5922
    Solving:  Stress period:     2    Time step:  5923
    Solving:  Stress period:     2    Time step:  5924
    Solving:  Stress period:     2    Time step:  5925
    Solving:  Stress period:     2    Time step:  5926
    Solving:  Stress period:     2    Time step:  5927
    Solving:  Stress period:     2    Time step:  5928
    Solving:  Stress period:     2    Time step:  5929
    Solving:  Stress period:     2    Time step:  5930
    Solving:  Stress period:     2    Time step:  5931
    Solving:  Stress period:     2    Time step:  5932
    Solving:  Stress period:     2    Time step:  5933
    Solving:  Stress period:     2    Time step:  5934
    Solving:  Stress period:     2    Time step:  5935
    Solving:  Stress period:     2    Time step:  5936
    Solving:  Stress period:     2    Time step:  5937
    Solving:  Stress period:     2    Time step:  5938
    Solving:  Stress period:     2    Time step:  5939
    Solving:  Stress period:     2    Time step:  5940
    Solving:  Stress period:     2    Time step:  5941
    Solving:  Stress period:     2    Time step:  5942
    Solving:  Stress period:     2    Time step:  5943
    Solving:  Stress period:     2    Time step:  5944
    Solving:  Stress period:     2    Time step:  5945
    Solving:  Stress period:     2    Time step:  5946
    Solving:  Stress period:     2    Time step:  5947
    Solving:  Stress period:     2    Time step:  5948
    Solving:  Stress period:     2    Time step:  5949
    Solving:  Stress period:     2    Time step:  5950
    Solving:  Stress period:     2    Time step:  5951
    Solving:  Stress period:     2    Time step:  5952
    Solving:  Stress period:     2    Time step:  5953
    Solving:  Stress period:     2    Time step:  5954
    Solving:  Stress period:     2    Time step:  5955
    Solving:  Stress period:     2    Time step:  5956
    Solving:  Stress period:     2    Time step:  5957
    Solving:  Stress period:     2    Time step:  5958
    Solving:  Stress period:     2    Time step:  5959
    Solving:  Stress period:     2    Time step:  5960
    Solving:  Stress period:     2    Time step:  5961
    Solving:  Stress period:     2    Time step:  5962
    Solving:  Stress period:     2    Time step:  5963
    Solving:  Stress period:     2    Time step:  5964
    Solving:  Stress period:     2    Time step:  5965
    Solving:  Stress period:     2    Time step:  5966
    Solving:  Stress period:     2    Time step:  5967
    Solving:  Stress period:     2    Time step:  5968
    Solving:  Stress period:     2    Time step:  5969
    Solving:  Stress period:     2    Time step:  5970
    Solving:  Stress period:     2    Time step:  5971
    Solving:  Stress period:     2    Time step:  5972
    Solving:  Stress period:     2    Time step:  5973
    Solving:  Stress period:     2    Time step:  5974
    Solving:  Stress period:     2    Time step:  5975
    Solving:  Stress period:     2    Time step:  5976
    Solving:  Stress period:     2    Time step:  5977
    Solving:  Stress period:     2    Time step:  5978
    Solving:  Stress period:     2    Time step:  5979
    Solving:  Stress period:     2    Time step:  5980
    Solving:  Stress period:     2    Time step:  5981
    Solving:  Stress period:     2    Time step:  5982
    Solving:  Stress period:     2    Time step:  5983
    Solving:  Stress period:     2    Time step:  5984
    Solving:  Stress period:     2    Time step:  5985
    Solving:  Stress period:     2    Time step:  5986
    Solving:  Stress period:     2    Time step:  5987
    Solving:  Stress period:     2    Time step:  5988
    Solving:  Stress period:     2    Time step:  5989
    Solving:  Stress period:     2    Time step:  5990
    Solving:  Stress period:     2    Time step:  5991
    Solving:  Stress period:     2    Time step:  5992
    Solving:  Stress period:     2    Time step:  5993
    Solving:  Stress period:     2    Time step:  5994
    Solving:  Stress period:     2    Time step:  5995
    Solving:  Stress period:     2    Time step:  5996
    Solving:  Stress period:     2    Time step:  5997
    Solving:  Stress period:     2    Time step:  5998
    Solving:  Stress period:     2    Time step:  5999
    Solving:  Stress period:     2    Time step:  6000
    Solving:  Stress period:     2    Time step:  6001
    Solving:  Stress period:     2    Time step:  6002
    Solving:  Stress period:     2    Time step:  6003
    Solving:  Stress period:     2    Time step:  6004
    Solving:  Stress period:     2    Time step:  6005
    Solving:  Stress period:     2    Time step:  6006
    Solving:  Stress period:     2    Time step:  6007
    Solving:  Stress period:     2    Time step:  6008
    Solving:  Stress period:     2    Time step:  6009
    Solving:  Stress period:     2    Time step:  6010
    Solving:  Stress period:     2    Time step:  6011
    Solving:  Stress period:     2    Time step:  6012
    Solving:  Stress period:     2    Time step:  6013
    Solving:  Stress period:     2    Time step:  6014
    Solving:  Stress period:     2    Time step:  6015
    Solving:  Stress period:     2    Time step:  6016
    Solving:  Stress period:     2    Time step:  6017
    Solving:  Stress period:     2    Time step:  6018
    Solving:  Stress period:     2    Time step:  6019
    Solving:  Stress period:     2    Time step:  6020
    Solving:  Stress period:     2    Time step:  6021
    Solving:  Stress period:     2    Time step:  6022
    Solving:  Stress period:     2    Time step:  6023
    Solving:  Stress period:     2    Time step:  6024
    Solving:  Stress period:     2    Time step:  6025
    Solving:  Stress period:     2    Time step:  6026
    Solving:  Stress period:     2    Time step:  6027
    Solving:  Stress period:     2    Time step:  6028
    Solving:  Stress period:     2    Time step:  6029
    Solving:  Stress period:     2    Time step:  6030
    Solving:  Stress period:     2    Time step:  6031
    Solving:  Stress period:     2    Time step:  6032
    Solving:  Stress period:     2    Time step:  6033
    Solving:  Stress period:     2    Time step:  6034
    Solving:  Stress period:     2    Time step:  6035
    Solving:  Stress period:     2    Time step:  6036
    Solving:  Stress period:     2    Time step:  6037
    Solving:  Stress period:     2    Time step:  6038
    Solving:  Stress period:     2    Time step:  6039
    Solving:  Stress period:     2    Time step:  6040
    Solving:  Stress period:     2    Time step:  6041
    Solving:  Stress period:     2    Time step:  6042
    Solving:  Stress period:     2    Time step:  6043
    Solving:  Stress period:     2    Time step:  6044
    Solving:  Stress period:     2    Time step:  6045
    Solving:  Stress period:     2    Time step:  6046
    Solving:  Stress period:     2    Time step:  6047
    Solving:  Stress period:     2    Time step:  6048
    Solving:  Stress period:     2    Time step:  6049
    Solving:  Stress period:     2    Time step:  6050
    Solving:  Stress period:     2    Time step:  6051
    Solving:  Stress period:     2    Time step:  6052
    Solving:  Stress period:     2    Time step:  6053
    Solving:  Stress period:     2    Time step:  6054
    Solving:  Stress period:     2    Time step:  6055
    Solving:  Stress period:     2    Time step:  6056
    Solving:  Stress period:     2    Time step:  6057
    Solving:  Stress period:     2    Time step:  6058
    Solving:  Stress period:     2    Time step:  6059
    Solving:  Stress period:     2    Time step:  6060
    Solving:  Stress period:     2    Time step:  6061
    Solving:  Stress period:     2    Time step:  6062
    Solving:  Stress period:     2    Time step:  6063
    Solving:  Stress period:     2    Time step:  6064
    Solving:  Stress period:     2    Time step:  6065
    Solving:  Stress period:     2    Time step:  6066
    Solving:  Stress period:     2    Time step:  6067
    Solving:  Stress period:     2    Time step:  6068
    Solving:  Stress period:     2    Time step:  6069
    Solving:  Stress period:     2    Time step:  6070
    Solving:  Stress period:     2    Time step:  6071
    Solving:  Stress period:     2    Time step:  6072
    Solving:  Stress period:     2    Time step:  6073
    Solving:  Stress period:     2    Time step:  6074
    Solving:  Stress period:     2    Time step:  6075
    Solving:  Stress period:     2    Time step:  6076
    Solving:  Stress period:     2    Time step:  6077
    Solving:  Stress period:     2    Time step:  6078
    Solving:  Stress period:     2    Time step:  6079
    Solving:  Stress period:     2    Time step:  6080
    Solving:  Stress period:     2    Time step:  6081
    Solving:  Stress period:     2    Time step:  6082
    Solving:  Stress period:     2    Time step:  6083
    Solving:  Stress period:     2    Time step:  6084
    Solving:  Stress period:     2    Time step:  6085
    Solving:  Stress period:     2    Time step:  6086
    Solving:  Stress period:     2    Time step:  6087
    Solving:  Stress period:     2    Time step:  6088
    Solving:  Stress period:     2    Time step:  6089
    Solving:  Stress period:     2    Time step:  6090
    Solving:  Stress period:     2    Time step:  6091
    Solving:  Stress period:     2    Time step:  6092
    Solving:  Stress period:     2    Time step:  6093
    Solving:  Stress period:     2    Time step:  6094
    Solving:  Stress period:     2    Time step:  6095
    Solving:  Stress period:     2    Time step:  6096
    Solving:  Stress period:     2    Time step:  6097
    Solving:  Stress period:     2    Time step:  6098
    Solving:  Stress period:     2    Time step:  6099
    Solving:  Stress period:     2    Time step:  6100
    Solving:  Stress period:     2    Time step:  6101
    Solving:  Stress period:     2    Time step:  6102
    Solving:  Stress period:     2    Time step:  6103
    Solving:  Stress period:     2    Time step:  6104
    Solving:  Stress period:     2    Time step:  6105
    Solving:  Stress period:     2    Time step:  6106
    Solving:  Stress period:     2    Time step:  6107
    Solving:  Stress period:     2    Time step:  6108
    Solving:  Stress period:     2    Time step:  6109
    Solving:  Stress period:     2    Time step:  6110
    Solving:  Stress period:     2    Time step:  6111
    Solving:  Stress period:     2    Time step:  6112
    Solving:  Stress period:     2    Time step:  6113
    Solving:  Stress period:     2    Time step:  6114
    Solving:  Stress period:     2    Time step:  6115
    Solving:  Stress period:     2    Time step:  6116
    Solving:  Stress period:     2    Time step:  6117
    Solving:  Stress period:     2    Time step:  6118
    Solving:  Stress period:     2    Time step:  6119
    Solving:  Stress period:     2    Time step:  6120
    Solving:  Stress period:     2    Time step:  6121
    Solving:  Stress period:     2    Time step:  6122
    Solving:  Stress period:     2    Time step:  6123
    Solving:  Stress period:     2    Time step:  6124
    Solving:  Stress period:     2    Time step:  6125
    Solving:  Stress period:     2    Time step:  6126
    Solving:  Stress period:     2    Time step:  6127
    Solving:  Stress period:     2    Time step:  6128
    Solving:  Stress period:     2    Time step:  6129
    Solving:  Stress period:     2    Time step:  6130
    Solving:  Stress period:     2    Time step:  6131
    Solving:  Stress period:     2    Time step:  6132
    Solving:  Stress period:     2    Time step:  6133
    Solving:  Stress period:     2    Time step:  6134
    Solving:  Stress period:     2    Time step:  6135
    Solving:  Stress period:     2    Time step:  6136
    Solving:  Stress period:     2    Time step:  6137
    Solving:  Stress period:     2    Time step:  6138
    Solving:  Stress period:     2    Time step:  6139
    Solving:  Stress period:     2    Time step:  6140
    Solving:  Stress period:     2    Time step:  6141
    Solving:  Stress period:     2    Time step:  6142
    Solving:  Stress period:     2    Time step:  6143
    Solving:  Stress period:     2    Time step:  6144
    Solving:  Stress period:     2    Time step:  6145
    Solving:  Stress period:     2    Time step:  6146
    Solving:  Stress period:     2    Time step:  6147
    Solving:  Stress period:     2    Time step:  6148
    Solving:  Stress period:     2    Time step:  6149
    Solving:  Stress period:     2    Time step:  6150
    Solving:  Stress period:     2    Time step:  6151
    Solving:  Stress period:     2    Time step:  6152
    Solving:  Stress period:     2    Time step:  6153
    Solving:  Stress period:     2    Time step:  6154
    Solving:  Stress period:     2    Time step:  6155
    Solving:  Stress period:     2    Time step:  6156
    Solving:  Stress period:     2    Time step:  6157
    Solving:  Stress period:     2    Time step:  6158
    Solving:  Stress period:     2    Time step:  6159
    Solving:  Stress period:     2    Time step:  6160
    Solving:  Stress period:     2    Time step:  6161
    Solving:  Stress period:     2    Time step:  6162
    Solving:  Stress period:     2    Time step:  6163
    Solving:  Stress period:     2    Time step:  6164
    Solving:  Stress period:     2    Time step:  6165
    Solving:  Stress period:     2    Time step:  6166
    Solving:  Stress period:     2    Time step:  6167
    Solving:  Stress period:     2    Time step:  6168
    Solving:  Stress period:     2    Time step:  6169
    Solving:  Stress period:     2    Time step:  6170
    Solving:  Stress period:     2    Time step:  6171
    Solving:  Stress period:     2    Time step:  6172
    Solving:  Stress period:     2    Time step:  6173
    Solving:  Stress period:     2    Time step:  6174
    Solving:  Stress period:     2    Time step:  6175
    Solving:  Stress period:     2    Time step:  6176
    Solving:  Stress period:     2    Time step:  6177
    Solving:  Stress period:     2    Time step:  6178
    Solving:  Stress period:     2    Time step:  6179
    Solving:  Stress period:     2    Time step:  6180
    Solving:  Stress period:     2    Time step:  6181
    Solving:  Stress period:     2    Time step:  6182
    Solving:  Stress period:     2    Time step:  6183
    Solving:  Stress period:     2    Time step:  6184
    Solving:  Stress period:     2    Time step:  6185
    Solving:  Stress period:     2    Time step:  6186
    Solving:  Stress period:     2    Time step:  6187
    Solving:  Stress period:     2    Time step:  6188
    Solving:  Stress period:     2    Time step:  6189
    Solving:  Stress period:     2    Time step:  6190
    Solving:  Stress period:     2    Time step:  6191
    Solving:  Stress period:     2    Time step:  6192
    Solving:  Stress period:     2    Time step:  6193
    Solving:  Stress period:     2    Time step:  6194
    Solving:  Stress period:     2    Time step:  6195
    Solving:  Stress period:     2    Time step:  6196
    Solving:  Stress period:     2    Time step:  6197
    Solving:  Stress period:     2    Time step:  6198
    Solving:  Stress period:     2    Time step:  6199
    Solving:  Stress period:     2    Time step:  6200
    Solving:  Stress period:     2    Time step:  6201
    Solving:  Stress period:     2    Time step:  6202
    Solving:  Stress period:     2    Time step:  6203
    Solving:  Stress period:     2    Time step:  6204
    Solving:  Stress period:     2    Time step:  6205
    Solving:  Stress period:     2    Time step:  6206
    Solving:  Stress period:     2    Time step:  6207
    Solving:  Stress period:     2    Time step:  6208
    Solving:  Stress period:     2    Time step:  6209
    Solving:  Stress period:     2    Time step:  6210
    Solving:  Stress period:     2    Time step:  6211
    Solving:  Stress period:     2    Time step:  6212
    Solving:  Stress period:     2    Time step:  6213
    Solving:  Stress period:     2    Time step:  6214
    Solving:  Stress period:     2    Time step:  6215
    Solving:  Stress period:     2    Time step:  6216
    Solving:  Stress period:     2    Time step:  6217
    Solving:  Stress period:     2    Time step:  6218
    Solving:  Stress period:     2    Time step:  6219
    Solving:  Stress period:     2    Time step:  6220
    Solving:  Stress period:     2    Time step:  6221
    Solving:  Stress period:     2    Time step:  6222
    Solving:  Stress period:     2    Time step:  6223
    Solving:  Stress period:     2    Time step:  6224
    Solving:  Stress period:     2    Time step:  6225
    Solving:  Stress period:     2    Time step:  6226
    Solving:  Stress period:     2    Time step:  6227
    Solving:  Stress period:     2    Time step:  6228
    Solving:  Stress period:     2    Time step:  6229
    Solving:  Stress period:     2    Time step:  6230
    Solving:  Stress period:     2    Time step:  6231
    Solving:  Stress period:     2    Time step:  6232
    Solving:  Stress period:     2    Time step:  6233
    Solving:  Stress period:     2    Time step:  6234
    Solving:  Stress period:     2    Time step:  6235
    Solving:  Stress period:     2    Time step:  6236
    Solving:  Stress period:     2    Time step:  6237
    Solving:  Stress period:     2    Time step:  6238
    Solving:  Stress period:     2    Time step:  6239
    Solving:  Stress period:     2    Time step:  6240
    Solving:  Stress period:     2    Time step:  6241
    Solving:  Stress period:     2    Time step:  6242
    Solving:  Stress period:     2    Time step:  6243
    Solving:  Stress period:     2    Time step:  6244
    Solving:  Stress period:     2    Time step:  6245
    Solving:  Stress period:     2    Time step:  6246
    Solving:  Stress period:     2    Time step:  6247
    Solving:  Stress period:     2    Time step:  6248
    Solving:  Stress period:     2    Time step:  6249
    Solving:  Stress period:     2    Time step:  6250
    Solving:  Stress period:     2    Time step:  6251
    Solving:  Stress period:     2    Time step:  6252
    Solving:  Stress period:     2    Time step:  6253
    Solving:  Stress period:     2    Time step:  6254
    Solving:  Stress period:     2    Time step:  6255
    Solving:  Stress period:     2    Time step:  6256
    Solving:  Stress period:     2    Time step:  6257
    Solving:  Stress period:     2    Time step:  6258
    Solving:  Stress period:     2    Time step:  6259
    Solving:  Stress period:     2    Time step:  6260
    Solving:  Stress period:     2    Time step:  6261
    Solving:  Stress period:     2    Time step:  6262
    Solving:  Stress period:     2    Time step:  6263
    Solving:  Stress period:     2    Time step:  6264
    Solving:  Stress period:     2    Time step:  6265
    Solving:  Stress period:     2    Time step:  6266
    Solving:  Stress period:     2    Time step:  6267
    Solving:  Stress period:     2    Time step:  6268
    Solving:  Stress period:     2    Time step:  6269
    Solving:  Stress period:     2    Time step:  6270
    Solving:  Stress period:     2    Time step:  6271
    Solving:  Stress period:     2    Time step:  6272
    Solving:  Stress period:     2    Time step:  6273
    Solving:  Stress period:     2    Time step:  6274
    Solving:  Stress period:     2    Time step:  6275
    Solving:  Stress period:     2    Time step:  6276
    Solving:  Stress period:     2    Time step:  6277
    Solving:  Stress period:     2    Time step:  6278
    Solving:  Stress period:     2    Time step:  6279
    Solving:  Stress period:     2    Time step:  6280
    Solving:  Stress period:     2    Time step:  6281
    Solving:  Stress period:     2    Time step:  6282
    Solving:  Stress period:     2    Time step:  6283
    Solving:  Stress period:     2    Time step:  6284
    Solving:  Stress period:     2    Time step:  6285
    Solving:  Stress period:     2    Time step:  6286
    Solving:  Stress period:     2    Time step:  6287
    Solving:  Stress period:     2    Time step:  6288
    Solving:  Stress period:     2    Time step:  6289
    Solving:  Stress period:     2    Time step:  6290
    Solving:  Stress period:     2    Time step:  6291
    Solving:  Stress period:     2    Time step:  6292
    Solving:  Stress period:     2    Time step:  6293
    Solving:  Stress period:     2    Time step:  6294
    Solving:  Stress period:     2    Time step:  6295
    Solving:  Stress period:     2    Time step:  6296
    Solving:  Stress period:     2    Time step:  6297
    Solving:  Stress period:     2    Time step:  6298
    Solving:  Stress period:     2    Time step:  6299
    Solving:  Stress period:     2    Time step:  6300
    Solving:  Stress period:     2    Time step:  6301
    Solving:  Stress period:     2    Time step:  6302
    Solving:  Stress period:     2    Time step:  6303
    Solving:  Stress period:     2    Time step:  6304
    Solving:  Stress period:     2    Time step:  6305
    Solving:  Stress period:     2    Time step:  6306
    Solving:  Stress period:     2    Time step:  6307
    Solving:  Stress period:     2    Time step:  6308
    Solving:  Stress period:     2    Time step:  6309
    Solving:  Stress period:     2    Time step:  6310
    Solving:  Stress period:     2    Time step:  6311
    Solving:  Stress period:     2    Time step:  6312
    Solving:  Stress period:     2    Time step:  6313
    Solving:  Stress period:     2    Time step:  6314
    Solving:  Stress period:     2    Time step:  6315
    Solving:  Stress period:     2    Time step:  6316
    Solving:  Stress period:     2    Time step:  6317
    Solving:  Stress period:     2    Time step:  6318
    Solving:  Stress period:     2    Time step:  6319
    Solving:  Stress period:     2    Time step:  6320
    Solving:  Stress period:     2    Time step:  6321
    Solving:  Stress period:     2    Time step:  6322
    Solving:  Stress period:     2    Time step:  6323
    Solving:  Stress period:     2    Time step:  6324
    Solving:  Stress period:     2    Time step:  6325
    Solving:  Stress period:     2    Time step:  6326
    Solving:  Stress period:     2    Time step:  6327
    Solving:  Stress period:     2    Time step:  6328
    Solving:  Stress period:     2    Time step:  6329
    Solving:  Stress period:     2    Time step:  6330
    Solving:  Stress period:     2    Time step:  6331
    Solving:  Stress period:     2    Time step:  6332
    Solving:  Stress period:     2    Time step:  6333
    Solving:  Stress period:     2    Time step:  6334
    Solving:  Stress period:     2    Time step:  6335
    Solving:  Stress period:     2    Time step:  6336
    Solving:  Stress period:     2    Time step:  6337
    Solving:  Stress period:     2    Time step:  6338
    Solving:  Stress period:     2    Time step:  6339
    Solving:  Stress period:     2    Time step:  6340
    Solving:  Stress period:     2    Time step:  6341
    Solving:  Stress period:     2    Time step:  6342
    Solving:  Stress period:     2    Time step:  6343
    Solving:  Stress period:     2    Time step:  6344
    Solving:  Stress period:     2    Time step:  6345
    Solving:  Stress period:     2    Time step:  6346
    Solving:  Stress period:     2    Time step:  6347
    Solving:  Stress period:     2    Time step:  6348
    Solving:  Stress period:     2    Time step:  6349
    Solving:  Stress period:     2    Time step:  6350
    Solving:  Stress period:     2    Time step:  6351
    Solving:  Stress period:     2    Time step:  6352
    Solving:  Stress period:     2    Time step:  6353
    Solving:  Stress period:     2    Time step:  6354
    Solving:  Stress period:     2    Time step:  6355
    Solving:  Stress period:     2    Time step:  6356
    Solving:  Stress period:     2    Time step:  6357
    Solving:  Stress period:     2    Time step:  6358
    Solving:  Stress period:     2    Time step:  6359
    Solving:  Stress period:     2    Time step:  6360
    Solving:  Stress period:     2    Time step:  6361
    Solving:  Stress period:     2    Time step:  6362
    Solving:  Stress period:     2    Time step:  6363
    Solving:  Stress period:     2    Time step:  6364
    Solving:  Stress period:     2    Time step:  6365
    Solving:  Stress period:     2    Time step:  6366
    Solving:  Stress period:     2    Time step:  6367
    Solving:  Stress period:     2    Time step:  6368
    Solving:  Stress period:     2    Time step:  6369
    Solving:  Stress period:     2    Time step:  6370
    Solving:  Stress period:     2    Time step:  6371
    Solving:  Stress period:     2    Time step:  6372
    Solving:  Stress period:     2    Time step:  6373
    Solving:  Stress period:     2    Time step:  6374
    Solving:  Stress period:     2    Time step:  6375
    Solving:  Stress period:     2    Time step:  6376
    Solving:  Stress period:     2    Time step:  6377
    Solving:  Stress period:     2    Time step:  6378
    Solving:  Stress period:     2    Time step:  6379
    Solving:  Stress period:     2    Time step:  6380
    Solving:  Stress period:     2    Time step:  6381
    Solving:  Stress period:     2    Time step:  6382
    Solving:  Stress period:     2    Time step:  6383
    Solving:  Stress period:     2    Time step:  6384
    Solving:  Stress period:     2    Time step:  6385
    Solving:  Stress period:     2    Time step:  6386
    Solving:  Stress period:     2    Time step:  6387
    Solving:  Stress period:     2    Time step:  6388
    Solving:  Stress period:     2    Time step:  6389
    Solving:  Stress period:     2    Time step:  6390
    Solving:  Stress period:     2    Time step:  6391
    Solving:  Stress period:     2    Time step:  6392
    Solving:  Stress period:     2    Time step:  6393
    Solving:  Stress period:     2    Time step:  6394
    Solving:  Stress period:     2    Time step:  6395
    Solving:  Stress period:     2    Time step:  6396
    Solving:  Stress period:     2    Time step:  6397
    Solving:  Stress period:     2    Time step:  6398
    Solving:  Stress period:     2    Time step:  6399
    Solving:  Stress period:     2    Time step:  6400
    Solving:  Stress period:     2    Time step:  6401
    Solving:  Stress period:     2    Time step:  6402
    Solving:  Stress period:     2    Time step:  6403
    Solving:  Stress period:     2    Time step:  6404
    Solving:  Stress period:     2    Time step:  6405
    Solving:  Stress period:     2    Time step:  6406
    Solving:  Stress period:     2    Time step:  6407
    Solving:  Stress period:     2    Time step:  6408
    Solving:  Stress period:     2    Time step:  6409
    Solving:  Stress period:     2    Time step:  6410
    Solving:  Stress period:     2    Time step:  6411
    Solving:  Stress period:     2    Time step:  6412
    Solving:  Stress period:     2    Time step:  6413
    Solving:  Stress period:     2    Time step:  6414
    Solving:  Stress period:     2    Time step:  6415
    Solving:  Stress period:     2    Time step:  6416
    Solving:  Stress period:     2    Time step:  6417
    Solving:  Stress period:     2    Time step:  6418
    Solving:  Stress period:     2    Time step:  6419
    Solving:  Stress period:     2    Time step:  6420
    Solving:  Stress period:     2    Time step:  6421
    Solving:  Stress period:     2    Time step:  6422
    Solving:  Stress period:     2    Time step:  6423
    Solving:  Stress period:     2    Time step:  6424
    Solving:  Stress period:     2    Time step:  6425
    Solving:  Stress period:     2    Time step:  6426
    Solving:  Stress period:     2    Time step:  6427
    Solving:  Stress period:     2    Time step:  6428
    Solving:  Stress period:     2    Time step:  6429
    Solving:  Stress period:     2    Time step:  6430
    Solving:  Stress period:     2    Time step:  6431
    Solving:  Stress period:     2    Time step:  6432
    Solving:  Stress period:     2    Time step:  6433
    Solving:  Stress period:     2    Time step:  6434
    Solving:  Stress period:     2    Time step:  6435
    Solving:  Stress period:     2    Time step:  6436
    Solving:  Stress period:     2    Time step:  6437
    Solving:  Stress period:     2    Time step:  6438
    Solving:  Stress period:     2    Time step:  6439
    Solving:  Stress period:     2    Time step:  6440
    Solving:  Stress period:     2    Time step:  6441
    Solving:  Stress period:     2    Time step:  6442
    Solving:  Stress period:     2    Time step:  6443
    Solving:  Stress period:     2    Time step:  6444
    Solving:  Stress period:     2    Time step:  6445
    Solving:  Stress period:     2    Time step:  6446
    Solving:  Stress period:     2    Time step:  6447
    Solving:  Stress period:     2    Time step:  6448
    Solving:  Stress period:     2    Time step:  6449
    Solving:  Stress period:     2    Time step:  6450
    Solving:  Stress period:     2    Time step:  6451
    Solving:  Stress period:     2    Time step:  6452
    Solving:  Stress period:     2    Time step:  6453
    Solving:  Stress period:     2    Time step:  6454
    Solving:  Stress period:     2    Time step:  6455
    Solving:  Stress period:     2    Time step:  6456
    Solving:  Stress period:     2    Time step:  6457
    Solving:  Stress period:     2    Time step:  6458
    Solving:  Stress period:     2    Time step:  6459
    Solving:  Stress period:     2    Time step:  6460
    Solving:  Stress period:     2    Time step:  6461
    Solving:  Stress period:     2    Time step:  6462
    Solving:  Stress period:     2    Time step:  6463
    Solving:  Stress period:     2    Time step:  6464
    Solving:  Stress period:     2    Time step:  6465
    Solving:  Stress period:     2    Time step:  6466
    Solving:  Stress period:     2    Time step:  6467
    Solving:  Stress period:     2    Time step:  6468
    Solving:  Stress period:     2    Time step:  6469
    Solving:  Stress period:     2    Time step:  6470
    Solving:  Stress period:     2    Time step:  6471
    Solving:  Stress period:     2    Time step:  6472
    Solving:  Stress period:     2    Time step:  6473
    Solving:  Stress period:     2    Time step:  6474
    Solving:  Stress period:     2    Time step:  6475
    Solving:  Stress period:     2    Time step:  6476
    Solving:  Stress period:     2    Time step:  6477
    Solving:  Stress period:     2    Time step:  6478
    Solving:  Stress period:     2    Time step:  6479
    Solving:  Stress period:     2    Time step:  6480
    Solving:  Stress period:     2    Time step:  6481
    Solving:  Stress period:     2    Time step:  6482
    Solving:  Stress period:     2    Time step:  6483
    Solving:  Stress period:     2    Time step:  6484
    Solving:  Stress period:     2    Time step:  6485
    Solving:  Stress period:     2    Time step:  6486
    Solving:  Stress period:     2    Time step:  6487
    Solving:  Stress period:     2    Time step:  6488
    Solving:  Stress period:     2    Time step:  6489
    Solving:  Stress period:     2    Time step:  6490
    Solving:  Stress period:     2    Time step:  6491
    Solving:  Stress period:     2    Time step:  6492
    Solving:  Stress period:     2    Time step:  6493
    Solving:  Stress period:     2    Time step:  6494
    Solving:  Stress period:     2    Time step:  6495
    Solving:  Stress period:     2    Time step:  6496
    Solving:  Stress period:     2    Time step:  6497
    Solving:  Stress period:     2    Time step:  6498
    Solving:  Stress period:     2    Time step:  6499
    Solving:  Stress period:     2    Time step:  6500
    Solving:  Stress period:     2    Time step:  6501
    Solving:  Stress period:     2    Time step:  6502
    Solving:  Stress period:     2    Time step:  6503
    Solving:  Stress period:     2    Time step:  6504
    Solving:  Stress period:     2    Time step:  6505
    Solving:  Stress period:     2    Time step:  6506
    Solving:  Stress period:     2    Time step:  6507
    Solving:  Stress period:     2    Time step:  6508
    Solving:  Stress period:     2    Time step:  6509
    Solving:  Stress period:     2    Time step:  6510
    Solving:  Stress period:     2    Time step:  6511
    Solving:  Stress period:     2    Time step:  6512
    Solving:  Stress period:     2    Time step:  6513
    Solving:  Stress period:     2    Time step:  6514
    Solving:  Stress period:     2    Time step:  6515
    Solving:  Stress period:     2    Time step:  6516
    Solving:  Stress period:     2    Time step:  6517
    Solving:  Stress period:     2    Time step:  6518
    Solving:  Stress period:     2    Time step:  6519
    Solving:  Stress period:     2    Time step:  6520
    Solving:  Stress period:     2    Time step:  6521
    Solving:  Stress period:     2    Time step:  6522
    Solving:  Stress period:     2    Time step:  6523
    Solving:  Stress period:     2    Time step:  6524
    Solving:  Stress period:     2    Time step:  6525
    Solving:  Stress period:     2    Time step:  6526
    Solving:  Stress period:     2    Time step:  6527
    Solving:  Stress period:     2    Time step:  6528
    Solving:  Stress period:     2    Time step:  6529
    Solving:  Stress period:     2    Time step:  6530
    Solving:  Stress period:     2    Time step:  6531
    Solving:  Stress period:     2    Time step:  6532
    Solving:  Stress period:     2    Time step:  6533
    Solving:  Stress period:     2    Time step:  6534
    Solving:  Stress period:     2    Time step:  6535
    Solving:  Stress period:     2    Time step:  6536
    Solving:  Stress period:     2    Time step:  6537
    Solving:  Stress period:     2    Time step:  6538
    Solving:  Stress period:     2    Time step:  6539
    Solving:  Stress period:     2    Time step:  6540
    Solving:  Stress period:     2    Time step:  6541
    Solving:  Stress period:     2    Time step:  6542
    Solving:  Stress period:     2    Time step:  6543
    Solving:  Stress period:     2    Time step:  6544
    Solving:  Stress period:     2    Time step:  6545
    Solving:  Stress period:     2    Time step:  6546
    Solving:  Stress period:     2    Time step:  6547
    Solving:  Stress period:     2    Time step:  6548
    Solving:  Stress period:     2    Time step:  6549
    Solving:  Stress period:     2    Time step:  6550
    Solving:  Stress period:     2    Time step:  6551
    Solving:  Stress period:     2    Time step:  6552
    Solving:  Stress period:     2    Time step:  6553
    Solving:  Stress period:     2    Time step:  6554
    Solving:  Stress period:     2    Time step:  6555
    Solving:  Stress period:     2    Time step:  6556
    Solving:  Stress period:     2    Time step:  6557
    Solving:  Stress period:     2    Time step:  6558
    Solving:  Stress period:     2    Time step:  6559
    Solving:  Stress period:     2    Time step:  6560
    Solving:  Stress period:     2    Time step:  6561
    Solving:  Stress period:     2    Time step:  6562
    Solving:  Stress period:     2    Time step:  6563
    Solving:  Stress period:     2    Time step:  6564
    Solving:  Stress period:     2    Time step:  6565
    Solving:  Stress period:     2    Time step:  6566
    Solving:  Stress period:     2    Time step:  6567
    Solving:  Stress period:     2    Time step:  6568
    Solving:  Stress period:     2    Time step:  6569
    Solving:  Stress period:     2    Time step:  6570
    Solving:  Stress period:     2    Time step:  6571
    Solving:  Stress period:     2    Time step:  6572
    Solving:  Stress period:     2    Time step:  6573
    Solving:  Stress period:     2    Time step:  6574
    Solving:  Stress period:     2    Time step:  6575
    Solving:  Stress period:     2    Time step:  6576
    Solving:  Stress period:     2    Time step:  6577
    Solving:  Stress period:     2    Time step:  6578
    Solving:  Stress period:     2    Time step:  6579
    Solving:  Stress period:     2    Time step:  6580
    Solving:  Stress period:     2    Time step:  6581
    Solving:  Stress period:     2    Time step:  6582
    Solving:  Stress period:     2    Time step:  6583
    Solving:  Stress period:     2    Time step:  6584
    Solving:  Stress period:     2    Time step:  6585
    Solving:  Stress period:     2    Time step:  6586
    Solving:  Stress period:     2    Time step:  6587
    Solving:  Stress period:     2    Time step:  6588
    Solving:  Stress period:     2    Time step:  6589
    Solving:  Stress period:     2    Time step:  6590
    Solving:  Stress period:     2    Time step:  6591
    Solving:  Stress period:     2    Time step:  6592
    Solving:  Stress period:     2    Time step:  6593
    Solving:  Stress period:     2    Time step:  6594
    Solving:  Stress period:     2    Time step:  6595
    Solving:  Stress period:     2    Time step:  6596
    Solving:  Stress period:     2    Time step:  6597
    Solving:  Stress period:     2    Time step:  6598
    Solving:  Stress period:     2    Time step:  6599
    Solving:  Stress period:     2    Time step:  6600
    Solving:  Stress period:     2    Time step:  6601
    Solving:  Stress period:     2    Time step:  6602
    Solving:  Stress period:     2    Time step:  6603
    Solving:  Stress period:     2    Time step:  6604
    Solving:  Stress period:     2    Time step:  6605
    Solving:  Stress period:     2    Time step:  6606
    Solving:  Stress period:     2    Time step:  6607
    Solving:  Stress period:     2    Time step:  6608
    Solving:  Stress period:     2    Time step:  6609
    Solving:  Stress period:     2    Time step:  6610
    Solving:  Stress period:     2    Time step:  6611
    Solving:  Stress period:     2    Time step:  6612
    Solving:  Stress period:     2    Time step:  6613
    Solving:  Stress period:     2    Time step:  6614
    Solving:  Stress period:     2    Time step:  6615
    Solving:  Stress period:     2    Time step:  6616
    Solving:  Stress period:     2    Time step:  6617
    Solving:  Stress period:     2    Time step:  6618
    Solving:  Stress period:     2    Time step:  6619
    Solving:  Stress period:     2    Time step:  6620
    Solving:  Stress period:     2    Time step:  6621
    Solving:  Stress period:     2    Time step:  6622
    Solving:  Stress period:     2    Time step:  6623
    Solving:  Stress period:     2    Time step:  6624
    Solving:  Stress period:     2    Time step:  6625
    Solving:  Stress period:     2    Time step:  6626
    Solving:  Stress period:     2    Time step:  6627
    Solving:  Stress period:     2    Time step:  6628
    Solving:  Stress period:     2    Time step:  6629
    Solving:  Stress period:     2    Time step:  6630
    Solving:  Stress period:     2    Time step:  6631
    Solving:  Stress period:     2    Time step:  6632
    Solving:  Stress period:     2    Time step:  6633
    Solving:  Stress period:     2    Time step:  6634
    Solving:  Stress period:     2    Time step:  6635
    Solving:  Stress period:     2    Time step:  6636
    Solving:  Stress period:     2    Time step:  6637
    Solving:  Stress period:     2    Time step:  6638
    Solving:  Stress period:     2    Time step:  6639
    Solving:  Stress period:     2    Time step:  6640
    Solving:  Stress period:     2    Time step:  6641
    Solving:  Stress period:     2    Time step:  6642
    Solving:  Stress period:     2    Time step:  6643
    Solving:  Stress period:     2    Time step:  6644
    Solving:  Stress period:     2    Time step:  6645
    Solving:  Stress period:     2    Time step:  6646
    Solving:  Stress period:     2    Time step:  6647
    Solving:  Stress period:     2    Time step:  6648
    Solving:  Stress period:     2    Time step:  6649
    Solving:  Stress period:     2    Time step:  6650
    Solving:  Stress period:     2    Time step:  6651
    Solving:  Stress period:     2    Time step:  6652
    Solving:  Stress period:     2    Time step:  6653
    Solving:  Stress period:     2    Time step:  6654
    Solving:  Stress period:     2    Time step:  6655
    Solving:  Stress period:     2    Time step:  6656
    Solving:  Stress period:     2    Time step:  6657
    Solving:  Stress period:     2    Time step:  6658
    Solving:  Stress period:     2    Time step:  6659
    Solving:  Stress period:     2    Time step:  6660
    Solving:  Stress period:     2    Time step:  6661
    Solving:  Stress period:     2    Time step:  6662
    Solving:  Stress period:     2    Time step:  6663
    Solving:  Stress period:     2    Time step:  6664
    Solving:  Stress period:     2    Time step:  6665
    Solving:  Stress period:     2    Time step:  6666
    Solving:  Stress period:     2    Time step:  6667
    Solving:  Stress period:     2    Time step:  6668
    Solving:  Stress period:     2    Time step:  6669
    Solving:  Stress period:     2    Time step:  6670
    Solving:  Stress period:     2    Time step:  6671
    Solving:  Stress period:     2    Time step:  6672
    Solving:  Stress period:     2    Time step:  6673
    Solving:  Stress period:     2    Time step:  6674
    Solving:  Stress period:     2    Time step:  6675
    Solving:  Stress period:     2    Time step:  6676
    Solving:  Stress period:     2    Time step:  6677
    Solving:  Stress period:     2    Time step:  6678
    Solving:  Stress period:     2    Time step:  6679
    Solving:  Stress period:     2    Time step:  6680
    Solving:  Stress period:     2    Time step:  6681
    Solving:  Stress period:     2    Time step:  6682
    Solving:  Stress period:     2    Time step:  6683
    Solving:  Stress period:     2    Time step:  6684
    Solving:  Stress period:     2    Time step:  6685
    Solving:  Stress period:     2    Time step:  6686
    Solving:  Stress period:     2    Time step:  6687
    Solving:  Stress period:     2    Time step:  6688
    Solving:  Stress period:     2    Time step:  6689
    Solving:  Stress period:     2    Time step:  6690
    Solving:  Stress period:     2    Time step:  6691
    Solving:  Stress period:     2    Time step:  6692
    Solving:  Stress period:     2    Time step:  6693
    Solving:  Stress period:     2    Time step:  6694
    Solving:  Stress period:     2    Time step:  6695
    Solving:  Stress period:     2    Time step:  6696
    Solving:  Stress period:     2    Time step:  6697
    Solving:  Stress period:     2    Time step:  6698
    Solving:  Stress period:     2    Time step:  6699
    Solving:  Stress period:     2    Time step:  6700
    Solving:  Stress period:     2    Time step:  6701
    Solving:  Stress period:     2    Time step:  6702
    Solving:  Stress period:     2    Time step:  6703
    Solving:  Stress period:     2    Time step:  6704
    Solving:  Stress period:     2    Time step:  6705
    Solving:  Stress period:     2    Time step:  6706
    Solving:  Stress period:     2    Time step:  6707
    Solving:  Stress period:     2    Time step:  6708
    Solving:  Stress period:     2    Time step:  6709
    Solving:  Stress period:     2    Time step:  6710
    Solving:  Stress period:     2    Time step:  6711
    Solving:  Stress period:     2    Time step:  6712
    Solving:  Stress period:     2    Time step:  6713
    Solving:  Stress period:     2    Time step:  6714
    Solving:  Stress period:     2    Time step:  6715
    Solving:  Stress period:     2    Time step:  6716
    Solving:  Stress period:     2    Time step:  6717
    Solving:  Stress period:     2    Time step:  6718
    Solving:  Stress period:     2    Time step:  6719
    Solving:  Stress period:     2    Time step:  6720
    Solving:  Stress period:     2    Time step:  6721
    Solving:  Stress period:     2    Time step:  6722
    Solving:  Stress period:     2    Time step:  6723
    Solving:  Stress period:     2    Time step:  6724
    Solving:  Stress period:     2    Time step:  6725
    Solving:  Stress period:     2    Time step:  6726
    Solving:  Stress period:     2    Time step:  6727
    Solving:  Stress period:     2    Time step:  6728
    Solving:  Stress period:     2    Time step:  6729
    Solving:  Stress period:     2    Time step:  6730
    Solving:  Stress period:     2    Time step:  6731
    Solving:  Stress period:     2    Time step:  6732
    Solving:  Stress period:     2    Time step:  6733
    Solving:  Stress period:     2    Time step:  6734
    Solving:  Stress period:     2    Time step:  6735
    Solving:  Stress period:     2    Time step:  6736
    Solving:  Stress period:     2    Time step:  6737
    Solving:  Stress period:     2    Time step:  6738
    Solving:  Stress period:     2    Time step:  6739
    Solving:  Stress period:     2    Time step:  6740
    Solving:  Stress period:     2    Time step:  6741
    Solving:  Stress period:     2    Time step:  6742
    Solving:  Stress period:     2    Time step:  6743
    Solving:  Stress period:     2    Time step:  6744
    Solving:  Stress period:     2    Time step:  6745
    Solving:  Stress period:     2    Time step:  6746
    Solving:  Stress period:     2    Time step:  6747
    Solving:  Stress period:     2    Time step:  6748
    Solving:  Stress period:     2    Time step:  6749
    Solving:  Stress period:     2    Time step:  6750
    Solving:  Stress period:     2    Time step:  6751
    Solving:  Stress period:     2    Time step:  6752
    Solving:  Stress period:     2    Time step:  6753
    Solving:  Stress period:     2    Time step:  6754
    Solving:  Stress period:     2    Time step:  6755
    Solving:  Stress period:     2    Time step:  6756
    Solving:  Stress period:     2    Time step:  6757
    Solving:  Stress period:     2    Time step:  6758
    Solving:  Stress period:     2    Time step:  6759
    Solving:  Stress period:     2    Time step:  6760
    Solving:  Stress period:     2    Time step:  6761
    Solving:  Stress period:     2    Time step:  6762
    Solving:  Stress period:     2    Time step:  6763
    Solving:  Stress period:     2    Time step:  6764
    Solving:  Stress period:     2    Time step:  6765
    Solving:  Stress period:     2    Time step:  6766
    Solving:  Stress period:     2    Time step:  6767
    Solving:  Stress period:     2    Time step:  6768
    Solving:  Stress period:     2    Time step:  6769
    Solving:  Stress period:     2    Time step:  6770
    Solving:  Stress period:     2    Time step:  6771
    Solving:  Stress period:     2    Time step:  6772
    Solving:  Stress period:     2    Time step:  6773
    Solving:  Stress period:     2    Time step:  6774
    Solving:  Stress period:     2    Time step:  6775
    Solving:  Stress period:     2    Time step:  6776
    Solving:  Stress period:     2    Time step:  6777
    Solving:  Stress period:     2    Time step:  6778
    Solving:  Stress period:     2    Time step:  6779
    Solving:  Stress period:     2    Time step:  6780
    Solving:  Stress period:     2    Time step:  6781
    Solving:  Stress period:     2    Time step:  6782
    Solving:  Stress period:     2    Time step:  6783
    Solving:  Stress period:     2    Time step:  6784
    Solving:  Stress period:     2    Time step:  6785
    Solving:  Stress period:     2    Time step:  6786
    Solving:  Stress period:     2    Time step:  6787
    Solving:  Stress period:     2    Time step:  6788
    Solving:  Stress period:     2    Time step:  6789
    Solving:  Stress period:     2    Time step:  6790
    Solving:  Stress period:     2    Time step:  6791
    Solving:  Stress period:     2    Time step:  6792
    Solving:  Stress period:     2    Time step:  6793
    Solving:  Stress period:     2    Time step:  6794
    Solving:  Stress period:     2    Time step:  6795
    Solving:  Stress period:     2    Time step:  6796
    Solving:  Stress period:     2    Time step:  6797
    Solving:  Stress period:     2    Time step:  6798
    Solving:  Stress period:     2    Time step:  6799
    Solving:  Stress period:     2    Time step:  6800
    Solving:  Stress period:     2    Time step:  6801
    Solving:  Stress period:     2    Time step:  6802
    Solving:  Stress period:     2    Time step:  6803
    Solving:  Stress period:     2    Time step:  6804
    Solving:  Stress period:     2    Time step:  6805
    Solving:  Stress period:     2    Time step:  6806
    Solving:  Stress period:     2    Time step:  6807
    Solving:  Stress period:     2    Time step:  6808
    Solving:  Stress period:     2    Time step:  6809
    Solving:  Stress period:     2    Time step:  6810
    Solving:  Stress period:     2    Time step:  6811
    Solving:  Stress period:     2    Time step:  6812
    Solving:  Stress period:     2    Time step:  6813
    Solving:  Stress period:     2    Time step:  6814
    Solving:  Stress period:     2    Time step:  6815
    Solving:  Stress period:     2    Time step:  6816
    Solving:  Stress period:     2    Time step:  6817
    Solving:  Stress period:     2    Time step:  6818
    Solving:  Stress period:     2    Time step:  6819
    Solving:  Stress period:     2    Time step:  6820
    Solving:  Stress period:     2    Time step:  6821
    Solving:  Stress period:     2    Time step:  6822
    Solving:  Stress period:     2    Time step:  6823
    Solving:  Stress period:     2    Time step:  6824
    Solving:  Stress period:     2    Time step:  6825
    Solving:  Stress period:     2    Time step:  6826
    Solving:  Stress period:     2    Time step:  6827
    Solving:  Stress period:     2    Time step:  6828
    Solving:  Stress period:     2    Time step:  6829
    Solving:  Stress period:     2    Time step:  6830
    Solving:  Stress period:     2    Time step:  6831
    Solving:  Stress period:     2    Time step:  6832
    Solving:  Stress period:     2    Time step:  6833
    Solving:  Stress period:     2    Time step:  6834
    Solving:  Stress period:     2    Time step:  6835
    Solving:  Stress period:     2    Time step:  6836
    Solving:  Stress period:     2    Time step:  6837
    Solving:  Stress period:     2    Time step:  6838
    Solving:  Stress period:     2    Time step:  6839
    Solving:  Stress period:     2    Time step:  6840
    Solving:  Stress period:     2    Time step:  6841
    Solving:  Stress period:     2    Time step:  6842
    Solving:  Stress period:     2    Time step:  6843
    Solving:  Stress period:     2    Time step:  6844
    Solving:  Stress period:     2    Time step:  6845
    Solving:  Stress period:     2    Time step:  6846
    Solving:  Stress period:     2    Time step:  6847
    Solving:  Stress period:     2    Time step:  6848
    Solving:  Stress period:     2    Time step:  6849
    Solving:  Stress period:     2    Time step:  6850
    Solving:  Stress period:     2    Time step:  6851
    Solving:  Stress period:     2    Time step:  6852
    Solving:  Stress period:     2    Time step:  6853
    Solving:  Stress period:     2    Time step:  6854
    Solving:  Stress period:     2    Time step:  6855
    Solving:  Stress period:     2    Time step:  6856
    Solving:  Stress period:     2    Time step:  6857
    Solving:  Stress period:     2    Time step:  6858
    Solving:  Stress period:     2    Time step:  6859
    Solving:  Stress period:     2    Time step:  6860
    Solving:  Stress period:     2    Time step:  6861
    Solving:  Stress period:     2    Time step:  6862
    Solving:  Stress period:     2    Time step:  6863
    Solving:  Stress period:     2    Time step:  6864
    Solving:  Stress period:     2    Time step:  6865
    Solving:  Stress period:     2    Time step:  6866
    Solving:  Stress period:     2    Time step:  6867
    Solving:  Stress period:     2    Time step:  6868
    Solving:  Stress period:     2    Time step:  6869
    Solving:  Stress period:     2    Time step:  6870
    Solving:  Stress period:     2    Time step:  6871
    Solving:  Stress period:     2    Time step:  6872
    Solving:  Stress period:     2    Time step:  6873
    Solving:  Stress period:     2    Time step:  6874
    Solving:  Stress period:     2    Time step:  6875
    Solving:  Stress period:     2    Time step:  6876
    Solving:  Stress period:     2    Time step:  6877
    Solving:  Stress period:     2    Time step:  6878
    Solving:  Stress period:     2    Time step:  6879
    Solving:  Stress period:     2    Time step:  6880
    Solving:  Stress period:     2    Time step:  6881
    Solving:  Stress period:     2    Time step:  6882
    Solving:  Stress period:     2    Time step:  6883
    Solving:  Stress period:     2    Time step:  6884
    Solving:  Stress period:     2    Time step:  6885
    Solving:  Stress period:     2    Time step:  6886
    Solving:  Stress period:     2    Time step:  6887
    Solving:  Stress period:     2    Time step:  6888
    Solving:  Stress period:     2    Time step:  6889
    Solving:  Stress period:     2    Time step:  6890
    Solving:  Stress period:     2    Time step:  6891
    Solving:  Stress period:     2    Time step:  6892
    Solving:  Stress period:     2    Time step:  6893
    Solving:  Stress period:     2    Time step:  6894
    Solving:  Stress period:     2    Time step:  6895
    Solving:  Stress period:     2    Time step:  6896
    Solving:  Stress period:     2    Time step:  6897
    Solving:  Stress period:     2    Time step:  6898
    Solving:  Stress period:     2    Time step:  6899
    Solving:  Stress period:     2    Time step:  6900
    Solving:  Stress period:     2    Time step:  6901
    Solving:  Stress period:     2    Time step:  6902
    Solving:  Stress period:     2    Time step:  6903
    Solving:  Stress period:     2    Time step:  6904
    Solving:  Stress period:     2    Time step:  6905
    Solving:  Stress period:     2    Time step:  6906
    Solving:  Stress period:     2    Time step:  6907
    Solving:  Stress period:     2    Time step:  6908
    Solving:  Stress period:     2    Time step:  6909
    Solving:  Stress period:     2    Time step:  6910
    Solving:  Stress period:     2    Time step:  6911
    Solving:  Stress period:     2    Time step:  6912
    Solving:  Stress period:     2    Time step:  6913
    Solving:  Stress period:     2    Time step:  6914
    Solving:  Stress period:     2    Time step:  6915
    Solving:  Stress period:     2    Time step:  6916
    Solving:  Stress period:     2    Time step:  6917
    Solving:  Stress period:     2    Time step:  6918
    Solving:  Stress period:     2    Time step:  6919
    Solving:  Stress period:     2    Time step:  6920
    Solving:  Stress period:     2    Time step:  6921
    Solving:  Stress period:     2    Time step:  6922
    Solving:  Stress period:     2    Time step:  6923
    Solving:  Stress period:     2    Time step:  6924
    Solving:  Stress period:     2    Time step:  6925
    Solving:  Stress period:     2    Time step:  6926
    Solving:  Stress period:     2    Time step:  6927
    Solving:  Stress period:     2    Time step:  6928
    Solving:  Stress period:     2    Time step:  6929
    Solving:  Stress period:     2    Time step:  6930
    Solving:  Stress period:     2    Time step:  6931
    Solving:  Stress period:     2    Time step:  6932
    Solving:  Stress period:     2    Time step:  6933
    Solving:  Stress period:     2    Time step:  6934
    Solving:  Stress period:     2    Time step:  6935
    Solving:  Stress period:     2    Time step:  6936
    Solving:  Stress period:     2    Time step:  6937
    Solving:  Stress period:     2    Time step:  6938
    Solving:  Stress period:     2    Time step:  6939
    Solving:  Stress period:     2    Time step:  6940
    Solving:  Stress period:     2    Time step:  6941
    Solving:  Stress period:     2    Time step:  6942
    Solving:  Stress period:     2    Time step:  6943
    Solving:  Stress period:     2    Time step:  6944
    Solving:  Stress period:     2    Time step:  6945
    Solving:  Stress period:     2    Time step:  6946
    Solving:  Stress period:     2    Time step:  6947
    Solving:  Stress period:     2    Time step:  6948
    Solving:  Stress period:     2    Time step:  6949
    Solving:  Stress period:     2    Time step:  6950
    Solving:  Stress period:     2    Time step:  6951
    Solving:  Stress period:     2    Time step:  6952
    Solving:  Stress period:     2    Time step:  6953
    Solving:  Stress period:     2    Time step:  6954
    Solving:  Stress period:     2    Time step:  6955
    Solving:  Stress period:     2    Time step:  6956
    Solving:  Stress period:     2    Time step:  6957
    Solving:  Stress period:     2    Time step:  6958
    Solving:  Stress period:     2    Time step:  6959
    Solving:  Stress period:     2    Time step:  6960
    Solving:  Stress period:     2    Time step:  6961
    Solving:  Stress period:     2    Time step:  6962
    Solving:  Stress period:     2    Time step:  6963
    Solving:  Stress period:     2    Time step:  6964
    Solving:  Stress period:     2    Time step:  6965
    Solving:  Stress period:     2    Time step:  6966
    Solving:  Stress period:     2    Time step:  6967
    Solving:  Stress period:     2    Time step:  6968
    Solving:  Stress period:     2    Time step:  6969
    Solving:  Stress period:     2    Time step:  6970
    Solving:  Stress period:     2    Time step:  6971
    Solving:  Stress period:     2    Time step:  6972
    Solving:  Stress period:     2    Time step:  6973
    Solving:  Stress period:     2    Time step:  6974
    Solving:  Stress period:     2    Time step:  6975
    Solving:  Stress period:     2    Time step:  6976
    Solving:  Stress period:     2    Time step:  6977
    Solving:  Stress period:     2    Time step:  6978
    Solving:  Stress period:     2    Time step:  6979
    Solving:  Stress period:     2    Time step:  6980
    Solving:  Stress period:     2    Time step:  6981
    Solving:  Stress period:     2    Time step:  6982
    Solving:  Stress period:     2    Time step:  6983
    Solving:  Stress period:     2    Time step:  6984
    Solving:  Stress period:     2    Time step:  6985
    Solving:  Stress period:     2    Time step:  6986
    Solving:  Stress period:     2    Time step:  6987
    Solving:  Stress period:     2    Time step:  6988
    Solving:  Stress period:     2    Time step:  6989
    Solving:  Stress period:     2    Time step:  6990
    Solving:  Stress period:     2    Time step:  6991
    Solving:  Stress period:     2    Time step:  6992
    Solving:  Stress period:     2    Time step:  6993
    Solving:  Stress period:     2    Time step:  6994
    Solving:  Stress period:     2    Time step:  6995
    Solving:  Stress period:     2    Time step:  6996
    Solving:  Stress period:     2    Time step:  6997
    Solving:  Stress period:     2    Time step:  6998
    Solving:  Stress period:     2    Time step:  6999
    Solving:  Stress period:     2    Time step:  7000
    Solving:  Stress period:     2    Time step:  7001
    Solving:  Stress period:     2    Time step:  7002
    Solving:  Stress period:     2    Time step:  7003
    Solving:  Stress period:     2    Time step:  7004
    Solving:  Stress period:     2    Time step:  7005
    Solving:  Stress period:     2    Time step:  7006
    Solving:  Stress period:     2    Time step:  7007
    Solving:  Stress period:     2    Time step:  7008
    Solving:  Stress period:     2    Time step:  7009
    Solving:  Stress period:     2    Time step:  7010
    Solving:  Stress period:     2    Time step:  7011
    Solving:  Stress period:     2    Time step:  7012
    Solving:  Stress period:     2    Time step:  7013
    Solving:  Stress period:     2    Time step:  7014
    Solving:  Stress period:     2    Time step:  7015
    Solving:  Stress period:     2    Time step:  7016
    Solving:  Stress period:     2    Time step:  7017
    Solving:  Stress period:     2    Time step:  7018
    Solving:  Stress period:     2    Time step:  7019
    Solving:  Stress period:     2    Time step:  7020
    Solving:  Stress period:     2    Time step:  7021
    Solving:  Stress period:     2    Time step:  7022
    Solving:  Stress period:     2    Time step:  7023
    Solving:  Stress period:     2    Time step:  7024
    Solving:  Stress period:     2    Time step:  7025
    Solving:  Stress period:     2    Time step:  7026
    Solving:  Stress period:     2    Time step:  7027
    Solving:  Stress period:     2    Time step:  7028
    Solving:  Stress period:     2    Time step:  7029
    Solving:  Stress period:     2    Time step:  7030
    Solving:  Stress period:     2    Time step:  7031
    Solving:  Stress period:     2    Time step:  7032
    Solving:  Stress period:     2    Time step:  7033
    Solving:  Stress period:     2    Time step:  7034
    Solving:  Stress period:     2    Time step:  7035
    Solving:  Stress period:     2    Time step:  7036
    Solving:  Stress period:     2    Time step:  7037
    Solving:  Stress period:     2    Time step:  7038
    Solving:  Stress period:     2    Time step:  7039
    Solving:  Stress period:     2    Time step:  7040
    Solving:  Stress period:     2    Time step:  7041
    Solving:  Stress period:     2    Time step:  7042
    Solving:  Stress period:     2    Time step:  7043
    Solving:  Stress period:     2    Time step:  7044
    Solving:  Stress period:     2    Time step:  7045
    Solving:  Stress period:     2    Time step:  7046
    Solving:  Stress period:     2    Time step:  7047
    Solving:  Stress period:     2    Time step:  7048
    Solving:  Stress period:     2    Time step:  7049
    Solving:  Stress period:     2    Time step:  7050
    Solving:  Stress period:     2    Time step:  7051
    Solving:  Stress period:     2    Time step:  7052
    Solving:  Stress period:     2    Time step:  7053
    Solving:  Stress period:     2    Time step:  7054
    Solving:  Stress period:     2    Time step:  7055
    Solving:  Stress period:     2    Time step:  7056
    Solving:  Stress period:     2    Time step:  7057
    Solving:  Stress period:     2    Time step:  7058
    Solving:  Stress period:     2    Time step:  7059
    Solving:  Stress period:     2    Time step:  7060
    Solving:  Stress period:     2    Time step:  7061
    Solving:  Stress period:     2    Time step:  7062
    Solving:  Stress period:     2    Time step:  7063
    Solving:  Stress period:     2    Time step:  7064
    Solving:  Stress period:     2    Time step:  7065
    Solving:  Stress period:     2    Time step:  7066
    Solving:  Stress period:     2    Time step:  7067
    Solving:  Stress period:     2    Time step:  7068
    Solving:  Stress period:     2    Time step:  7069
    Solving:  Stress period:     2    Time step:  7070
    Solving:  Stress period:     2    Time step:  7071
    Solving:  Stress period:     2    Time step:  7072
    Solving:  Stress period:     2    Time step:  7073
    Solving:  Stress period:     2    Time step:  7074
    Solving:  Stress period:     2    Time step:  7075
    Solving:  Stress period:     2    Time step:  7076
    Solving:  Stress period:     2    Time step:  7077
    Solving:  Stress period:     2    Time step:  7078
    Solving:  Stress period:     2    Time step:  7079
    Solving:  Stress period:     2    Time step:  7080
    Solving:  Stress period:     2    Time step:  7081
    Solving:  Stress period:     2    Time step:  7082
    Solving:  Stress period:     2    Time step:  7083
    Solving:  Stress period:     2    Time step:  7084
    Solving:  Stress period:     2    Time step:  7085
    Solving:  Stress period:     2    Time step:  7086
    Solving:  Stress period:     2    Time step:  7087
    Solving:  Stress period:     2    Time step:  7088
    Solving:  Stress period:     2    Time step:  7089
    Solving:  Stress period:     2    Time step:  7090
    Solving:  Stress period:     2    Time step:  7091
    Solving:  Stress period:     2    Time step:  7092
    Solving:  Stress period:     2    Time step:  7093
    Solving:  Stress period:     2    Time step:  7094
    Solving:  Stress period:     2    Time step:  7095
    Solving:  Stress period:     2    Time step:  7096
    Solving:  Stress period:     2    Time step:  7097
    Solving:  Stress period:     2    Time step:  7098
    Solving:  Stress period:     2    Time step:  7099
    Solving:  Stress period:     2    Time step:  7100
    Solving:  Stress period:     2    Time step:  7101
    Solving:  Stress period:     2    Time step:  7102
    Solving:  Stress period:     2    Time step:  7103
    Solving:  Stress period:     2    Time step:  7104
    Solving:  Stress period:     2    Time step:  7105
    Solving:  Stress period:     2    Time step:  7106
    Solving:  Stress period:     2    Time step:  7107
    Solving:  Stress period:     2    Time step:  7108
    Solving:  Stress period:     2    Time step:  7109
    Solving:  Stress period:     2    Time step:  7110
    Solving:  Stress period:     2    Time step:  7111
    Solving:  Stress period:     2    Time step:  7112
    Solving:  Stress period:     2    Time step:  7113
    Solving:  Stress period:     2    Time step:  7114
    Solving:  Stress period:     2    Time step:  7115
    Solving:  Stress period:     2    Time step:  7116
    Solving:  Stress period:     2    Time step:  7117
    Solving:  Stress period:     2    Time step:  7118
    Solving:  Stress period:     2    Time step:  7119
    Solving:  Stress period:     2    Time step:  7120
    Solving:  Stress period:     2    Time step:  7121
    Solving:  Stress period:     2    Time step:  7122
    Solving:  Stress period:     2    Time step:  7123
    Solving:  Stress period:     2    Time step:  7124
    Solving:  Stress period:     2    Time step:  7125
    Solving:  Stress period:     2    Time step:  7126
    Solving:  Stress period:     2    Time step:  7127
    Solving:  Stress period:     2    Time step:  7128
    Solving:  Stress period:     2    Time step:  7129
    Solving:  Stress period:     2    Time step:  7130
    Solving:  Stress period:     2    Time step:  7131
    Solving:  Stress period:     2    Time step:  7132
    Solving:  Stress period:     2    Time step:  7133
    Solving:  Stress period:     2    Time step:  7134
    Solving:  Stress period:     2    Time step:  7135
    Solving:  Stress period:     2    Time step:  7136
    Solving:  Stress period:     2    Time step:  7137
    Solving:  Stress period:     2    Time step:  7138
    Solving:  Stress period:     2    Time step:  7139
    Solving:  Stress period:     2    Time step:  7140
    Solving:  Stress period:     2    Time step:  7141
    Solving:  Stress period:     2    Time step:  7142
    Solving:  Stress period:     2    Time step:  7143
    Solving:  Stress period:     2    Time step:  7144
    Solving:  Stress period:     2    Time step:  7145
    Solving:  Stress period:     2    Time step:  7146
    Solving:  Stress period:     2    Time step:  7147
    Solving:  Stress period:     2    Time step:  7148
    Solving:  Stress period:     2    Time step:  7149
    Solving:  Stress period:     2    Time step:  7150
    Solving:  Stress period:     2    Time step:  7151
    Solving:  Stress period:     2    Time step:  7152
    Solving:  Stress period:     2    Time step:  7153
    Solving:  Stress period:     2    Time step:  7154
    Solving:  Stress period:     2    Time step:  7155
    Solving:  Stress period:     2    Time step:  7156
    Solving:  Stress period:     2    Time step:  7157
    Solving:  Stress period:     2    Time step:  7158
    Solving:  Stress period:     2    Time step:  7159
    Solving:  Stress period:     2    Time step:  7160
    Solving:  Stress period:     2    Time step:  7161
    Solving:  Stress period:     2    Time step:  7162
    Solving:  Stress period:     2    Time step:  7163
    Solving:  Stress period:     2    Time step:  7164
    Solving:  Stress period:     2    Time step:  7165
    Solving:  Stress period:     2    Time step:  7166
    Solving:  Stress period:     2    Time step:  7167
    Solving:  Stress period:     2    Time step:  7168
    Solving:  Stress period:     2    Time step:  7169
    Solving:  Stress period:     2    Time step:  7170
    Solving:  Stress period:     2    Time step:  7171
    Solving:  Stress period:     2    Time step:  7172
    Solving:  Stress period:     2    Time step:  7173
    Solving:  Stress period:     2    Time step:  7174
    Solving:  Stress period:     2    Time step:  7175
    Solving:  Stress period:     2    Time step:  7176
    Solving:  Stress period:     2    Time step:  7177
    Solving:  Stress period:     2    Time step:  7178
    Solving:  Stress period:     2    Time step:  7179
    Solving:  Stress period:     2    Time step:  7180
    Solving:  Stress period:     2    Time step:  7181
    Solving:  Stress period:     2    Time step:  7182
    Solving:  Stress period:     2    Time step:  7183
    Solving:  Stress period:     2    Time step:  7184
    Solving:  Stress period:     2    Time step:  7185
    Solving:  Stress period:     2    Time step:  7186
    Solving:  Stress period:     2    Time step:  7187
    Solving:  Stress period:     2    Time step:  7188
    Solving:  Stress period:     2    Time step:  7189
    Solving:  Stress period:     2    Time step:  7190
    Solving:  Stress period:     2    Time step:  7191
    Solving:  Stress period:     2    Time step:  7192
    Solving:  Stress period:     2    Time step:  7193
    Solving:  Stress period:     2    Time step:  7194
    Solving:  Stress period:     2    Time step:  7195
    Solving:  Stress period:     2    Time step:  7196
    Solving:  Stress period:     2    Time step:  7197
    Solving:  Stress period:     2    Time step:  7198
    Solving:  Stress period:     2    Time step:  7199
    Solving:  Stress period:     2    Time step:  7200
    Solving:  Stress period:     2    Time step:  7201
    Solving:  Stress period:     2    Time step:  7202
    Solving:  Stress period:     2    Time step:  7203
    Solving:  Stress period:     2    Time step:  7204
    Solving:  Stress period:     2    Time step:  7205
    Solving:  Stress period:     2    Time step:  7206
    Solving:  Stress period:     2    Time step:  7207
    Solving:  Stress period:     2    Time step:  7208
    Solving:  Stress period:     2    Time step:  7209
    Solving:  Stress period:     2    Time step:  7210
    Solving:  Stress period:     2    Time step:  7211
    Solving:  Stress period:     2    Time step:  7212
    Solving:  Stress period:     2    Time step:  7213
    Solving:  Stress period:     2    Time step:  7214
    Solving:  Stress period:     2    Time step:  7215
    Solving:  Stress period:     2    Time step:  7216
    Solving:  Stress period:     2    Time step:  7217
    Solving:  Stress period:     2    Time step:  7218
    Solving:  Stress period:     2    Time step:  7219
    Solving:  Stress period:     2    Time step:  7220
    Solving:  Stress period:     2    Time step:  7221
    Solving:  Stress period:     2    Time step:  7222
    Solving:  Stress period:     2    Time step:  7223
    Solving:  Stress period:     2    Time step:  7224
    Solving:  Stress period:     2    Time step:  7225
    Solving:  Stress period:     2    Time step:  7226
    Solving:  Stress period:     2    Time step:  7227
    Solving:  Stress period:     2    Time step:  7228
    Solving:  Stress period:     2    Time step:  7229
    Solving:  Stress period:     2    Time step:  7230
    Solving:  Stress period:     2    Time step:  7231
    Solving:  Stress period:     2    Time step:  7232
    Solving:  Stress period:     2    Time step:  7233
    Solving:  Stress period:     2    Time step:  7234
    Solving:  Stress period:     2    Time step:  7235
    Solving:  Stress period:     2    Time step:  7236
    Solving:  Stress period:     2    Time step:  7237
    Solving:  Stress period:     2    Time step:  7238
    Solving:  Stress period:     2    Time step:  7239
    Solving:  Stress period:     2    Time step:  7240
    Solving:  Stress period:     2    Time step:  7241
    Solving:  Stress period:     2    Time step:  7242
    Solving:  Stress period:     2    Time step:  7243
    Solving:  Stress period:     2    Time step:  7244
    Solving:  Stress period:     2    Time step:  7245
    Solving:  Stress period:     2    Time step:  7246
    Solving:  Stress period:     2    Time step:  7247
    Solving:  Stress period:     2    Time step:  7248
    Solving:  Stress period:     2    Time step:  7249
    Solving:  Stress period:     2    Time step:  7250
    Solving:  Stress period:     2    Time step:  7251
    Solving:  Stress period:     2    Time step:  7252
    Solving:  Stress period:     2    Time step:  7253
    Solving:  Stress period:     2    Time step:  7254
    Solving:  Stress period:     2    Time step:  7255
    Solving:  Stress period:     2    Time step:  7256
    Solving:  Stress period:     2    Time step:  7257
    Solving:  Stress period:     2    Time step:  7258
    Solving:  Stress period:     2    Time step:  7259
    Solving:  Stress period:     2    Time step:  7260
    Solving:  Stress period:     2    Time step:  7261
    Solving:  Stress period:     2    Time step:  7262
    Solving:  Stress period:     2    Time step:  7263
    Solving:  Stress period:     2    Time step:  7264
    Solving:  Stress period:     2    Time step:  7265
    Solving:  Stress period:     2    Time step:  7266
    Solving:  Stress period:     2    Time step:  7267
    Solving:  Stress period:     2    Time step:  7268
    Solving:  Stress period:     2    Time step:  7269
    Solving:  Stress period:     2    Time step:  7270
    Solving:  Stress period:     2    Time step:  7271
    Solving:  Stress period:     2    Time step:  7272
    Solving:  Stress period:     2    Time step:  7273
    Solving:  Stress period:     2    Time step:  7274
    Solving:  Stress period:     2    Time step:  7275
    Solving:  Stress period:     2    Time step:  7276
    Solving:  Stress period:     2    Time step:  7277
    Solving:  Stress period:     2    Time step:  7278
    Solving:  Stress period:     2    Time step:  7279
    Solving:  Stress period:     2    Time step:  7280
    Solving:  Stress period:     2    Time step:  7281
    Solving:  Stress period:     2    Time step:  7282
    Solving:  Stress period:     2    Time step:  7283
    Solving:  Stress period:     2    Time step:  7284
    Solving:  Stress period:     2    Time step:  7285
    Solving:  Stress period:     2    Time step:  7286
    Solving:  Stress period:     2    Time step:  7287
    Solving:  Stress period:     2    Time step:  7288
    Solving:  Stress period:     2    Time step:  7289
    Solving:  Stress period:     2    Time step:  7290
    Solving:  Stress period:     2    Time step:  7291
    Solving:  Stress period:     2    Time step:  7292
    Solving:  Stress period:     2    Time step:  7293
    Solving:  Stress period:     2    Time step:  7294
    Solving:  Stress period:     2    Time step:  7295
    Solving:  Stress period:     2    Time step:  7296
    Solving:  Stress period:     2    Time step:  7297
    Solving:  Stress period:     2    Time step:  7298
    Solving:  Stress period:     2    Time step:  7299
    Solving:  Stress period:     2    Time step:  7300
    Solving:  Stress period:     2    Time step:  7301
    Solving:  Stress period:     2    Time step:  7302
    Solving:  Stress period:     2    Time step:  7303
    Solving:  Stress period:     2    Time step:  7304
    Solving:  Stress period:     2    Time step:  7305
    Solving:  Stress period:     2    Time step:  7306
    Solving:  Stress period:     2    Time step:  7307
    Solving:  Stress period:     2    Time step:  7308
    Solving:  Stress period:     2    Time step:  7309
    Solving:  Stress period:     2    Time step:  7310
    Solving:  Stress period:     2    Time step:  7311
    Solving:  Stress period:     2    Time step:  7312
    Solving:  Stress period:     2    Time step:  7313
    Solving:  Stress period:     2    Time step:  7314
    Solving:  Stress period:     2    Time step:  7315
    Solving:  Stress period:     2    Time step:  7316
    Solving:  Stress period:     2    Time step:  7317
    Solving:  Stress period:     2    Time step:  7318
    Solving:  Stress period:     2    Time step:  7319
    Solving:  Stress period:     2    Time step:  7320
    Solving:  Stress period:     2    Time step:  7321
    Solving:  Stress period:     2    Time step:  7322
    Solving:  Stress period:     2    Time step:  7323
    Solving:  Stress period:     2    Time step:  7324
    Solving:  Stress period:     2    Time step:  7325
    Solving:  Stress period:     2    Time step:  7326
    Solving:  Stress period:     2    Time step:  7327
    Solving:  Stress period:     2    Time step:  7328
    Solving:  Stress period:     2    Time step:  7329
    Solving:  Stress period:     2    Time step:  7330
    Solving:  Stress period:     2    Time step:  7331
    Solving:  Stress period:     2    Time step:  7332
    Solving:  Stress period:     2    Time step:  7333
    Solving:  Stress period:     2    Time step:  7334
    Solving:  Stress period:     2    Time step:  7335
    Solving:  Stress period:     2    Time step:  7336
    Solving:  Stress period:     2    Time step:  7337
    Solving:  Stress period:     2    Time step:  7338
    Solving:  Stress period:     2    Time step:  7339
    Solving:  Stress period:     2    Time step:  7340
    Solving:  Stress period:     2    Time step:  7341
    Solving:  Stress period:     2    Time step:  7342
    Solving:  Stress period:     2    Time step:  7343
    Solving:  Stress period:     2    Time step:  7344
    Solving:  Stress period:     2    Time step:  7345
    Solving:  Stress period:     2    Time step:  7346
    Solving:  Stress period:     2    Time step:  7347
    Solving:  Stress period:     2    Time step:  7348
    Solving:  Stress period:     2    Time step:  7349
    Solving:  Stress period:     2    Time step:  7350
    Solving:  Stress period:     2    Time step:  7351
    Solving:  Stress period:     2    Time step:  7352
    Solving:  Stress period:     2    Time step:  7353
    Solving:  Stress period:     2    Time step:  7354
    Solving:  Stress period:     2    Time step:  7355
    Solving:  Stress period:     2    Time step:  7356
    Solving:  Stress period:     2    Time step:  7357
    Solving:  Stress period:     2    Time step:  7358
    Solving:  Stress period:     2    Time step:  7359
    Solving:  Stress period:     2    Time step:  7360
    Solving:  Stress period:     2    Time step:  7361
    Solving:  Stress period:     2    Time step:  7362
    Solving:  Stress period:     2    Time step:  7363
    Solving:  Stress period:     2    Time step:  7364
    Solving:  Stress period:     2    Time step:  7365
    Solving:  Stress period:     2    Time step:  7366
    Solving:  Stress period:     2    Time step:  7367
    Solving:  Stress period:     2    Time step:  7368
    Solving:  Stress period:     2    Time step:  7369
    Solving:  Stress period:     2    Time step:  7370
    Solving:  Stress period:     2    Time step:  7371
    Solving:  Stress period:     2    Time step:  7372
    Solving:  Stress period:     2    Time step:  7373
    Solving:  Stress period:     2    Time step:  7374
    Solving:  Stress period:     2    Time step:  7375
    Solving:  Stress period:     2    Time step:  7376
    Solving:  Stress period:     2    Time step:  7377
    Solving:  Stress period:     2    Time step:  7378
    Solving:  Stress period:     2    Time step:  7379
    Solving:  Stress period:     2    Time step:  7380
    Solving:  Stress period:     2    Time step:  7381
    Solving:  Stress period:     2    Time step:  7382
    Solving:  Stress period:     2    Time step:  7383
    Solving:  Stress period:     2    Time step:  7384
    Solving:  Stress period:     2    Time step:  7385
    Solving:  Stress period:     2    Time step:  7386
    Solving:  Stress period:     2    Time step:  7387
    Solving:  Stress period:     2    Time step:  7388
    Solving:  Stress period:     2    Time step:  7389
    Solving:  Stress period:     2    Time step:  7390
    Solving:  Stress period:     2    Time step:  7391
    Solving:  Stress period:     2    Time step:  7392
    Solving:  Stress period:     2    Time step:  7393
    Solving:  Stress period:     2    Time step:  7394
    Solving:  Stress period:     2    Time step:  7395
    Solving:  Stress period:     2    Time step:  7396
    Solving:  Stress period:     2    Time step:  7397
    Solving:  Stress period:     2    Time step:  7398
    Solving:  Stress period:     2    Time step:  7399
    Solving:  Stress period:     2    Time step:  7400
    Solving:  Stress period:     2    Time step:  7401
    Solving:  Stress period:     2    Time step:  7402
    Solving:  Stress period:     2    Time step:  7403
    Solving:  Stress period:     2    Time step:  7404
    Solving:  Stress period:     2    Time step:  7405
    Solving:  Stress period:     2    Time step:  7406
    Solving:  Stress period:     2    Time step:  7407
    Solving:  Stress period:     2    Time step:  7408
    Solving:  Stress period:     2    Time step:  7409
    Solving:  Stress period:     2    Time step:  7410
    Solving:  Stress period:     2    Time step:  7411
    Solving:  Stress period:     2    Time step:  7412
    Solving:  Stress period:     2    Time step:  7413
    Solving:  Stress period:     2    Time step:  7414
    Solving:  Stress period:     2    Time step:  7415
    Solving:  Stress period:     2    Time step:  7416
    Solving:  Stress period:     2    Time step:  7417
    Solving:  Stress period:     2    Time step:  7418
    Solving:  Stress period:     2    Time step:  7419
    Solving:  Stress period:     2    Time step:  7420
    Solving:  Stress period:     2    Time step:  7421
    Solving:  Stress period:     2    Time step:  7422
    Solving:  Stress period:     2    Time step:  7423
    Solving:  Stress period:     2    Time step:  7424
    Solving:  Stress period:     2    Time step:  7425
    Solving:  Stress period:     2    Time step:  7426
    Solving:  Stress period:     2    Time step:  7427
    Solving:  Stress period:     2    Time step:  7428
    Solving:  Stress period:     2    Time step:  7429
    Solving:  Stress period:     2    Time step:  7430
    Solving:  Stress period:     2    Time step:  7431
    Solving:  Stress period:     2    Time step:  7432
    Solving:  Stress period:     2    Time step:  7433
    Solving:  Stress period:     2    Time step:  7434
    Solving:  Stress period:     2    Time step:  7435
    Solving:  Stress period:     2    Time step:  7436
    Solving:  Stress period:     2    Time step:  7437
    Solving:  Stress period:     2    Time step:  7438
    Solving:  Stress period:     2    Time step:  7439
    Solving:  Stress period:     2    Time step:  7440
    Solving:  Stress period:     2    Time step:  7441
    Solving:  Stress period:     2    Time step:  7442
    Solving:  Stress period:     2    Time step:  7443
    Solving:  Stress period:     2    Time step:  7444
    Solving:  Stress period:     2    Time step:  7445
    Solving:  Stress period:     2    Time step:  7446
    Solving:  Stress period:     2    Time step:  7447
    Solving:  Stress period:     2    Time step:  7448
    Solving:  Stress period:     2    Time step:  7449
    Solving:  Stress period:     2    Time step:  7450
    Solving:  Stress period:     2    Time step:  7451
    Solving:  Stress period:     2    Time step:  7452
    Solving:  Stress period:     2    Time step:  7453
    Solving:  Stress period:     2    Time step:  7454
    Solving:  Stress period:     2    Time step:  7455
    Solving:  Stress period:     2    Time step:  7456
    Solving:  Stress period:     2    Time step:  7457
    Solving:  Stress period:     2    Time step:  7458
    Solving:  Stress period:     2    Time step:  7459
    Solving:  Stress period:     2    Time step:  7460
    Solving:  Stress period:     2    Time step:  7461
    Solving:  Stress period:     2    Time step:  7462
    Solving:  Stress period:     2    Time step:  7463
    Solving:  Stress period:     2    Time step:  7464
    Solving:  Stress period:     2    Time step:  7465
    Solving:  Stress period:     2    Time step:  7466
    Solving:  Stress period:     2    Time step:  7467
    Solving:  Stress period:     2    Time step:  7468
    Solving:  Stress period:     2    Time step:  7469
    Solving:  Stress period:     2    Time step:  7470
    Solving:  Stress period:     2    Time step:  7471
    Solving:  Stress period:     2    Time step:  7472
    Solving:  Stress period:     2    Time step:  7473
    Solving:  Stress period:     2    Time step:  7474
    Solving:  Stress period:     2    Time step:  7475
    Solving:  Stress period:     2    Time step:  7476
    Solving:  Stress period:     2    Time step:  7477
    Solving:  Stress period:     2    Time step:  7478
    Solving:  Stress period:     2    Time step:  7479
    Solving:  Stress period:     2    Time step:  7480
    Solving:  Stress period:     2    Time step:  7481
    Solving:  Stress period:     2    Time step:  7482
    Solving:  Stress period:     2    Time step:  7483
    Solving:  Stress period:     2    Time step:  7484
    Solving:  Stress period:     2    Time step:  7485
    Solving:  Stress period:     2    Time step:  7486
    Solving:  Stress period:     2    Time step:  7487
    Solving:  Stress period:     2    Time step:  7488
    Solving:  Stress period:     2    Time step:  7489
    Solving:  Stress period:     2    Time step:  7490
    Solving:  Stress period:     2    Time step:  7491
    Solving:  Stress period:     2    Time step:  7492
    Solving:  Stress period:     2    Time step:  7493
    Solving:  Stress period:     2    Time step:  7494
    Solving:  Stress period:     2    Time step:  7495
    Solving:  Stress period:     2    Time step:  7496
    Solving:  Stress period:     2    Time step:  7497
    Solving:  Stress period:     2    Time step:  7498
    Solving:  Stress period:     2    Time step:  7499
    Solving:  Stress period:     2    Time step:  7500
    Solving:  Stress period:     2    Time step:  7501
    Solving:  Stress period:     2    Time step:  7502
    Solving:  Stress period:     2    Time step:  7503
    Solving:  Stress period:     2    Time step:  7504
    Solving:  Stress period:     2    Time step:  7505
    Solving:  Stress period:     2    Time step:  7506
    Solving:  Stress period:     2    Time step:  7507
    Solving:  Stress period:     2    Time step:  7508
    Solving:  Stress period:     2    Time step:  7509
    Solving:  Stress period:     2    Time step:  7510
    Solving:  Stress period:     2    Time step:  7511
    Solving:  Stress period:     2    Time step:  7512
    Solving:  Stress period:     2    Time step:  7513
    Solving:  Stress period:     2    Time step:  7514
    Solving:  Stress period:     2    Time step:  7515
    Solving:  Stress period:     2    Time step:  7516
    Solving:  Stress period:     2    Time step:  7517
    Solving:  Stress period:     2    Time step:  7518
    Solving:  Stress period:     2    Time step:  7519
    Solving:  Stress period:     2    Time step:  7520
    Solving:  Stress period:     2    Time step:  7521
    Solving:  Stress period:     2    Time step:  7522
    Solving:  Stress period:     2    Time step:  7523
    Solving:  Stress period:     2    Time step:  7524
    Solving:  Stress period:     2    Time step:  7525
    Solving:  Stress period:     2    Time step:  7526
    Solving:  Stress period:     2    Time step:  7527
    Solving:  Stress period:     2    Time step:  7528
    Solving:  Stress period:     2    Time step:  7529
    Solving:  Stress period:     2    Time step:  7530
    Solving:  Stress period:     2    Time step:  7531
    Solving:  Stress period:     2    Time step:  7532
    Solving:  Stress period:     2    Time step:  7533
    Solving:  Stress period:     2    Time step:  7534
    Solving:  Stress period:     2    Time step:  7535
    Solving:  Stress period:     2    Time step:  7536
    Solving:  Stress period:     2    Time step:  7537
    Solving:  Stress period:     2    Time step:  7538
    Solving:  Stress period:     2    Time step:  7539
    Solving:  Stress period:     2    Time step:  7540
    Solving:  Stress period:     2    Time step:  7541
    Solving:  Stress period:     2    Time step:  7542
    Solving:  Stress period:     2    Time step:  7543
    Solving:  Stress period:     2    Time step:  7544
    Solving:  Stress period:     2    Time step:  7545
    Solving:  Stress period:     2    Time step:  7546
    Solving:  Stress period:     2    Time step:  7547
    Solving:  Stress period:     2    Time step:  7548
    Solving:  Stress period:     2    Time step:  7549
    Solving:  Stress period:     2    Time step:  7550
    Solving:  Stress period:     2    Time step:  7551
    Solving:  Stress period:     2    Time step:  7552
    Solving:  Stress period:     2    Time step:  7553
    Solving:  Stress period:     2    Time step:  7554
    Solving:  Stress period:     2    Time step:  7555
    Solving:  Stress period:     2    Time step:  7556
    Solving:  Stress period:     2    Time step:  7557
    Solving:  Stress period:     2    Time step:  7558
    Solving:  Stress period:     2    Time step:  7559
    Solving:  Stress period:     2    Time step:  7560
    Solving:  Stress period:     2    Time step:  7561
    Solving:  Stress period:     2    Time step:  7562
    Solving:  Stress period:     2    Time step:  7563
    Solving:  Stress period:     2    Time step:  7564
    Solving:  Stress period:     2    Time step:  7565
    Solving:  Stress period:     2    Time step:  7566
    Solving:  Stress period:     2    Time step:  7567
    Solving:  Stress period:     2    Time step:  7568
    Solving:  Stress period:     2    Time step:  7569
    Solving:  Stress period:     2    Time step:  7570
    Solving:  Stress period:     2    Time step:  7571
    Solving:  Stress period:     2    Time step:  7572
    Solving:  Stress period:     2    Time step:  7573
    Solving:  Stress period:     2    Time step:  7574
    Solving:  Stress period:     2    Time step:  7575
    Solving:  Stress period:     2    Time step:  7576
    Solving:  Stress period:     2    Time step:  7577
    Solving:  Stress period:     2    Time step:  7578
    Solving:  Stress period:     2    Time step:  7579
    Solving:  Stress period:     2    Time step:  7580
    Solving:  Stress period:     2    Time step:  7581
    Solving:  Stress period:     2    Time step:  7582
    Solving:  Stress period:     2    Time step:  7583
    Solving:  Stress period:     2    Time step:  7584
    Solving:  Stress period:     2    Time step:  7585
    Solving:  Stress period:     2    Time step:  7586
    Solving:  Stress period:     2    Time step:  7587
    Solving:  Stress period:     2    Time step:  7588
    Solving:  Stress period:     2    Time step:  7589
    Solving:  Stress period:     2    Time step:  7590
    Solving:  Stress period:     2    Time step:  7591
    Solving:  Stress period:     2    Time step:  7592
    Solving:  Stress period:     2    Time step:  7593
    Solving:  Stress period:     2    Time step:  7594
    Solving:  Stress period:     2    Time step:  7595
    Solving:  Stress period:     2    Time step:  7596
    Solving:  Stress period:     2    Time step:  7597
    Solving:  Stress period:     2    Time step:  7598
    Solving:  Stress period:     2    Time step:  7599
    Solving:  Stress period:     2    Time step:  7600
    Solving:  Stress period:     2    Time step:  7601
    Solving:  Stress period:     2    Time step:  7602
    Solving:  Stress period:     2    Time step:  7603
    Solving:  Stress period:     2    Time step:  7604
    Solving:  Stress period:     2    Time step:  7605
    Solving:  Stress period:     2    Time step:  7606
    Solving:  Stress period:     2    Time step:  7607
    Solving:  Stress period:     2    Time step:  7608
    Solving:  Stress period:     2    Time step:  7609
    Solving:  Stress period:     2    Time step:  7610
    Solving:  Stress period:     2    Time step:  7611
    Solving:  Stress period:     2    Time step:  7612
    Solving:  Stress period:     2    Time step:  7613
    Solving:  Stress period:     2    Time step:  7614
    Solving:  Stress period:     2    Time step:  7615
    Solving:  Stress period:     2    Time step:  7616
    Solving:  Stress period:     2    Time step:  7617
    Solving:  Stress period:     2    Time step:  7618
    Solving:  Stress period:     2    Time step:  7619
    Solving:  Stress period:     2    Time step:  7620
    Solving:  Stress period:     2    Time step:  7621
    Solving:  Stress period:     2    Time step:  7622
    Solving:  Stress period:     2    Time step:  7623
    Solving:  Stress period:     2    Time step:  7624
    Solving:  Stress period:     2    Time step:  7625
    Solving:  Stress period:     2    Time step:  7626
    Solving:  Stress period:     2    Time step:  7627
    Solving:  Stress period:     2    Time step:  7628
    Solving:  Stress period:     2    Time step:  7629
    Solving:  Stress period:     2    Time step:  7630
    Solving:  Stress period:     2    Time step:  7631
    Solving:  Stress period:     2    Time step:  7632
    Solving:  Stress period:     2    Time step:  7633
    Solving:  Stress period:     2    Time step:  7634
    Solving:  Stress period:     2    Time step:  7635
    Solving:  Stress period:     2    Time step:  7636
    Solving:  Stress period:     2    Time step:  7637
    Solving:  Stress period:     2    Time step:  7638
    Solving:  Stress period:     2    Time step:  7639
    Solving:  Stress period:     2    Time step:  7640
    Solving:  Stress period:     2    Time step:  7641
    Solving:  Stress period:     2    Time step:  7642
    Solving:  Stress period:     2    Time step:  7643
    Solving:  Stress period:     2    Time step:  7644
    Solving:  Stress period:     2    Time step:  7645
    Solving:  Stress period:     2    Time step:  7646
    Solving:  Stress period:     2    Time step:  7647
    Solving:  Stress period:     2    Time step:  7648
    Solving:  Stress period:     2    Time step:  7649
    Solving:  Stress period:     2    Time step:  7650
    Solving:  Stress period:     2    Time step:  7651
    Solving:  Stress period:     2    Time step:  7652
    Solving:  Stress period:     2    Time step:  7653
    Solving:  Stress period:     2    Time step:  7654
    Solving:  Stress period:     2    Time step:  7655
    Solving:  Stress period:     2    Time step:  7656
    Solving:  Stress period:     2    Time step:  7657
    Solving:  Stress period:     2    Time step:  7658
    Solving:  Stress period:     2    Time step:  7659
    Solving:  Stress period:     2    Time step:  7660
    Solving:  Stress period:     2    Time step:  7661
    Solving:  Stress period:     2    Time step:  7662
    Solving:  Stress period:     2    Time step:  7663
    Solving:  Stress period:     2    Time step:  7664
    Solving:  Stress period:     2    Time step:  7665
    Solving:  Stress period:     2    Time step:  7666
    Solving:  Stress period:     2    Time step:  7667
    Solving:  Stress period:     2    Time step:  7668
    Solving:  Stress period:     2    Time step:  7669
    Solving:  Stress period:     2    Time step:  7670
    Solving:  Stress period:     2    Time step:  7671
    Solving:  Stress period:     2    Time step:  7672
    Solving:  Stress period:     2    Time step:  7673
    Solving:  Stress period:     2    Time step:  7674
    Solving:  Stress period:     2    Time step:  7675
    Solving:  Stress period:     2    Time step:  7676
    Solving:  Stress period:     2    Time step:  7677
    Solving:  Stress period:     2    Time step:  7678
    Solving:  Stress period:     2    Time step:  7679
    Solving:  Stress period:     2    Time step:  7680
    Solving:  Stress period:     2    Time step:  7681
    Solving:  Stress period:     2    Time step:  7682
    Solving:  Stress period:     2    Time step:  7683
    Solving:  Stress period:     2    Time step:  7684
    Solving:  Stress period:     2    Time step:  7685
    Solving:  Stress period:     2    Time step:  7686
    Solving:  Stress period:     2    Time step:  7687
    Solving:  Stress period:     2    Time step:  7688
    Solving:  Stress period:     2    Time step:  7689
    Solving:  Stress period:     2    Time step:  7690
    Solving:  Stress period:     2    Time step:  7691
    Solving:  Stress period:     2    Time step:  7692
    Solving:  Stress period:     2    Time step:  7693
    Solving:  Stress period:     2    Time step:  7694
    Solving:  Stress period:     2    Time step:  7695
    Solving:  Stress period:     2    Time step:  7696
    Solving:  Stress period:     2    Time step:  7697
    Solving:  Stress period:     2    Time step:  7698
    Solving:  Stress period:     2    Time step:  7699
    Solving:  Stress period:     2    Time step:  7700
    Solving:  Stress period:     2    Time step:  7701
    Solving:  Stress period:     2    Time step:  7702
    Solving:  Stress period:     2    Time step:  7703
    Solving:  Stress period:     2    Time step:  7704
    Solving:  Stress period:     2    Time step:  7705
    Solving:  Stress period:     2    Time step:  7706
    Solving:  Stress period:     2    Time step:  7707
    Solving:  Stress period:     2    Time step:  7708
    Solving:  Stress period:     2    Time step:  7709
    Solving:  Stress period:     2    Time step:  7710
    Solving:  Stress period:     2    Time step:  7711
    Solving:  Stress period:     2    Time step:  7712
    Solving:  Stress period:     2    Time step:  7713
    Solving:  Stress period:     2    Time step:  7714
    Solving:  Stress period:     2    Time step:  7715
    Solving:  Stress period:     2    Time step:  7716
    Solving:  Stress period:     2    Time step:  7717
    Solving:  Stress period:     2    Time step:  7718
    Solving:  Stress period:     2    Time step:  7719
    Solving:  Stress period:     2    Time step:  7720
    Solving:  Stress period:     2    Time step:  7721
    Solving:  Stress period:     2    Time step:  7722
    Solving:  Stress period:     2    Time step:  7723
    Solving:  Stress period:     2    Time step:  7724
    Solving:  Stress period:     2    Time step:  7725
    Solving:  Stress period:     2    Time step:  7726
    Solving:  Stress period:     2    Time step:  7727
    Solving:  Stress period:     2    Time step:  7728
    Solving:  Stress period:     2    Time step:  7729
    Solving:  Stress period:     2    Time step:  7730
    Solving:  Stress period:     2    Time step:  7731
    Solving:  Stress period:     2    Time step:  7732
    Solving:  Stress period:     2    Time step:  7733
    Solving:  Stress period:     2    Time step:  7734
    Solving:  Stress period:     2    Time step:  7735
    Solving:  Stress period:     2    Time step:  7736
    Solving:  Stress period:     2    Time step:  7737
    Solving:  Stress period:     2    Time step:  7738
    Solving:  Stress period:     2    Time step:  7739
    Solving:  Stress period:     2    Time step:  7740
    Solving:  Stress period:     2    Time step:  7741
    Solving:  Stress period:     2    Time step:  7742
    Solving:  Stress period:     2    Time step:  7743
    Solving:  Stress period:     2    Time step:  7744
    Solving:  Stress period:     2    Time step:  7745
    Solving:  Stress period:     2    Time step:  7746
    Solving:  Stress period:     2    Time step:  7747
    Solving:  Stress period:     2    Time step:  7748
    Solving:  Stress period:     2    Time step:  7749
    Solving:  Stress period:     2    Time step:  7750
    Solving:  Stress period:     2    Time step:  7751
    Solving:  Stress period:     2    Time step:  7752
    Solving:  Stress period:     2    Time step:  7753
    Solving:  Stress period:     2    Time step:  7754
    Solving:  Stress period:     2    Time step:  7755
    Solving:  Stress period:     2    Time step:  7756
    Solving:  Stress period:     2    Time step:  7757
    Solving:  Stress period:     2    Time step:  7758
    Solving:  Stress period:     2    Time step:  7759
    Solving:  Stress period:     2    Time step:  7760
    Solving:  Stress period:     2    Time step:  7761
    Solving:  Stress period:     2    Time step:  7762
    Solving:  Stress period:     2    Time step:  7763
    Solving:  Stress period:     2    Time step:  7764
    Solving:  Stress period:     2    Time step:  7765
    Solving:  Stress period:     2    Time step:  7766
    Solving:  Stress period:     2    Time step:  7767
    Solving:  Stress period:     2    Time step:  7768
    Solving:  Stress period:     2    Time step:  7769
    Solving:  Stress period:     2    Time step:  7770
    Solving:  Stress period:     2    Time step:  7771
    Solving:  Stress period:     2    Time step:  7772
    Solving:  Stress period:     2    Time step:  7773
    Solving:  Stress period:     2    Time step:  7774
    Solving:  Stress period:     2    Time step:  7775
    Solving:  Stress period:     2    Time step:  7776
    Solving:  Stress period:     2    Time step:  7777
    Solving:  Stress period:     2    Time step:  7778
    Solving:  Stress period:     2    Time step:  7779
    Solving:  Stress period:     2    Time step:  7780
    Solving:  Stress period:     2    Time step:  7781
    Solving:  Stress period:     2    Time step:  7782
    Solving:  Stress period:     2    Time step:  7783
    Solving:  Stress period:     2    Time step:  7784
    Solving:  Stress period:     2    Time step:  7785
    Solving:  Stress period:     2    Time step:  7786
    Solving:  Stress period:     2    Time step:  7787
    Solving:  Stress period:     2    Time step:  7788
    Solving:  Stress period:     2    Time step:  7789
    Solving:  Stress period:     2    Time step:  7790
    Solving:  Stress period:     2    Time step:  7791
    Solving:  Stress period:     2    Time step:  7792
    Solving:  Stress period:     2    Time step:  7793
    Solving:  Stress period:     2    Time step:  7794
    Solving:  Stress period:     2    Time step:  7795
    Solving:  Stress period:     2    Time step:  7796
    Solving:  Stress period:     2    Time step:  7797
    Solving:  Stress period:     2    Time step:  7798
    Solving:  Stress period:     2    Time step:  7799
    Solving:  Stress period:     2    Time step:  7800
    Solving:  Stress period:     2    Time step:  7801
    Solving:  Stress period:     2    Time step:  7802
    Solving:  Stress period:     2    Time step:  7803
    Solving:  Stress period:     2    Time step:  7804
    Solving:  Stress period:     2    Time step:  7805
    Solving:  Stress period:     2    Time step:  7806
    Solving:  Stress period:     2    Time step:  7807
    Solving:  Stress period:     2    Time step:  7808
    Solving:  Stress period:     2    Time step:  7809
    Solving:  Stress period:     2    Time step:  7810
    Solving:  Stress period:     2    Time step:  7811
    Solving:  Stress period:     2    Time step:  7812
    Solving:  Stress period:     2    Time step:  7813
    Solving:  Stress period:     2    Time step:  7814
    Solving:  Stress period:     2    Time step:  7815
    Solving:  Stress period:     2    Time step:  7816
    Solving:  Stress period:     2    Time step:  7817
    Solving:  Stress period:     2    Time step:  7818
    Solving:  Stress period:     2    Time step:  7819
    Solving:  Stress period:     2    Time step:  7820
    Solving:  Stress period:     2    Time step:  7821
    Solving:  Stress period:     2    Time step:  7822
    Solving:  Stress period:     2    Time step:  7823
    Solving:  Stress period:     2    Time step:  7824
    Solving:  Stress period:     2    Time step:  7825
    Solving:  Stress period:     2    Time step:  7826
    Solving:  Stress period:     2    Time step:  7827
    Solving:  Stress period:     2    Time step:  7828
    Solving:  Stress period:     2    Time step:  7829
    Solving:  Stress period:     2    Time step:  7830
    Solving:  Stress period:     2    Time step:  7831
    Solving:  Stress period:     2    Time step:  7832
    Solving:  Stress period:     2    Time step:  7833
    Solving:  Stress period:     2    Time step:  7834
    Solving:  Stress period:     2    Time step:  7835
    Solving:  Stress period:     2    Time step:  7836
    Solving:  Stress period:     2    Time step:  7837
    Solving:  Stress period:     2    Time step:  7838
    Solving:  Stress period:     2    Time step:  7839
    Solving:  Stress period:     2    Time step:  7840
    Solving:  Stress period:     2    Time step:  7841
    Solving:  Stress period:     2    Time step:  7842
    Solving:  Stress period:     2    Time step:  7843
    Solving:  Stress period:     2    Time step:  7844
    Solving:  Stress period:     2    Time step:  7845
    Solving:  Stress period:     2    Time step:  7846
    Solving:  Stress period:     2    Time step:  7847
    Solving:  Stress period:     2    Time step:  7848
    Solving:  Stress period:     2    Time step:  7849
    Solving:  Stress period:     2    Time step:  7850
    Solving:  Stress period:     2    Time step:  7851
    Solving:  Stress period:     2    Time step:  7852
    Solving:  Stress period:     2    Time step:  7853
    Solving:  Stress period:     2    Time step:  7854
    Solving:  Stress period:     2    Time step:  7855
    Solving:  Stress period:     2    Time step:  7856
    Solving:  Stress period:     2    Time step:  7857
    Solving:  Stress period:     2    Time step:  7858
    Solving:  Stress period:     2    Time step:  7859
    Solving:  Stress period:     2    Time step:  7860
    Solving:  Stress period:     2    Time step:  7861
    Solving:  Stress period:     2    Time step:  7862
    Solving:  Stress period:     2    Time step:  7863
    Solving:  Stress period:     2    Time step:  7864
    Solving:  Stress period:     2    Time step:  7865
    Solving:  Stress period:     2    Time step:  7866
    Solving:  Stress period:     2    Time step:  7867
    Solving:  Stress period:     2    Time step:  7868
    Solving:  Stress period:     2    Time step:  7869
    Solving:  Stress period:     2    Time step:  7870
    Solving:  Stress period:     2    Time step:  7871
    Solving:  Stress period:     2    Time step:  7872
    Solving:  Stress period:     2    Time step:  7873
    Solving:  Stress period:     2    Time step:  7874
    Solving:  Stress period:     2    Time step:  7875
    Solving:  Stress period:     2    Time step:  7876
    Solving:  Stress period:     2    Time step:  7877
    Solving:  Stress period:     2    Time step:  7878
    Solving:  Stress period:     2    Time step:  7879
    Solving:  Stress period:     2    Time step:  7880
    Solving:  Stress period:     2    Time step:  7881
    Solving:  Stress period:     2    Time step:  7882
    Solving:  Stress period:     2    Time step:  7883
    Solving:  Stress period:     2    Time step:  7884
    Solving:  Stress period:     2    Time step:  7885
    Solving:  Stress period:     2    Time step:  7886
    Solving:  Stress period:     2    Time step:  7887
    Solving:  Stress period:     2    Time step:  7888
    Solving:  Stress period:     2    Time step:  7889
    Solving:  Stress period:     2    Time step:  7890
    Solving:  Stress period:     2    Time step:  7891
    Solving:  Stress period:     2    Time step:  7892
    Solving:  Stress period:     2    Time step:  7893
    Solving:  Stress period:     2    Time step:  7894
    Solving:  Stress period:     2    Time step:  7895
    Solving:  Stress period:     2    Time step:  7896
    Solving:  Stress period:     2    Time step:  7897
    Solving:  Stress period:     2    Time step:  7898
    Solving:  Stress period:     2    Time step:  7899
    Solving:  Stress period:     2    Time step:  7900
    Solving:  Stress period:     2    Time step:  7901
    Solving:  Stress period:     2    Time step:  7902
    Solving:  Stress period:     2    Time step:  7903
    Solving:  Stress period:     2    Time step:  7904
    Solving:  Stress period:     2    Time step:  7905
    Solving:  Stress period:     2    Time step:  7906
    Solving:  Stress period:     2    Time step:  7907
    Solving:  Stress period:     2    Time step:  7908
    Solving:  Stress period:     2    Time step:  7909
    Solving:  Stress period:     2    Time step:  7910
    Solving:  Stress period:     2    Time step:  7911
    Solving:  Stress period:     2    Time step:  7912
    Solving:  Stress period:     2    Time step:  7913
    Solving:  Stress period:     2    Time step:  7914
    Solving:  Stress period:     2    Time step:  7915
    Solving:  Stress period:     2    Time step:  7916
    Solving:  Stress period:     2    Time step:  7917
    Solving:  Stress period:     2    Time step:  7918
    Solving:  Stress period:     2    Time step:  7919
    Solving:  Stress period:     2    Time step:  7920
    Solving:  Stress period:     2    Time step:  7921
    Solving:  Stress period:     2    Time step:  7922
    Solving:  Stress period:     2    Time step:  7923
    Solving:  Stress period:     2    Time step:  7924
    Solving:  Stress period:     2    Time step:  7925
    Solving:  Stress period:     2    Time step:  7926
    Solving:  Stress period:     2    Time step:  7927
    Solving:  Stress period:     2    Time step:  7928
    Solving:  Stress period:     2    Time step:  7929
    Solving:  Stress period:     2    Time step:  7930
    Solving:  Stress period:     2    Time step:  7931
    Solving:  Stress period:     2    Time step:  7932
    Solving:  Stress period:     2    Time step:  7933
    Solving:  Stress period:     2    Time step:  7934
    Solving:  Stress period:     2    Time step:  7935
    Solving:  Stress period:     2    Time step:  7936
    Solving:  Stress period:     2    Time step:  7937
    Solving:  Stress period:     2    Time step:  7938
    Solving:  Stress period:     2    Time step:  7939
    Solving:  Stress period:     2    Time step:  7940
    Solving:  Stress period:     2    Time step:  7941
    Solving:  Stress period:     2    Time step:  7942
    Solving:  Stress period:     2    Time step:  7943
    Solving:  Stress period:     2    Time step:  7944
    Solving:  Stress period:     2    Time step:  7945
    Solving:  Stress period:     2    Time step:  7946
    Solving:  Stress period:     2    Time step:  7947
    Solving:  Stress period:     2    Time step:  7948
    Solving:  Stress period:     2    Time step:  7949
    Solving:  Stress period:     2    Time step:  7950
    Solving:  Stress period:     2    Time step:  7951
    Solving:  Stress period:     2    Time step:  7952
    Solving:  Stress period:     2    Time step:  7953
    Solving:  Stress period:     2    Time step:  7954
    Solving:  Stress period:     2    Time step:  7955
    Solving:  Stress period:     2    Time step:  7956
    Solving:  Stress period:     2    Time step:  7957
    Solving:  Stress period:     2    Time step:  7958
    Solving:  Stress period:     2    Time step:  7959
    Solving:  Stress period:     2    Time step:  7960
    Solving:  Stress period:     2    Time step:  7961
    Solving:  Stress period:     2    Time step:  7962
    Solving:  Stress period:     2    Time step:  7963
    Solving:  Stress period:     2    Time step:  7964
    Solving:  Stress period:     2    Time step:  7965
    Solving:  Stress period:     2    Time step:  7966
    Solving:  Stress period:     2    Time step:  7967
    Solving:  Stress period:     2    Time step:  7968
    Solving:  Stress period:     2    Time step:  7969
    Solving:  Stress period:     2    Time step:  7970
    Solving:  Stress period:     2    Time step:  7971
    Solving:  Stress period:     2    Time step:  7972
    Solving:  Stress period:     2    Time step:  7973
    Solving:  Stress period:     2    Time step:  7974
    Solving:  Stress period:     2    Time step:  7975
    Solving:  Stress period:     2    Time step:  7976
    Solving:  Stress period:     2    Time step:  7977
    Solving:  Stress period:     2    Time step:  7978
    Solving:  Stress period:     2    Time step:  7979
    Solving:  Stress period:     2    Time step:  7980
    Solving:  Stress period:     2    Time step:  7981
    Solving:  Stress period:     2    Time step:  7982
    Solving:  Stress period:     2    Time step:  7983
    Solving:  Stress period:     2    Time step:  7984
    Solving:  Stress period:     2    Time step:  7985
    Solving:  Stress period:     2    Time step:  7986
    Solving:  Stress period:     2    Time step:  7987
    Solving:  Stress period:     2    Time step:  7988
    Solving:  Stress period:     2    Time step:  7989
    Solving:  Stress period:     2    Time step:  7990
    Solving:  Stress period:     2    Time step:  7991
    Solving:  Stress period:     2    Time step:  7992
    Solving:  Stress period:     2    Time step:  7993
    Solving:  Stress period:     2    Time step:  7994
    Solving:  Stress period:     2    Time step:  7995
    Solving:  Stress period:     2    Time step:  7996
    Solving:  Stress period:     2    Time step:  7997
    Solving:  Stress period:     2    Time step:  7998
    Solving:  Stress period:     2    Time step:  7999
    Solving:  Stress period:     2    Time step:  8000
    Solving:  Stress period:     2    Time step:  8001
    Solving:  Stress period:     2    Time step:  8002
    Solving:  Stress period:     2    Time step:  8003
    Solving:  Stress period:     2    Time step:  8004
    Solving:  Stress period:     2    Time step:  8005
    Solving:  Stress period:     2    Time step:  8006
    Solving:  Stress period:     2    Time step:  8007
    Solving:  Stress period:     2    Time step:  8008
    Solving:  Stress period:     2    Time step:  8009
    Solving:  Stress period:     2    Time step:  8010
    Solving:  Stress period:     2    Time step:  8011
    Solving:  Stress period:     2    Time step:  8012
    Solving:  Stress period:     2    Time step:  8013
    Solving:  Stress period:     2    Time step:  8014
    Solving:  Stress period:     2    Time step:  8015
    Solving:  Stress period:     2    Time step:  8016
    Solving:  Stress period:     2    Time step:  8017
    Solving:  Stress period:     2    Time step:  8018
    Solving:  Stress period:     2    Time step:  8019
    Solving:  Stress period:     2    Time step:  8020
    Solving:  Stress period:     2    Time step:  8021
    Solving:  Stress period:     2    Time step:  8022
    Solving:  Stress period:     2    Time step:  8023
    Solving:  Stress period:     2    Time step:  8024
    Solving:  Stress period:     2    Time step:  8025
    Solving:  Stress period:     2    Time step:  8026
    Solving:  Stress period:     2    Time step:  8027
    Solving:  Stress period:     2    Time step:  8028
    Solving:  Stress period:     2    Time step:  8029
    Solving:  Stress period:     2    Time step:  8030
    Solving:  Stress period:     2    Time step:  8031
    Solving:  Stress period:     2    Time step:  8032
    Solving:  Stress period:     2    Time step:  8033
    Solving:  Stress period:     2    Time step:  8034
    Solving:  Stress period:     2    Time step:  8035
    Solving:  Stress period:     2    Time step:  8036
    Solving:  Stress period:     2    Time step:  8037
    Solving:  Stress period:     2    Time step:  8038
    Solving:  Stress period:     2    Time step:  8039
    Solving:  Stress period:     2    Time step:  8040
    Solving:  Stress period:     2    Time step:  8041
    Solving:  Stress period:     2    Time step:  8042
    Solving:  Stress period:     2    Time step:  8043
    Solving:  Stress period:     2    Time step:  8044
    Solving:  Stress period:     2    Time step:  8045
    Solving:  Stress period:     2    Time step:  8046
    Solving:  Stress period:     2    Time step:  8047
    Solving:  Stress period:     2    Time step:  8048
    Solving:  Stress period:     2    Time step:  8049
    Solving:  Stress period:     2    Time step:  8050
    Solving:  Stress period:     2    Time step:  8051
    Solving:  Stress period:     2    Time step:  8052
    Solving:  Stress period:     2    Time step:  8053
    Solving:  Stress period:     2    Time step:  8054
    Solving:  Stress period:     2    Time step:  8055
    Solving:  Stress period:     2    Time step:  8056
    Solving:  Stress period:     2    Time step:  8057
    Solving:  Stress period:     2    Time step:  8058
    Solving:  Stress period:     2    Time step:  8059
    Solving:  Stress period:     2    Time step:  8060
    Solving:  Stress period:     2    Time step:  8061
    Solving:  Stress period:     2    Time step:  8062
    Solving:  Stress period:     2    Time step:  8063
    Solving:  Stress period:     2    Time step:  8064
    Solving:  Stress period:     2    Time step:  8065
    Solving:  Stress period:     2    Time step:  8066
    Solving:  Stress period:     2    Time step:  8067
    Solving:  Stress period:     2    Time step:  8068
    Solving:  Stress period:     2    Time step:  8069
    Solving:  Stress period:     2    Time step:  8070
    Solving:  Stress period:     2    Time step:  8071
    Solving:  Stress period:     2    Time step:  8072
    Solving:  Stress period:     2    Time step:  8073
    Solving:  Stress period:     2    Time step:  8074
    Solving:  Stress period:     2    Time step:  8075
    Solving:  Stress period:     2    Time step:  8076
    Solving:  Stress period:     2    Time step:  8077
    Solving:  Stress period:     2    Time step:  8078
    Solving:  Stress period:     2    Time step:  8079
    Solving:  Stress period:     2    Time step:  8080
    Solving:  Stress period:     2    Time step:  8081
    Solving:  Stress period:     2    Time step:  8082
    Solving:  Stress period:     2    Time step:  8083
    Solving:  Stress period:     2    Time step:  8084
    Solving:  Stress period:     2    Time step:  8085
    Solving:  Stress period:     2    Time step:  8086
    Solving:  Stress period:     2    Time step:  8087
    Solving:  Stress period:     2    Time step:  8088
    Solving:  Stress period:     2    Time step:  8089
    Solving:  Stress period:     2    Time step:  8090
    Solving:  Stress period:     2    Time step:  8091
    Solving:  Stress period:     2    Time step:  8092
    Solving:  Stress period:     2    Time step:  8093
    Solving:  Stress period:     2    Time step:  8094
    Solving:  Stress period:     2    Time step:  8095
    Solving:  Stress period:     2    Time step:  8096
    Solving:  Stress period:     2    Time step:  8097
    Solving:  Stress period:     2    Time step:  8098
    Solving:  Stress period:     2    Time step:  8099
    Solving:  Stress period:     2    Time step:  8100
    Solving:  Stress period:     2    Time step:  8101
    Solving:  Stress period:     2    Time step:  8102
    Solving:  Stress period:     2    Time step:  8103
    Solving:  Stress period:     2    Time step:  8104
    Solving:  Stress period:     2    Time step:  8105
    Solving:  Stress period:     2    Time step:  8106
    Solving:  Stress period:     2    Time step:  8107
    Solving:  Stress period:     2    Time step:  8108
    Solving:  Stress period:     2    Time step:  8109
    Solving:  Stress period:     2    Time step:  8110
    Solving:  Stress period:     2    Time step:  8111
    Solving:  Stress period:     2    Time step:  8112
    Solving:  Stress period:     2    Time step:  8113
    Solving:  Stress period:     2    Time step:  8114
    Solving:  Stress period:     2    Time step:  8115
    Solving:  Stress period:     2    Time step:  8116
    Solving:  Stress period:     2    Time step:  8117
    Solving:  Stress period:     2    Time step:  8118
    Solving:  Stress period:     2    Time step:  8119
    Solving:  Stress period:     2    Time step:  8120
    Solving:  Stress period:     2    Time step:  8121
    Solving:  Stress period:     2    Time step:  8122
    Solving:  Stress period:     2    Time step:  8123
    Solving:  Stress period:     2    Time step:  8124
    Solving:  Stress period:     2    Time step:  8125
    Solving:  Stress period:     2    Time step:  8126
    Solving:  Stress period:     2    Time step:  8127
    Solving:  Stress period:     2    Time step:  8128
    Solving:  Stress period:     2    Time step:  8129
    Solving:  Stress period:     2    Time step:  8130
    Solving:  Stress period:     2    Time step:  8131
    Solving:  Stress period:     2    Time step:  8132
    Solving:  Stress period:     2    Time step:  8133
    Solving:  Stress period:     2    Time step:  8134
    Solving:  Stress period:     2    Time step:  8135
    Solving:  Stress period:     2    Time step:  8136
    Solving:  Stress period:     2    Time step:  8137
    Solving:  Stress period:     2    Time step:  8138
    Solving:  Stress period:     2    Time step:  8139
    Solving:  Stress period:     2    Time step:  8140
    Solving:  Stress period:     2    Time step:  8141
    Solving:  Stress period:     2    Time step:  8142
    Solving:  Stress period:     2    Time step:  8143
    Solving:  Stress period:     2    Time step:  8144
    Solving:  Stress period:     2    Time step:  8145
    Solving:  Stress period:     2    Time step:  8146
    Solving:  Stress period:     2    Time step:  8147
    Solving:  Stress period:     2    Time step:  8148
    Solving:  Stress period:     2    Time step:  8149
    Solving:  Stress period:     2    Time step:  8150
    Solving:  Stress period:     2    Time step:  8151
    Solving:  Stress period:     2    Time step:  8152
    Solving:  Stress period:     2    Time step:  8153
    Solving:  Stress period:     2    Time step:  8154
    Solving:  Stress period:     2    Time step:  8155
    Solving:  Stress period:     2    Time step:  8156
    Solving:  Stress period:     2    Time step:  8157
    Solving:  Stress period:     2    Time step:  8158
    Solving:  Stress period:     2    Time step:  8159
    Solving:  Stress period:     2    Time step:  8160
    Solving:  Stress period:     2    Time step:  8161
    Solving:  Stress period:     2    Time step:  8162
    Solving:  Stress period:     2    Time step:  8163
    Solving:  Stress period:     2    Time step:  8164
    Solving:  Stress period:     2    Time step:  8165
    Solving:  Stress period:     2    Time step:  8166
    Solving:  Stress period:     2    Time step:  8167
    Solving:  Stress period:     2    Time step:  8168
    Solving:  Stress period:     2    Time step:  8169
    Solving:  Stress period:     2    Time step:  8170
    Solving:  Stress period:     2    Time step:  8171
    Solving:  Stress period:     2    Time step:  8172
    Solving:  Stress period:     2    Time step:  8173
    Solving:  Stress period:     2    Time step:  8174
    Solving:  Stress period:     2    Time step:  8175
    Solving:  Stress period:     2    Time step:  8176
    Solving:  Stress period:     2    Time step:  8177
    Solving:  Stress period:     2    Time step:  8178
    Solving:  Stress period:     2    Time step:  8179
    Solving:  Stress period:     2    Time step:  8180
    Solving:  Stress period:     2    Time step:  8181
    Solving:  Stress period:     2    Time step:  8182
    Solving:  Stress period:     2    Time step:  8183
    Solving:  Stress period:     2    Time step:  8184
    Solving:  Stress period:     2    Time step:  8185
    Solving:  Stress period:     2    Time step:  8186
    Solving:  Stress period:     2    Time step:  8187
    Solving:  Stress period:     2    Time step:  8188
    Solving:  Stress period:     2    Time step:  8189
    Solving:  Stress period:     2    Time step:  8190
    Solving:  Stress period:     2    Time step:  8191
    Solving:  Stress period:     2    Time step:  8192
    Solving:  Stress period:     2    Time step:  8193
    Solving:  Stress period:     2    Time step:  8194
    Solving:  Stress period:     2    Time step:  8195
    Solving:  Stress period:     2    Time step:  8196
    Solving:  Stress period:     2    Time step:  8197
    Solving:  Stress period:     2    Time step:  8198
    Solving:  Stress period:     2    Time step:  8199
    Solving:  Stress period:     2    Time step:  8200
    Solving:  Stress period:     2    Time step:  8201
    Solving:  Stress period:     2    Time step:  8202
    Solving:  Stress period:     2    Time step:  8203
    Solving:  Stress period:     2    Time step:  8204
    Solving:  Stress period:     2    Time step:  8205
    Solving:  Stress period:     2    Time step:  8206
    Solving:  Stress period:     2    Time step:  8207
    Solving:  Stress period:     2    Time step:  8208
    Solving:  Stress period:     2    Time step:  8209
    Solving:  Stress period:     2    Time step:  8210
    Solving:  Stress period:     2    Time step:  8211
    Solving:  Stress period:     2    Time step:  8212
    Solving:  Stress period:     2    Time step:  8213
    Solving:  Stress period:     2    Time step:  8214
    Solving:  Stress period:     2    Time step:  8215
    Solving:  Stress period:     2    Time step:  8216
    Solving:  Stress period:     2    Time step:  8217
    Solving:  Stress period:     2    Time step:  8218
    Solving:  Stress period:     2    Time step:  8219
    Solving:  Stress period:     2    Time step:  8220
    Solving:  Stress period:     2    Time step:  8221
    Solving:  Stress period:     2    Time step:  8222
    Solving:  Stress period:     2    Time step:  8223
    Solving:  Stress period:     2    Time step:  8224
    Solving:  Stress period:     2    Time step:  8225
    Solving:  Stress period:     2    Time step:  8226
    Solving:  Stress period:     2    Time step:  8227
    Solving:  Stress period:     2    Time step:  8228
    Solving:  Stress period:     2    Time step:  8229
    Solving:  Stress period:     2    Time step:  8230
    Solving:  Stress period:     2    Time step:  8231
    Solving:  Stress period:     2    Time step:  8232
    Solving:  Stress period:     2    Time step:  8233
    Solving:  Stress period:     2    Time step:  8234
    Solving:  Stress period:     2    Time step:  8235
    Solving:  Stress period:     2    Time step:  8236
    Solving:  Stress period:     2    Time step:  8237
    Solving:  Stress period:     2    Time step:  8238
    Solving:  Stress period:     2    Time step:  8239
    Solving:  Stress period:     2    Time step:  8240
    Solving:  Stress period:     2    Time step:  8241
    Solving:  Stress period:     2    Time step:  8242
    Solving:  Stress period:     2    Time step:  8243
    Solving:  Stress period:     2    Time step:  8244
    Solving:  Stress period:     2    Time step:  8245
    Solving:  Stress period:     2    Time step:  8246
    Solving:  Stress period:     2    Time step:  8247
    Solving:  Stress period:     2    Time step:  8248
    Solving:  Stress period:     2    Time step:  8249
    Solving:  Stress period:     2    Time step:  8250
    Solving:  Stress period:     2    Time step:  8251
    Solving:  Stress period:     2    Time step:  8252
    Solving:  Stress period:     2    Time step:  8253
    Solving:  Stress period:     2    Time step:  8254
    Solving:  Stress period:     2    Time step:  8255
    Solving:  Stress period:     2    Time step:  8256
    Solving:  Stress period:     2    Time step:  8257
    Solving:  Stress period:     2    Time step:  8258
    Solving:  Stress period:     2    Time step:  8259
    Solving:  Stress period:     2    Time step:  8260
    Solving:  Stress period:     2    Time step:  8261
    Solving:  Stress period:     2    Time step:  8262
    Solving:  Stress period:     2    Time step:  8263
    Solving:  Stress period:     2    Time step:  8264
    Solving:  Stress period:     2    Time step:  8265
    Solving:  Stress period:     2    Time step:  8266
    Solving:  Stress period:     2    Time step:  8267
    Solving:  Stress period:     2    Time step:  8268
    Solving:  Stress period:     2    Time step:  8269
    Solving:  Stress period:     2    Time step:  8270
    Solving:  Stress period:     2    Time step:  8271
    Solving:  Stress period:     2    Time step:  8272
    Solving:  Stress period:     2    Time step:  8273
    Solving:  Stress period:     2    Time step:  8274
    Solving:  Stress period:     2    Time step:  8275
    Solving:  Stress period:     2    Time step:  8276
    Solving:  Stress period:     2    Time step:  8277
    Solving:  Stress period:     2    Time step:  8278
    Solving:  Stress period:     2    Time step:  8279
    Solving:  Stress period:     2    Time step:  8280
    Solving:  Stress period:     2    Time step:  8281
    Solving:  Stress period:     2    Time step:  8282
    Solving:  Stress period:     2    Time step:  8283
    Solving:  Stress period:     2    Time step:  8284
    Solving:  Stress period:     2    Time step:  8285
    Solving:  Stress period:     2    Time step:  8286
    Solving:  Stress period:     2    Time step:  8287
    Solving:  Stress period:     2    Time step:  8288
    Solving:  Stress period:     2    Time step:  8289
    Solving:  Stress period:     2    Time step:  8290
    Solving:  Stress period:     2    Time step:  8291
    Solving:  Stress period:     2    Time step:  8292
    Solving:  Stress period:     2    Time step:  8293
    Solving:  Stress period:     2    Time step:  8294
    Solving:  Stress period:     2    Time step:  8295
    Solving:  Stress period:     2    Time step:  8296
    Solving:  Stress period:     2    Time step:  8297
    Solving:  Stress period:     2    Time step:  8298
    Solving:  Stress period:     2    Time step:  8299
    Solving:  Stress period:     2    Time step:  8300
    Solving:  Stress period:     2    Time step:  8301
    Solving:  Stress period:     2    Time step:  8302
    Solving:  Stress period:     2    Time step:  8303
    Solving:  Stress period:     2    Time step:  8304
    Solving:  Stress period:     2    Time step:  8305
    Solving:  Stress period:     2    Time step:  8306
    Solving:  Stress period:     2    Time step:  8307
    Solving:  Stress period:     2    Time step:  8308
    Solving:  Stress period:     2    Time step:  8309
    Solving:  Stress period:     2    Time step:  8310
    Solving:  Stress period:     2    Time step:  8311
    Solving:  Stress period:     2    Time step:  8312
    Solving:  Stress period:     2    Time step:  8313
    Solving:  Stress period:     2    Time step:  8314
    Solving:  Stress period:     2    Time step:  8315
    Solving:  Stress period:     2    Time step:  8316
    Solving:  Stress period:     2    Time step:  8317
    Solving:  Stress period:     2    Time step:  8318
    Solving:  Stress period:     2    Time step:  8319
    Solving:  Stress period:     2    Time step:  8320
    Solving:  Stress period:     2    Time step:  8321
    Solving:  Stress period:     2    Time step:  8322
    Solving:  Stress period:     2    Time step:  8323
    Solving:  Stress period:     2    Time step:  8324
    Solving:  Stress period:     2    Time step:  8325
    Solving:  Stress period:     2    Time step:  8326
    Solving:  Stress period:     2    Time step:  8327
    Solving:  Stress period:     2    Time step:  8328
    Solving:  Stress period:     2    Time step:  8329
    Solving:  Stress period:     2    Time step:  8330
    Solving:  Stress period:     2    Time step:  8331
    Solving:  Stress period:     2    Time step:  8332
    Solving:  Stress period:     2    Time step:  8333
    Solving:  Stress period:     2    Time step:  8334
    Solving:  Stress period:     2    Time step:  8335
    Solving:  Stress period:     2    Time step:  8336
    Solving:  Stress period:     2    Time step:  8337
    Solving:  Stress period:     2    Time step:  8338
    Solving:  Stress period:     2    Time step:  8339
    Solving:  Stress period:     2    Time step:  8340
    Solving:  Stress period:     2    Time step:  8341
    Solving:  Stress period:     2    Time step:  8342
    Solving:  Stress period:     2    Time step:  8343
    Solving:  Stress period:     2    Time step:  8344
    Solving:  Stress period:     2    Time step:  8345
    Solving:  Stress period:     2    Time step:  8346
    Solving:  Stress period:     2    Time step:  8347
    Solving:  Stress period:     2    Time step:  8348
    Solving:  Stress period:     2    Time step:  8349
    Solving:  Stress period:     2    Time step:  8350
    Solving:  Stress period:     2    Time step:  8351
    Solving:  Stress period:     2    Time step:  8352
    Solving:  Stress period:     2    Time step:  8353
    Solving:  Stress period:     2    Time step:  8354
    Solving:  Stress period:     2    Time step:  8355
    Solving:  Stress period:     2    Time step:  8356
    Solving:  Stress period:     2    Time step:  8357
    Solving:  Stress period:     2    Time step:  8358
    Solving:  Stress period:     2    Time step:  8359
    Solving:  Stress period:     2    Time step:  8360
    Solving:  Stress period:     2    Time step:  8361
    Solving:  Stress period:     2    Time step:  8362
    Solving:  Stress period:     2    Time step:  8363
    Solving:  Stress period:     2    Time step:  8364
    Solving:  Stress period:     2    Time step:  8365
    Solving:  Stress period:     2    Time step:  8366
    Solving:  Stress period:     2    Time step:  8367
    Solving:  Stress period:     2    Time step:  8368
    Solving:  Stress period:     2    Time step:  8369
    Solving:  Stress period:     2    Time step:  8370
    Solving:  Stress period:     2    Time step:  8371
    Solving:  Stress period:     2    Time step:  8372
    Solving:  Stress period:     2    Time step:  8373
    Solving:  Stress period:     2    Time step:  8374
    Solving:  Stress period:     2    Time step:  8375
    Solving:  Stress period:     2    Time step:  8376
    Solving:  Stress period:     2    Time step:  8377
    Solving:  Stress period:     2    Time step:  8378
    Solving:  Stress period:     2    Time step:  8379
    Solving:  Stress period:     2    Time step:  8380
    Solving:  Stress period:     2    Time step:  8381
    Solving:  Stress period:     2    Time step:  8382
    Solving:  Stress period:     2    Time step:  8383
    Solving:  Stress period:     2    Time step:  8384
    Solving:  Stress period:     2    Time step:  8385
    Solving:  Stress period:     2    Time step:  8386
    Solving:  Stress period:     2    Time step:  8387
    Solving:  Stress period:     2    Time step:  8388
    Solving:  Stress period:     2    Time step:  8389
    Solving:  Stress period:     2    Time step:  8390
    Solving:  Stress period:     2    Time step:  8391
    Solving:  Stress period:     2    Time step:  8392
    Solving:  Stress period:     2    Time step:  8393
    Solving:  Stress period:     2    Time step:  8394
    Solving:  Stress period:     2    Time step:  8395
    Solving:  Stress period:     2    Time step:  8396
    Solving:  Stress period:     2    Time step:  8397
    Solving:  Stress period:     2    Time step:  8398
    Solving:  Stress period:     2    Time step:  8399
    Solving:  Stress period:     2    Time step:  8400
    Solving:  Stress period:     2    Time step:  8401
    Solving:  Stress period:     2    Time step:  8402
    Solving:  Stress period:     2    Time step:  8403
    Solving:  Stress period:     2    Time step:  8404
    Solving:  Stress period:     2    Time step:  8405
    Solving:  Stress period:     2    Time step:  8406
    Solving:  Stress period:     2    Time step:  8407
    Solving:  Stress period:     2    Time step:  8408
    Solving:  Stress period:     2    Time step:  8409
    Solving:  Stress period:     2    Time step:  8410
    Solving:  Stress period:     2    Time step:  8411
    Solving:  Stress period:     2    Time step:  8412
    Solving:  Stress period:     2    Time step:  8413
    Solving:  Stress period:     2    Time step:  8414
    Solving:  Stress period:     2    Time step:  8415
    Solving:  Stress period:     2    Time step:  8416
    Solving:  Stress period:     2    Time step:  8417
    Solving:  Stress period:     2    Time step:  8418
    Solving:  Stress period:     2    Time step:  8419
    Solving:  Stress period:     2    Time step:  8420
    Solving:  Stress period:     2    Time step:  8421
    Solving:  Stress period:     2    Time step:  8422
    Solving:  Stress period:     2    Time step:  8423
    Solving:  Stress period:     2    Time step:  8424
    Solving:  Stress period:     2    Time step:  8425
    Solving:  Stress period:     2    Time step:  8426
    Solving:  Stress period:     2    Time step:  8427
    Solving:  Stress period:     2    Time step:  8428
    Solving:  Stress period:     2    Time step:  8429
    Solving:  Stress period:     2    Time step:  8430
    Solving:  Stress period:     2    Time step:  8431
    Solving:  Stress period:     2    Time step:  8432
    Solving:  Stress period:     2    Time step:  8433
    Solving:  Stress period:     2    Time step:  8434
    Solving:  Stress period:     2    Time step:  8435
    Solving:  Stress period:     2    Time step:  8436
    Solving:  Stress period:     2    Time step:  8437
    Solving:  Stress period:     2    Time step:  8438
    Solving:  Stress period:     2    Time step:  8439
    Solving:  Stress period:     2    Time step:  8440
    Solving:  Stress period:     2    Time step:  8441
    Solving:  Stress period:     2    Time step:  8442
    Solving:  Stress period:     2    Time step:  8443
    Solving:  Stress period:     2    Time step:  8444
    Solving:  Stress period:     2    Time step:  8445
    Solving:  Stress period:     2    Time step:  8446
    Solving:  Stress period:     2    Time step:  8447
    Solving:  Stress period:     2    Time step:  8448
    Solving:  Stress period:     2    Time step:  8449
    Solving:  Stress period:     2    Time step:  8450
    Solving:  Stress period:     2    Time step:  8451
    Solving:  Stress period:     2    Time step:  8452
    Solving:  Stress period:     2    Time step:  8453
    Solving:  Stress period:     2    Time step:  8454
    Solving:  Stress period:     2    Time step:  8455
    Solving:  Stress period:     2    Time step:  8456
    Solving:  Stress period:     2    Time step:  8457
    Solving:  Stress period:     2    Time step:  8458
    Solving:  Stress period:     2    Time step:  8459
    Solving:  Stress period:     2    Time step:  8460
    Solving:  Stress period:     2    Time step:  8461
    Solving:  Stress period:     2    Time step:  8462
    Solving:  Stress period:     2    Time step:  8463
    Solving:  Stress period:     2    Time step:  8464
    Solving:  Stress period:     2    Time step:  8465
    Solving:  Stress period:     2    Time step:  8466
    Solving:  Stress period:     2    Time step:  8467
    Solving:  Stress period:     2    Time step:  8468
    Solving:  Stress period:     2    Time step:  8469
    Solving:  Stress period:     2    Time step:  8470
    Solving:  Stress period:     2    Time step:  8471
    Solving:  Stress period:     2    Time step:  8472
    Solving:  Stress period:     2    Time step:  8473
    Solving:  Stress period:     2    Time step:  8474
    Solving:  Stress period:     2    Time step:  8475
    Solving:  Stress period:     2    Time step:  8476
    Solving:  Stress period:     2    Time step:  8477
    Solving:  Stress period:     2    Time step:  8478
    Solving:  Stress period:     2    Time step:  8479
    Solving:  Stress period:     2    Time step:  8480
    Solving:  Stress period:     2    Time step:  8481
    Solving:  Stress period:     2    Time step:  8482
    Solving:  Stress period:     2    Time step:  8483
    Solving:  Stress period:     2    Time step:  8484
    Solving:  Stress period:     2    Time step:  8485
    Solving:  Stress period:     2    Time step:  8486
    Solving:  Stress period:     2    Time step:  8487
    Solving:  Stress period:     2    Time step:  8488
    Solving:  Stress period:     2    Time step:  8489
    Solving:  Stress period:     2    Time step:  8490
    Solving:  Stress period:     2    Time step:  8491
    Solving:  Stress period:     2    Time step:  8492
    Solving:  Stress period:     2    Time step:  8493
    Solving:  Stress period:     2    Time step:  8494
    Solving:  Stress period:     2    Time step:  8495
    Solving:  Stress period:     2    Time step:  8496
    Solving:  Stress period:     2    Time step:  8497
    Solving:  Stress period:     2    Time step:  8498
    Solving:  Stress period:     2    Time step:  8499
    Solving:  Stress period:     2    Time step:  8500
    Solving:  Stress period:     2    Time step:  8501
    Solving:  Stress period:     2    Time step:  8502
    Solving:  Stress period:     2    Time step:  8503
    Solving:  Stress period:     2    Time step:  8504
    Solving:  Stress period:     2    Time step:  8505
    Solving:  Stress period:     2    Time step:  8506
    Solving:  Stress period:     2    Time step:  8507
    Solving:  Stress period:     2    Time step:  8508
    Solving:  Stress period:     2    Time step:  8509
    Solving:  Stress period:     2    Time step:  8510
    Solving:  Stress period:     2    Time step:  8511
    Solving:  Stress period:     2    Time step:  8512
    Solving:  Stress period:     2    Time step:  8513
    Solving:  Stress period:     2    Time step:  8514
    Solving:  Stress period:     2    Time step:  8515
    Solving:  Stress period:     2    Time step:  8516
    Solving:  Stress period:     2    Time step:  8517
    Solving:  Stress period:     2    Time step:  8518
    Solving:  Stress period:     2    Time step:  8519
    Solving:  Stress period:     2    Time step:  8520
    Solving:  Stress period:     2    Time step:  8521
    Solving:  Stress period:     2    Time step:  8522
    Solving:  Stress period:     2    Time step:  8523
    Solving:  Stress period:     2    Time step:  8524
    Solving:  Stress period:     2    Time step:  8525
    Solving:  Stress period:     2    Time step:  8526
    Solving:  Stress period:     2    Time step:  8527
    Solving:  Stress period:     2    Time step:  8528
    Solving:  Stress period:     2    Time step:  8529
    Solving:  Stress period:     2    Time step:  8530
    Solving:  Stress period:     2    Time step:  8531
    Solving:  Stress period:     2    Time step:  8532
    Solving:  Stress period:     2    Time step:  8533
    Solving:  Stress period:     2    Time step:  8534
    Solving:  Stress period:     2    Time step:  8535
    Solving:  Stress period:     2    Time step:  8536
    Solving:  Stress period:     2    Time step:  8537
    Solving:  Stress period:     2    Time step:  8538
    Solving:  Stress period:     2    Time step:  8539
    Solving:  Stress period:     2    Time step:  8540
    Solving:  Stress period:     2    Time step:  8541
    Solving:  Stress period:     2    Time step:  8542
    Solving:  Stress period:     2    Time step:  8543
    Solving:  Stress period:     2    Time step:  8544
    Solving:  Stress period:     2    Time step:  8545
    Solving:  Stress period:     2    Time step:  8546
    Solving:  Stress period:     2    Time step:  8547
    Solving:  Stress period:     2    Time step:  8548
    Solving:  Stress period:     2    Time step:  8549
    Solving:  Stress period:     2    Time step:  8550
    Solving:  Stress period:     2    Time step:  8551
    Solving:  Stress period:     2    Time step:  8552
    Solving:  Stress period:     2    Time step:  8553
    Solving:  Stress period:     2    Time step:  8554
    Solving:  Stress period:     2    Time step:  8555
    Solving:  Stress period:     2    Time step:  8556
    Solving:  Stress period:     2    Time step:  8557
    Solving:  Stress period:     2    Time step:  8558
    Solving:  Stress period:     2    Time step:  8559
    Solving:  Stress period:     2    Time step:  8560
    Solving:  Stress period:     2    Time step:  8561
    Solving:  Stress period:     2    Time step:  8562
    Solving:  Stress period:     2    Time step:  8563
    Solving:  Stress period:     2    Time step:  8564
    Solving:  Stress period:     2    Time step:  8565
    Solving:  Stress period:     2    Time step:  8566
    Solving:  Stress period:     2    Time step:  8567
    Solving:  Stress period:     2    Time step:  8568
    Solving:  Stress period:     2    Time step:  8569
    Solving:  Stress period:     2    Time step:  8570
    Solving:  Stress period:     2    Time step:  8571
    Solving:  Stress period:     2    Time step:  8572
    Solving:  Stress period:     2    Time step:  8573
    Solving:  Stress period:     2    Time step:  8574
    Solving:  Stress period:     2    Time step:  8575
    Solving:  Stress period:     2    Time step:  8576
    Solving:  Stress period:     2    Time step:  8577
    Solving:  Stress period:     2    Time step:  8578
    Solving:  Stress period:     2    Time step:  8579
    Solving:  Stress period:     2    Time step:  8580
    Solving:  Stress period:     2    Time step:  8581
    Solving:  Stress period:     2    Time step:  8582
    Solving:  Stress period:     2    Time step:  8583
    Solving:  Stress period:     2    Time step:  8584
    Solving:  Stress period:     2    Time step:  8585
    Solving:  Stress period:     2    Time step:  8586
    Solving:  Stress period:     2    Time step:  8587
    Solving:  Stress period:     2    Time step:  8588
    Solving:  Stress period:     2    Time step:  8589
    Solving:  Stress period:     2    Time step:  8590
    Solving:  Stress period:     2    Time step:  8591
    Solving:  Stress period:     2    Time step:  8592
    Solving:  Stress period:     2    Time step:  8593
    Solving:  Stress period:     2    Time step:  8594
    Solving:  Stress period:     2    Time step:  8595
    Solving:  Stress period:     2    Time step:  8596
    Solving:  Stress period:     2    Time step:  8597
    Solving:  Stress period:     2    Time step:  8598
    Solving:  Stress period:     2    Time step:  8599
    Solving:  Stress period:     2    Time step:  8600
    Solving:  Stress period:     2    Time step:  8601
    Solving:  Stress period:     2    Time step:  8602
    Solving:  Stress period:     2    Time step:  8603
    Solving:  Stress period:     2    Time step:  8604
    Solving:  Stress period:     2    Time step:  8605
    Solving:  Stress period:     2    Time step:  8606
    Solving:  Stress period:     2    Time step:  8607
    Solving:  Stress period:     2    Time step:  8608
    Solving:  Stress period:     2    Time step:  8609
    Solving:  Stress period:     2    Time step:  8610
    Solving:  Stress period:     2    Time step:  8611
    Solving:  Stress period:     2    Time step:  8612
    Solving:  Stress period:     2    Time step:  8613
    Solving:  Stress period:     2    Time step:  8614
    Solving:  Stress period:     2    Time step:  8615
    Solving:  Stress period:     2    Time step:  8616
    Solving:  Stress period:     2    Time step:  8617
    Solving:  Stress period:     2    Time step:  8618
    Solving:  Stress period:     2    Time step:  8619
    Solving:  Stress period:     2    Time step:  8620
    Solving:  Stress period:     2    Time step:  8621
    Solving:  Stress period:     2    Time step:  8622
    Solving:  Stress period:     2    Time step:  8623
    Solving:  Stress period:     2    Time step:  8624
    Solving:  Stress period:     2    Time step:  8625
    Solving:  Stress period:     2    Time step:  8626
    Solving:  Stress period:     2    Time step:  8627
    Solving:  Stress period:     2    Time step:  8628
    Solving:  Stress period:     2    Time step:  8629
    Solving:  Stress period:     2    Time step:  8630
    Solving:  Stress period:     2    Time step:  8631
    Solving:  Stress period:     2    Time step:  8632
    Solving:  Stress period:     2    Time step:  8633
    Solving:  Stress period:     2    Time step:  8634
    Solving:  Stress period:     2    Time step:  8635
    Solving:  Stress period:     2    Time step:  8636
    Solving:  Stress period:     2    Time step:  8637
    Solving:  Stress period:     2    Time step:  8638
    Solving:  Stress period:     2    Time step:  8639
    Solving:  Stress period:     2    Time step:  8640
    Solving:  Stress period:     2    Time step:  8641
    Solving:  Stress period:     2    Time step:  8642
    Solving:  Stress period:     2    Time step:  8643
    Solving:  Stress period:     2    Time step:  8644
    Solving:  Stress period:     2    Time step:  8645
    Solving:  Stress period:     2    Time step:  8646
    Solving:  Stress period:     2    Time step:  8647
    Solving:  Stress period:     2    Time step:  8648
    Solving:  Stress period:     2    Time step:  8649
    Solving:  Stress period:     2    Time step:  8650
    Solving:  Stress period:     2    Time step:  8651
    Solving:  Stress period:     2    Time step:  8652
    Solving:  Stress period:     2    Time step:  8653
    Solving:  Stress period:     2    Time step:  8654
    Solving:  Stress period:     2    Time step:  8655
    Solving:  Stress period:     2    Time step:  8656
    Solving:  Stress period:     2    Time step:  8657
    Solving:  Stress period:     2    Time step:  8658
    Solving:  Stress period:     2    Time step:  8659
    Solving:  Stress period:     2    Time step:  8660
    Solving:  Stress period:     2    Time step:  8661
    Solving:  Stress period:     2    Time step:  8662
    Solving:  Stress period:     2    Time step:  8663
    Solving:  Stress period:     2    Time step:  8664
    Solving:  Stress period:     2    Time step:  8665
    Solving:  Stress period:     2    Time step:  8666
    Solving:  Stress period:     2    Time step:  8667
    Solving:  Stress period:     2    Time step:  8668
    Solving:  Stress period:     2    Time step:  8669
    Solving:  Stress period:     2    Time step:  8670
    Solving:  Stress period:     2    Time step:  8671
    Solving:  Stress period:     2    Time step:  8672
    Solving:  Stress period:     2    Time step:  8673
    Solving:  Stress period:     2    Time step:  8674
    Solving:  Stress period:     2    Time step:  8675
    Solving:  Stress period:     2    Time step:  8676
    Solving:  Stress period:     2    Time step:  8677
    Solving:  Stress period:     2    Time step:  8678
    Solving:  Stress period:     2    Time step:  8679
    Solving:  Stress period:     2    Time step:  8680
    Solving:  Stress period:     2    Time step:  8681
    Solving:  Stress period:     2    Time step:  8682
    Solving:  Stress period:     2    Time step:  8683
    Solving:  Stress period:     2    Time step:  8684
    Solving:  Stress period:     2    Time step:  8685
    Solving:  Stress period:     2    Time step:  8686
    Solving:  Stress period:     2    Time step:  8687
    Solving:  Stress period:     2    Time step:  8688
    Solving:  Stress period:     2    Time step:  8689
    Solving:  Stress period:     2    Time step:  8690
    Solving:  Stress period:     2    Time step:  8691
    Solving:  Stress period:     2    Time step:  8692
    Solving:  Stress period:     2    Time step:  8693
    Solving:  Stress period:     2    Time step:  8694
    Solving:  Stress period:     2    Time step:  8695
    Solving:  Stress period:     2    Time step:  8696
    Solving:  Stress period:     2    Time step:  8697
    Solving:  Stress period:     2    Time step:  8698
    Solving:  Stress period:     2    Time step:  8699
    Solving:  Stress period:     2    Time step:  8700
    Solving:  Stress period:     2    Time step:  8701
    Solving:  Stress period:     2    Time step:  8702
    Solving:  Stress period:     2    Time step:  8703
    Solving:  Stress period:     2    Time step:  8704
    Solving:  Stress period:     2    Time step:  8705
    Solving:  Stress period:     2    Time step:  8706
    Solving:  Stress period:     2    Time step:  8707
    Solving:  Stress period:     2    Time step:  8708
    Solving:  Stress period:     2    Time step:  8709
    Solving:  Stress period:     2    Time step:  8710
    Solving:  Stress period:     2    Time step:  8711
    Solving:  Stress period:     2    Time step:  8712
    Solving:  Stress period:     2    Time step:  8713
    Solving:  Stress period:     2    Time step:  8714
    Solving:  Stress period:     2    Time step:  8715
    Solving:  Stress period:     2    Time step:  8716
    Solving:  Stress period:     2    Time step:  8717
    Solving:  Stress period:     2    Time step:  8718
    Solving:  Stress period:     2    Time step:  8719
    Solving:  Stress period:     2    Time step:  8720
    Solving:  Stress period:     2    Time step:  8721
    Solving:  Stress period:     2    Time step:  8722
    Solving:  Stress period:     2    Time step:  8723
    Solving:  Stress period:     2    Time step:  8724
    Solving:  Stress period:     2    Time step:  8725
    Solving:  Stress period:     2    Time step:  8726
    Solving:  Stress period:     2    Time step:  8727
    Solving:  Stress period:     2    Time step:  8728
    Solving:  Stress period:     2    Time step:  8729
    Solving:  Stress period:     2    Time step:  8730
    Solving:  Stress period:     2    Time step:  8731
    Solving:  Stress period:     2    Time step:  8732
    Solving:  Stress period:     2    Time step:  8733
    Solving:  Stress period:     2    Time step:  8734
    Solving:  Stress period:     2    Time step:  8735
    Solving:  Stress period:     2    Time step:  8736
    Solving:  Stress period:     2    Time step:  8737
    Solving:  Stress period:     2    Time step:  8738
    Solving:  Stress period:     2    Time step:  8739
    Solving:  Stress period:     2    Time step:  8740
    Solving:  Stress period:     2    Time step:  8741
    Solving:  Stress period:     2    Time step:  8742
    Solving:  Stress period:     2    Time step:  8743
    Solving:  Stress period:     2    Time step:  8744
    Solving:  Stress period:     2    Time step:  8745
    Solving:  Stress period:     2    Time step:  8746
    Solving:  Stress period:     2    Time step:  8747
    Solving:  Stress period:     2    Time step:  8748
    Solving:  Stress period:     2    Time step:  8749
    Solving:  Stress period:     2    Time step:  8750
    Solving:  Stress period:     2    Time step:  8751
    Solving:  Stress period:     2    Time step:  8752
    Solving:  Stress period:     2    Time step:  8753
    Solving:  Stress period:     2    Time step:  8754
    Solving:  Stress period:     2    Time step:  8755
    Solving:  Stress period:     2    Time step:  8756
    Solving:  Stress period:     2    Time step:  8757
    Solving:  Stress period:     2    Time step:  8758
    Solving:  Stress period:     2    Time step:  8759
    Solving:  Stress period:     2    Time step:  8760
    Solving:  Stress period:     2    Time step:  8761
    Solving:  Stress period:     2    Time step:  8762
    Solving:  Stress period:     2    Time step:  8763
    Solving:  Stress period:     2    Time step:  8764
    Solving:  Stress period:     2    Time step:  8765
    Solving:  Stress period:     2    Time step:  8766
    Solving:  Stress period:     2    Time step:  8767
    Solving:  Stress period:     2    Time step:  8768
    Solving:  Stress period:     2    Time step:  8769
    Solving:  Stress period:     2    Time step:  8770
    Solving:  Stress period:     2    Time step:  8771
    Solving:  Stress period:     2    Time step:  8772
    Solving:  Stress period:     2    Time step:  8773
    Solving:  Stress period:     2    Time step:  8774
    Solving:  Stress period:     2    Time step:  8775
    Solving:  Stress period:     2    Time step:  8776
    Solving:  Stress period:     2    Time step:  8777
    Solving:  Stress period:     2    Time step:  8778
    Solving:  Stress period:     2    Time step:  8779
    Solving:  Stress period:     2    Time step:  8780
    Solving:  Stress period:     2    Time step:  8781
    Solving:  Stress period:     2    Time step:  8782
    Solving:  Stress period:     2    Time step:  8783
    Solving:  Stress period:     2    Time step:  8784
    Solving:  Stress period:     2    Time step:  8785
    Solving:  Stress period:     2    Time step:  8786
    Solving:  Stress period:     2    Time step:  8787
    Solving:  Stress period:     2    Time step:  8788
    Solving:  Stress period:     2    Time step:  8789
    Solving:  Stress period:     2    Time step:  8790
    Solving:  Stress period:     2    Time step:  8791
    Solving:  Stress period:     2    Time step:  8792
    Solving:  Stress period:     2    Time step:  8793
    Solving:  Stress period:     2    Time step:  8794
    Solving:  Stress period:     2    Time step:  8795
    Solving:  Stress period:     2    Time step:  8796
    Solving:  Stress period:     2    Time step:  8797
    Solving:  Stress period:     2    Time step:  8798
    Solving:  Stress period:     2    Time step:  8799
    Solving:  Stress period:     2    Time step:  8800
    Solving:  Stress period:     2    Time step:  8801
    Solving:  Stress period:     2    Time step:  8802
    Solving:  Stress period:     2    Time step:  8803
    Solving:  Stress period:     2    Time step:  8804
    Solving:  Stress period:     2    Time step:  8805
    Solving:  Stress period:     2    Time step:  8806
    Solving:  Stress period:     2    Time step:  8807
    Solving:  Stress period:     2    Time step:  8808
    Solving:  Stress period:     2    Time step:  8809
    Solving:  Stress period:     2    Time step:  8810
    Solving:  Stress period:     2    Time step:  8811
    Solving:  Stress period:     2    Time step:  8812
    Solving:  Stress period:     2    Time step:  8813
    Solving:  Stress period:     2    Time step:  8814
    Solving:  Stress period:     2    Time step:  8815
    Solving:  Stress period:     2    Time step:  8816
    Solving:  Stress period:     2    Time step:  8817
    Solving:  Stress period:     2    Time step:  8818
    Solving:  Stress period:     2    Time step:  8819
    Solving:  Stress period:     2    Time step:  8820
    Solving:  Stress period:     2    Time step:  8821
    Solving:  Stress period:     2    Time step:  8822
    Solving:  Stress period:     2    Time step:  8823
    Solving:  Stress period:     2    Time step:  8824
    Solving:  Stress period:     2    Time step:  8825
    Solving:  Stress period:     2    Time step:  8826
    Solving:  Stress period:     2    Time step:  8827
    Solving:  Stress period:     2    Time step:  8828
    Solving:  Stress period:     2    Time step:  8829
    Solving:  Stress period:     2    Time step:  8830
    Solving:  Stress period:     2    Time step:  8831
    Solving:  Stress period:     2    Time step:  8832
    Solving:  Stress period:     2    Time step:  8833
    Solving:  Stress period:     2    Time step:  8834
    Solving:  Stress period:     2    Time step:  8835
    Solving:  Stress period:     2    Time step:  8836
    Solving:  Stress period:     2    Time step:  8837
    Solving:  Stress period:     2    Time step:  8838
    Solving:  Stress period:     2    Time step:  8839
    Solving:  Stress period:     2    Time step:  8840
    Solving:  Stress period:     2    Time step:  8841
    Solving:  Stress period:     2    Time step:  8842
    Solving:  Stress period:     2    Time step:  8843
    Solving:  Stress period:     2    Time step:  8844
    Solving:  Stress period:     2    Time step:  8845
    Solving:  Stress period:     2    Time step:  8846
    Solving:  Stress period:     2    Time step:  8847
    Solving:  Stress period:     2    Time step:  8848
    Solving:  Stress period:     2    Time step:  8849
    Solving:  Stress period:     2    Time step:  8850
    Solving:  Stress period:     2    Time step:  8851
    Solving:  Stress period:     2    Time step:  8852
    Solving:  Stress period:     2    Time step:  8853
    Solving:  Stress period:     2    Time step:  8854
    Solving:  Stress period:     2    Time step:  8855
    Solving:  Stress period:     2    Time step:  8856
    Solving:  Stress period:     2    Time step:  8857
    Solving:  Stress period:     2    Time step:  8858
    Solving:  Stress period:     2    Time step:  8859
    Solving:  Stress period:     2    Time step:  8860
    Solving:  Stress period:     2    Time step:  8861
    Solving:  Stress period:     2    Time step:  8862
    Solving:  Stress period:     2    Time step:  8863
    Solving:  Stress period:     2    Time step:  8864
    Solving:  Stress period:     2    Time step:  8865
    Solving:  Stress period:     2    Time step:  8866
    Solving:  Stress period:     2    Time step:  8867
    Solving:  Stress period:     2    Time step:  8868
    Solving:  Stress period:     2    Time step:  8869
    Solving:  Stress period:     2    Time step:  8870
    Solving:  Stress period:     2    Time step:  8871
    Solving:  Stress period:     2    Time step:  8872
    Solving:  Stress period:     2    Time step:  8873
    Solving:  Stress period:     2    Time step:  8874
    Solving:  Stress period:     2    Time step:  8875
    Solving:  Stress period:     2    Time step:  8876
    Solving:  Stress period:     2    Time step:  8877
    Solving:  Stress period:     2    Time step:  8878
    Solving:  Stress period:     2    Time step:  8879
    Solving:  Stress period:     2    Time step:  8880
    Solving:  Stress period:     2    Time step:  8881
    Solving:  Stress period:     2    Time step:  8882
    Solving:  Stress period:     2    Time step:  8883
    Solving:  Stress period:     2    Time step:  8884
    Solving:  Stress period:     2    Time step:  8885
    Solving:  Stress period:     2    Time step:  8886
    Solving:  Stress period:     2    Time step:  8887
    Solving:  Stress period:     2    Time step:  8888
    Solving:  Stress period:     2    Time step:  8889
    Solving:  Stress period:     2    Time step:  8890
    Solving:  Stress period:     2    Time step:  8891
    Solving:  Stress period:     2    Time step:  8892
    Solving:  Stress period:     2    Time step:  8893
    Solving:  Stress period:     2    Time step:  8894
    Solving:  Stress period:     2    Time step:  8895
    Solving:  Stress period:     2    Time step:  8896
    Solving:  Stress period:     2    Time step:  8897
    Solving:  Stress period:     2    Time step:  8898
    Solving:  Stress period:     2    Time step:  8899
    Solving:  Stress period:     2    Time step:  8900
    Solving:  Stress period:     2    Time step:  8901
    Solving:  Stress period:     2    Time step:  8902
    Solving:  Stress period:     2    Time step:  8903
    Solving:  Stress period:     2    Time step:  8904
    Solving:  Stress period:     2    Time step:  8905
    Solving:  Stress period:     2    Time step:  8906
    Solving:  Stress period:     2    Time step:  8907
    Solving:  Stress period:     2    Time step:  8908
    Solving:  Stress period:     2    Time step:  8909
    Solving:  Stress period:     2    Time step:  8910
    Solving:  Stress period:     2    Time step:  8911
    Solving:  Stress period:     2    Time step:  8912
    Solving:  Stress period:     2    Time step:  8913
    Solving:  Stress period:     2    Time step:  8914
    Solving:  Stress period:     2    Time step:  8915
    Solving:  Stress period:     2    Time step:  8916
    Solving:  Stress period:     2    Time step:  8917
    Solving:  Stress period:     2    Time step:  8918
    Solving:  Stress period:     2    Time step:  8919
    Solving:  Stress period:     2    Time step:  8920
    Solving:  Stress period:     2    Time step:  8921
    Solving:  Stress period:     2    Time step:  8922
    Solving:  Stress period:     2    Time step:  8923
    Solving:  Stress period:     2    Time step:  8924
    Solving:  Stress period:     2    Time step:  8925
    Solving:  Stress period:     2    Time step:  8926
    Solving:  Stress period:     2    Time step:  8927
    Solving:  Stress period:     2    Time step:  8928
    Solving:  Stress period:     2    Time step:  8929
    Solving:  Stress period:     2    Time step:  8930
    Solving:  Stress period:     2    Time step:  8931
    Solving:  Stress period:     2    Time step:  8932
    Solving:  Stress period:     2    Time step:  8933
    Solving:  Stress period:     2    Time step:  8934
    Solving:  Stress period:     2    Time step:  8935
    Solving:  Stress period:     2    Time step:  8936
    Solving:  Stress period:     2    Time step:  8937
    Solving:  Stress period:     2    Time step:  8938
    Solving:  Stress period:     2    Time step:  8939
    Solving:  Stress period:     2    Time step:  8940
    Solving:  Stress period:     2    Time step:  8941
    Solving:  Stress period:     2    Time step:  8942
    Solving:  Stress period:     2    Time step:  8943
    Solving:  Stress period:     2    Time step:  8944
    Solving:  Stress period:     2    Time step:  8945
    Solving:  Stress period:     2    Time step:  8946
    Solving:  Stress period:     2    Time step:  8947
    Solving:  Stress period:     2    Time step:  8948
    Solving:  Stress period:     2    Time step:  8949
    Solving:  Stress period:     2    Time step:  8950
    Solving:  Stress period:     2    Time step:  8951
    Solving:  Stress period:     2    Time step:  8952
    Solving:  Stress period:     2    Time step:  8953
    Solving:  Stress period:     2    Time step:  8954
    Solving:  Stress period:     2    Time step:  8955
    Solving:  Stress period:     2    Time step:  8956
    Solving:  Stress period:     2    Time step:  8957
    Solving:  Stress period:     2    Time step:  8958
    Solving:  Stress period:     2    Time step:  8959
    Solving:  Stress period:     2    Time step:  8960
    Solving:  Stress period:     2    Time step:  8961
    Solving:  Stress period:     2    Time step:  8962
    Solving:  Stress period:     2    Time step:  8963
    Solving:  Stress period:     2    Time step:  8964
    Solving:  Stress period:     2    Time step:  8965
    Solving:  Stress period:     2    Time step:  8966
    Solving:  Stress period:     2    Time step:  8967
    Solving:  Stress period:     2    Time step:  8968
    Solving:  Stress period:     2    Time step:  8969
    Solving:  Stress period:     2    Time step:  8970
    Solving:  Stress period:     2    Time step:  8971
    Solving:  Stress period:     2    Time step:  8972
    Solving:  Stress period:     2    Time step:  8973
    Solving:  Stress period:     2    Time step:  8974
    Solving:  Stress period:     2    Time step:  8975
    Solving:  Stress period:     2    Time step:  8976
    Solving:  Stress period:     2    Time step:  8977
    Solving:  Stress period:     2    Time step:  8978
    Solving:  Stress period:     2    Time step:  8979
    Solving:  Stress period:     2    Time step:  8980
    Solving:  Stress period:     2    Time step:  8981
    Solving:  Stress period:     2    Time step:  8982
    Solving:  Stress period:     2    Time step:  8983
    Solving:  Stress period:     2    Time step:  8984
    Solving:  Stress period:     2    Time step:  8985
    Solving:  Stress period:     2    Time step:  8986
    Solving:  Stress period:     2    Time step:  8987
    Solving:  Stress period:     2    Time step:  8988
    Solving:  Stress period:     2    Time step:  8989
    Solving:  Stress period:     2    Time step:  8990
    Solving:  Stress period:     2    Time step:  8991
    Solving:  Stress period:     2    Time step:  8992
    Solving:  Stress period:     2    Time step:  8993
    Solving:  Stress period:     2    Time step:  8994
    Solving:  Stress period:     2    Time step:  8995
    Solving:  Stress period:     2    Time step:  8996
    Solving:  Stress period:     2    Time step:  8997
    Solving:  Stress period:     2    Time step:  8998
    Solving:  Stress period:     2    Time step:  8999
    Solving:  Stress period:     2    Time step:  9000
    Solving:  Stress period:     2    Time step:  9001
    Solving:  Stress period:     2    Time step:  9002
    Solving:  Stress period:     2    Time step:  9003
    Solving:  Stress period:     2    Time step:  9004
    Solving:  Stress period:     2    Time step:  9005
    Solving:  Stress period:     2    Time step:  9006
    Solving:  Stress period:     2    Time step:  9007
    Solving:  Stress period:     2    Time step:  9008
    Solving:  Stress period:     2    Time step:  9009
    Solving:  Stress period:     2    Time step:  9010
    Solving:  Stress period:     2    Time step:  9011
    Solving:  Stress period:     2    Time step:  9012
    Solving:  Stress period:     2    Time step:  9013
    Solving:  Stress period:     2    Time step:  9014
    Solving:  Stress period:     2    Time step:  9015
    Solving:  Stress period:     2    Time step:  9016
    Solving:  Stress period:     2    Time step:  9017
    Solving:  Stress period:     2    Time step:  9018
    Solving:  Stress period:     2    Time step:  9019
    Solving:  Stress period:     2    Time step:  9020
    Solving:  Stress period:     2    Time step:  9021
    Solving:  Stress period:     2    Time step:  9022
    Solving:  Stress period:     2    Time step:  9023
    Solving:  Stress period:     2    Time step:  9024
    Solving:  Stress period:     2    Time step:  9025
    Solving:  Stress period:     2    Time step:  9026
    Solving:  Stress period:     2    Time step:  9027
    Solving:  Stress period:     2    Time step:  9028
    Solving:  Stress period:     2    Time step:  9029
    Solving:  Stress period:     2    Time step:  9030
    Solving:  Stress period:     2    Time step:  9031
    Solving:  Stress period:     2    Time step:  9032
    Solving:  Stress period:     2    Time step:  9033
    Solving:  Stress period:     2    Time step:  9034
    Solving:  Stress period:     2    Time step:  9035
    Solving:  Stress period:     2    Time step:  9036
    Solving:  Stress period:     2    Time step:  9037
    Solving:  Stress period:     2    Time step:  9038
    Solving:  Stress period:     2    Time step:  9039
    Solving:  Stress period:     2    Time step:  9040
    Solving:  Stress period:     2    Time step:  9041
    Solving:  Stress period:     2    Time step:  9042
    Solving:  Stress period:     2    Time step:  9043
    Solving:  Stress period:     2    Time step:  9044
    Solving:  Stress period:     2    Time step:  9045
    Solving:  Stress period:     2    Time step:  9046
    Solving:  Stress period:     2    Time step:  9047
    Solving:  Stress period:     2    Time step:  9048
    Solving:  Stress period:     2    Time step:  9049
    Solving:  Stress period:     2    Time step:  9050
    Solving:  Stress period:     2    Time step:  9051
    Solving:  Stress period:     2    Time step:  9052
    Solving:  Stress period:     2    Time step:  9053
    Solving:  Stress period:     2    Time step:  9054
    Solving:  Stress period:     2    Time step:  9055
    Solving:  Stress period:     2    Time step:  9056
    Solving:  Stress period:     2    Time step:  9057
    Solving:  Stress period:     2    Time step:  9058
    Solving:  Stress period:     2    Time step:  9059
    Solving:  Stress period:     2    Time step:  9060
    Solving:  Stress period:     2    Time step:  9061
    Solving:  Stress period:     2    Time step:  9062
    Solving:  Stress period:     2    Time step:  9063
    Solving:  Stress period:     2    Time step:  9064
    Solving:  Stress period:     2    Time step:  9065
    Solving:  Stress period:     2    Time step:  9066
    Solving:  Stress period:     2    Time step:  9067
    Solving:  Stress period:     2    Time step:  9068
    Solving:  Stress period:     2    Time step:  9069
    Solving:  Stress period:     2    Time step:  9070
    Solving:  Stress period:     2    Time step:  9071
    Solving:  Stress period:     2    Time step:  9072
    Solving:  Stress period:     2    Time step:  9073
    Solving:  Stress period:     2    Time step:  9074
    Solving:  Stress period:     2    Time step:  9075
    Solving:  Stress period:     2    Time step:  9076
    Solving:  Stress period:     2    Time step:  9077
    Solving:  Stress period:     2    Time step:  9078
    Solving:  Stress period:     2    Time step:  9079
    Solving:  Stress period:     2    Time step:  9080
    Solving:  Stress period:     2    Time step:  9081
    Solving:  Stress period:     2    Time step:  9082
    Solving:  Stress period:     2    Time step:  9083
    Solving:  Stress period:     2    Time step:  9084
    Solving:  Stress period:     2    Time step:  9085
    Solving:  Stress period:     2    Time step:  9086
    Solving:  Stress period:     2    Time step:  9087
    Solving:  Stress period:     2    Time step:  9088
    Solving:  Stress period:     2    Time step:  9089
    Solving:  Stress period:     2    Time step:  9090
    Solving:  Stress period:     2    Time step:  9091
    Solving:  Stress period:     2    Time step:  9092
    Solving:  Stress period:     2    Time step:  9093
    Solving:  Stress period:     2    Time step:  9094
    Solving:  Stress period:     2    Time step:  9095
    Solving:  Stress period:     2    Time step:  9096
    Solving:  Stress period:     2    Time step:  9097
    Solving:  Stress period:     2    Time step:  9098
    Solving:  Stress period:     2    Time step:  9099
    Solving:  Stress period:     2    Time step:  9100
    Solving:  Stress period:     2    Time step:  9101
    Solving:  Stress period:     2    Time step:  9102
    Solving:  Stress period:     2    Time step:  9103
    Solving:  Stress period:     2    Time step:  9104
    Solving:  Stress period:     2    Time step:  9105
    Solving:  Stress period:     2    Time step:  9106
    Solving:  Stress period:     2    Time step:  9107
    Solving:  Stress period:     2    Time step:  9108
    Solving:  Stress period:     2    Time step:  9109
    Solving:  Stress period:     2    Time step:  9110
    Solving:  Stress period:     2    Time step:  9111
    Solving:  Stress period:     2    Time step:  9112
    Solving:  Stress period:     2    Time step:  9113
    Solving:  Stress period:     2    Time step:  9114
    Solving:  Stress period:     2    Time step:  9115
    Solving:  Stress period:     2    Time step:  9116
    Solving:  Stress period:     2    Time step:  9117
    Solving:  Stress period:     2    Time step:  9118
    Solving:  Stress period:     2    Time step:  9119
    Solving:  Stress period:     2    Time step:  9120
    Solving:  Stress period:     2    Time step:  9121
    Solving:  Stress period:     2    Time step:  9122
    Solving:  Stress period:     2    Time step:  9123
    Solving:  Stress period:     2    Time step:  9124
    Solving:  Stress period:     2    Time step:  9125
    Solving:  Stress period:     2    Time step:  9126
    Solving:  Stress period:     2    Time step:  9127
    Solving:  Stress period:     2    Time step:  9128
    Solving:  Stress period:     2    Time step:  9129
    Solving:  Stress period:     2    Time step:  9130
    Solving:  Stress period:     2    Time step:  9131
    Solving:  Stress period:     2    Time step:  9132
    Solving:  Stress period:     2    Time step:  9133
    Solving:  Stress period:     2    Time step:  9134
    Solving:  Stress period:     2    Time step:  9135
    Solving:  Stress period:     2    Time step:  9136
    Solving:  Stress period:     2    Time step:  9137
    Solving:  Stress period:     2    Time step:  9138
    Solving:  Stress period:     2    Time step:  9139
    Solving:  Stress period:     2    Time step:  9140
    Solving:  Stress period:     2    Time step:  9141
    Solving:  Stress period:     2    Time step:  9142
    Solving:  Stress period:     2    Time step:  9143
    Solving:  Stress period:     2    Time step:  9144
    Solving:  Stress period:     2    Time step:  9145
    Solving:  Stress period:     2    Time step:  9146
    Solving:  Stress period:     2    Time step:  9147
    Solving:  Stress period:     2    Time step:  9148
    Solving:  Stress period:     2    Time step:  9149
    Solving:  Stress period:     2    Time step:  9150
    Solving:  Stress period:     2    Time step:  9151
    Solving:  Stress period:     2    Time step:  9152
    Solving:  Stress period:     2    Time step:  9153
    Solving:  Stress period:     2    Time step:  9154
    Solving:  Stress period:     2    Time step:  9155
    Solving:  Stress period:     2    Time step:  9156
    Solving:  Stress period:     2    Time step:  9157
    Solving:  Stress period:     2    Time step:  9158
    Solving:  Stress period:     2    Time step:  9159
    Solving:  Stress period:     2    Time step:  9160
    Solving:  Stress period:     2    Time step:  9161
    Solving:  Stress period:     2    Time step:  9162
    Solving:  Stress period:     2    Time step:  9163
    Solving:  Stress period:     2    Time step:  9164
    Solving:  Stress period:     2    Time step:  9165
    Solving:  Stress period:     2    Time step:  9166
    Solving:  Stress period:     2    Time step:  9167
    Solving:  Stress period:     2    Time step:  9168
    Solving:  Stress period:     2    Time step:  9169
    Solving:  Stress period:     2    Time step:  9170
    Solving:  Stress period:     2    Time step:  9171
    Solving:  Stress period:     2    Time step:  9172
    Solving:  Stress period:     2    Time step:  9173
    Solving:  Stress period:     2    Time step:  9174
    Solving:  Stress period:     2    Time step:  9175
    Solving:  Stress period:     2    Time step:  9176
    Solving:  Stress period:     2    Time step:  9177
    Solving:  Stress period:     2    Time step:  9178
    Solving:  Stress period:     2    Time step:  9179
    Solving:  Stress period:     2    Time step:  9180
    Solving:  Stress period:     2    Time step:  9181
    Solving:  Stress period:     2    Time step:  9182
    Solving:  Stress period:     2    Time step:  9183
    Solving:  Stress period:     2    Time step:  9184
    Solving:  Stress period:     2    Time step:  9185
    Solving:  Stress period:     2    Time step:  9186
    Solving:  Stress period:     2    Time step:  9187
    Solving:  Stress period:     2    Time step:  9188
    Solving:  Stress period:     2    Time step:  9189
    Solving:  Stress period:     2    Time step:  9190
    Solving:  Stress period:     2    Time step:  9191
    Solving:  Stress period:     2    Time step:  9192
    Solving:  Stress period:     2    Time step:  9193
    Solving:  Stress period:     2    Time step:  9194
    Solving:  Stress period:     2    Time step:  9195
    Solving:  Stress period:     2    Time step:  9196
    Solving:  Stress period:     2    Time step:  9197
    Solving:  Stress period:     2    Time step:  9198
    Solving:  Stress period:     2    Time step:  9199
    Solving:  Stress period:     2    Time step:  9200
    Solving:  Stress period:     2    Time step:  9201
    Solving:  Stress period:     2    Time step:  9202
    Solving:  Stress period:     2    Time step:  9203
    Solving:  Stress period:     2    Time step:  9204
    Solving:  Stress period:     2    Time step:  9205
    Solving:  Stress period:     2    Time step:  9206
    Solving:  Stress period:     2    Time step:  9207
    Solving:  Stress period:     2    Time step:  9208
    Solving:  Stress period:     2    Time step:  9209
    Solving:  Stress period:     2    Time step:  9210
    Solving:  Stress period:     2    Time step:  9211
    Solving:  Stress period:     2    Time step:  9212
    Solving:  Stress period:     2    Time step:  9213
    Solving:  Stress period:     2    Time step:  9214
    Solving:  Stress period:     2    Time step:  9215
    Solving:  Stress period:     2    Time step:  9216
    Solving:  Stress period:     2    Time step:  9217
    Solving:  Stress period:     2    Time step:  9218
    Solving:  Stress period:     2    Time step:  9219
    Solving:  Stress period:     2    Time step:  9220
    Solving:  Stress period:     2    Time step:  9221
    Solving:  Stress period:     2    Time step:  9222
    Solving:  Stress period:     2    Time step:  9223
    Solving:  Stress period:     2    Time step:  9224
    Solving:  Stress period:     2    Time step:  9225
    Solving:  Stress period:     2    Time step:  9226
    Solving:  Stress period:     2    Time step:  9227
    Solving:  Stress period:     2    Time step:  9228
    Solving:  Stress period:     2    Time step:  9229
    Solving:  Stress period:     2    Time step:  9230
    Solving:  Stress period:     2    Time step:  9231
    Solving:  Stress period:     2    Time step:  9232
    Solving:  Stress period:     2    Time step:  9233
    Solving:  Stress period:     2    Time step:  9234
    Solving:  Stress period:     2    Time step:  9235
    Solving:  Stress period:     2    Time step:  9236
    Solving:  Stress period:     2    Time step:  9237
    Solving:  Stress period:     2    Time step:  9238
    Solving:  Stress period:     2    Time step:  9239
    Solving:  Stress period:     2    Time step:  9240
    Solving:  Stress period:     2    Time step:  9241
    Solving:  Stress period:     2    Time step:  9242
    Solving:  Stress period:     2    Time step:  9243
    Solving:  Stress period:     2    Time step:  9244
    Solving:  Stress period:     2    Time step:  9245
    Solving:  Stress period:     2    Time step:  9246
    Solving:  Stress period:     2    Time step:  9247
    Solving:  Stress period:     2    Time step:  9248
    Solving:  Stress period:     2    Time step:  9249
    Solving:  Stress period:     2    Time step:  9250
    Solving:  Stress period:     2    Time step:  9251
    Solving:  Stress period:     2    Time step:  9252
    Solving:  Stress period:     2    Time step:  9253
    Solving:  Stress period:     2    Time step:  9254
    Solving:  Stress period:     2    Time step:  9255
    Solving:  Stress period:     2    Time step:  9256
    Solving:  Stress period:     2    Time step:  9257
    Solving:  Stress period:     2    Time step:  9258
    Solving:  Stress period:     2    Time step:  9259
    Solving:  Stress period:     2    Time step:  9260
    Solving:  Stress period:     2    Time step:  9261
    Solving:  Stress period:     2    Time step:  9262
    Solving:  Stress period:     2    Time step:  9263
    Solving:  Stress period:     2    Time step:  9264
    Solving:  Stress period:     2    Time step:  9265
    Solving:  Stress period:     2    Time step:  9266
    Solving:  Stress period:     2    Time step:  9267
    Solving:  Stress period:     2    Time step:  9268
    Solving:  Stress period:     2    Time step:  9269
    Solving:  Stress period:     2    Time step:  9270
    Solving:  Stress period:     2    Time step:  9271
    Solving:  Stress period:     2    Time step:  9272
    Solving:  Stress period:     2    Time step:  9273
    Solving:  Stress period:     2    Time step:  9274
    Solving:  Stress period:     2    Time step:  9275
    Solving:  Stress period:     2    Time step:  9276
    Solving:  Stress period:     2    Time step:  9277
    Solving:  Stress period:     2    Time step:  9278
    Solving:  Stress period:     2    Time step:  9279
    Solving:  Stress period:     2    Time step:  9280
    Solving:  Stress period:     2    Time step:  9281
    Solving:  Stress period:     2    Time step:  9282
    Solving:  Stress period:     2    Time step:  9283
    Solving:  Stress period:     2    Time step:  9284
    Solving:  Stress period:     2    Time step:  9285
    Solving:  Stress period:     2    Time step:  9286
    Solving:  Stress period:     2    Time step:  9287
    Solving:  Stress period:     2    Time step:  9288
    Solving:  Stress period:     2    Time step:  9289
    Solving:  Stress period:     2    Time step:  9290
    Solving:  Stress period:     2    Time step:  9291
    Solving:  Stress period:     2    Time step:  9292
    Solving:  Stress period:     2    Time step:  9293
    Solving:  Stress period:     2    Time step:  9294
    Solving:  Stress period:     2    Time step:  9295
    Solving:  Stress period:     2    Time step:  9296
    Solving:  Stress period:     2    Time step:  9297
    Solving:  Stress period:     2    Time step:  9298
    Solving:  Stress period:     2    Time step:  9299
    Solving:  Stress period:     2    Time step:  9300
    Solving:  Stress period:     2    Time step:  9301
    Solving:  Stress period:     2    Time step:  9302
    Solving:  Stress period:     2    Time step:  9303
    Solving:  Stress period:     2    Time step:  9304
    Solving:  Stress period:     2    Time step:  9305
    Solving:  Stress period:     2    Time step:  9306
    Solving:  Stress period:     2    Time step:  9307
    Solving:  Stress period:     2    Time step:  9308
    Solving:  Stress period:     2    Time step:  9309
    Solving:  Stress period:     2    Time step:  9310
    Solving:  Stress period:     2    Time step:  9311
    Solving:  Stress period:     2    Time step:  9312
    Solving:  Stress period:     2    Time step:  9313
    Solving:  Stress period:     2    Time step:  9314
    Solving:  Stress period:     2    Time step:  9315
    Solving:  Stress period:     2    Time step:  9316
    Solving:  Stress period:     2    Time step:  9317
    Solving:  Stress period:     2    Time step:  9318
    Solving:  Stress period:     2    Time step:  9319
    Solving:  Stress period:     2    Time step:  9320
    Solving:  Stress period:     2    Time step:  9321
    Solving:  Stress period:     2    Time step:  9322
    Solving:  Stress period:     2    Time step:  9323
    Solving:  Stress period:     2    Time step:  9324
    Solving:  Stress period:     2    Time step:  9325
    Solving:  Stress period:     2    Time step:  9326
    Solving:  Stress period:     2    Time step:  9327
    Solving:  Stress period:     2    Time step:  9328
    Solving:  Stress period:     2    Time step:  9329
    Solving:  Stress period:     2    Time step:  9330
    Solving:  Stress period:     2    Time step:  9331
    Solving:  Stress period:     2    Time step:  9332
    Solving:  Stress period:     2    Time step:  9333
    Solving:  Stress period:     2    Time step:  9334
    Solving:  Stress period:     2    Time step:  9335
    Solving:  Stress period:     2    Time step:  9336
    Solving:  Stress period:     2    Time step:  9337
    Solving:  Stress period:     2    Time step:  9338
    Solving:  Stress period:     2    Time step:  9339
    Solving:  Stress period:     2    Time step:  9340
    Solving:  Stress period:     2    Time step:  9341
    Solving:  Stress period:     2    Time step:  9342
    Solving:  Stress period:     2    Time step:  9343
    Solving:  Stress period:     2    Time step:  9344
    Solving:  Stress period:     2    Time step:  9345
    Solving:  Stress period:     2    Time step:  9346
    Solving:  Stress period:     2    Time step:  9347
    Solving:  Stress period:     2    Time step:  9348
    Solving:  Stress period:     2    Time step:  9349
    Solving:  Stress period:     2    Time step:  9350
    Solving:  Stress period:     2    Time step:  9351
    Solving:  Stress period:     2    Time step:  9352
    Solving:  Stress period:     2    Time step:  9353
    Solving:  Stress period:     2    Time step:  9354
    Solving:  Stress period:     2    Time step:  9355
    Solving:  Stress period:     2    Time step:  9356
    Solving:  Stress period:     2    Time step:  9357
    Solving:  Stress period:     2    Time step:  9358
    Solving:  Stress period:     2    Time step:  9359
    Solving:  Stress period:     2    Time step:  9360
    Solving:  Stress period:     2    Time step:  9361
    Solving:  Stress period:     2    Time step:  9362
    Solving:  Stress period:     2    Time step:  9363
    Solving:  Stress period:     2    Time step:  9364
    Solving:  Stress period:     2    Time step:  9365
    Solving:  Stress period:     2    Time step:  9366
    Solving:  Stress period:     2    Time step:  9367
    Solving:  Stress period:     2    Time step:  9368
    Solving:  Stress period:     2    Time step:  9369
    Solving:  Stress period:     2    Time step:  9370
    Solving:  Stress period:     2    Time step:  9371
    Solving:  Stress period:     2    Time step:  9372
    Solving:  Stress period:     2    Time step:  9373
    Solving:  Stress period:     2    Time step:  9374
    Solving:  Stress period:     2    Time step:  9375
    Solving:  Stress period:     2    Time step:  9376
    Solving:  Stress period:     2    Time step:  9377
    Solving:  Stress period:     2    Time step:  9378
    Solving:  Stress period:     2    Time step:  9379
    Solving:  Stress period:     2    Time step:  9380
    Solving:  Stress period:     2    Time step:  9381
    Solving:  Stress period:     2    Time step:  9382
    Solving:  Stress period:     2    Time step:  9383
    Solving:  Stress period:     2    Time step:  9384
    Solving:  Stress period:     2    Time step:  9385
    Solving:  Stress period:     2    Time step:  9386
    Solving:  Stress period:     2    Time step:  9387
    Solving:  Stress period:     2    Time step:  9388
    Solving:  Stress period:     2    Time step:  9389
    Solving:  Stress period:     2    Time step:  9390
    Solving:  Stress period:     2    Time step:  9391
    Solving:  Stress period:     2    Time step:  9392
    Solving:  Stress period:     2    Time step:  9393
    Solving:  Stress period:     2    Time step:  9394
    Solving:  Stress period:     2    Time step:  9395
    Solving:  Stress period:     2    Time step:  9396
    Solving:  Stress period:     2    Time step:  9397
    Solving:  Stress period:     2    Time step:  9398
    Solving:  Stress period:     2    Time step:  9399
    Solving:  Stress period:     2    Time step:  9400
    Solving:  Stress period:     2    Time step:  9401
    Solving:  Stress period:     2    Time step:  9402
    Solving:  Stress period:     2    Time step:  9403
    Solving:  Stress period:     2    Time step:  9404
    Solving:  Stress period:     2    Time step:  9405
    Solving:  Stress period:     2    Time step:  9406
    Solving:  Stress period:     2    Time step:  9407
    Solving:  Stress period:     2    Time step:  9408
    Solving:  Stress period:     2    Time step:  9409
    Solving:  Stress period:     2    Time step:  9410
    Solving:  Stress period:     2    Time step:  9411
    Solving:  Stress period:     2    Time step:  9412
    Solving:  Stress period:     2    Time step:  9413
    Solving:  Stress period:     2    Time step:  9414
    Solving:  Stress period:     2    Time step:  9415
    Solving:  Stress period:     2    Time step:  9416
    Solving:  Stress period:     2    Time step:  9417
    Solving:  Stress period:     2    Time step:  9418
    Solving:  Stress period:     2    Time step:  9419
    Solving:  Stress period:     2    Time step:  9420
    Solving:  Stress period:     2    Time step:  9421
    Solving:  Stress period:     2    Time step:  9422
    Solving:  Stress period:     2    Time step:  9423
    Solving:  Stress period:     2    Time step:  9424
    Solving:  Stress period:     2    Time step:  9425
    Solving:  Stress period:     2    Time step:  9426
    Solving:  Stress period:     2    Time step:  9427
    Solving:  Stress period:     2    Time step:  9428
    Solving:  Stress period:     2    Time step:  9429
    Solving:  Stress period:     2    Time step:  9430
    Solving:  Stress period:     2    Time step:  9431
    Solving:  Stress period:     2    Time step:  9432
    Solving:  Stress period:     2    Time step:  9433
    Solving:  Stress period:     2    Time step:  9434
    Solving:  Stress period:     2    Time step:  9435
    Solving:  Stress period:     2    Time step:  9436
    Solving:  Stress period:     2    Time step:  9437
    Solving:  Stress period:     2    Time step:  9438
    Solving:  Stress period:     2    Time step:  9439
    Solving:  Stress period:     2    Time step:  9440
    Solving:  Stress period:     2    Time step:  9441
    Solving:  Stress period:     2    Time step:  9442
    Solving:  Stress period:     2    Time step:  9443
    Solving:  Stress period:     2    Time step:  9444
    Solving:  Stress period:     2    Time step:  9445
    Solving:  Stress period:     2    Time step:  9446
    Solving:  Stress period:     2    Time step:  9447
    Solving:  Stress period:     2    Time step:  9448
    Solving:  Stress period:     2    Time step:  9449
    Solving:  Stress period:     2    Time step:  9450
    Solving:  Stress period:     2    Time step:  9451
    Solving:  Stress period:     2    Time step:  9452
    Solving:  Stress period:     2    Time step:  9453
    Solving:  Stress period:     2    Time step:  9454
    Solving:  Stress period:     2    Time step:  9455
    Solving:  Stress period:     2    Time step:  9456
    Solving:  Stress period:     2    Time step:  9457
    Solving:  Stress period:     2    Time step:  9458
    Solving:  Stress period:     2    Time step:  9459
    Solving:  Stress period:     2    Time step:  9460
    Solving:  Stress period:     2    Time step:  9461
    Solving:  Stress period:     2    Time step:  9462
    Solving:  Stress period:     2    Time step:  9463
    Solving:  Stress period:     2    Time step:  9464
    Solving:  Stress period:     2    Time step:  9465
    Solving:  Stress period:     2    Time step:  9466
    Solving:  Stress period:     2    Time step:  9467
    Solving:  Stress period:     2    Time step:  9468
    Solving:  Stress period:     2    Time step:  9469
    Solving:  Stress period:     2    Time step:  9470
    Solving:  Stress period:     2    Time step:  9471
    Solving:  Stress period:     2    Time step:  9472
    Solving:  Stress period:     2    Time step:  9473
    Solving:  Stress period:     2    Time step:  9474
    Solving:  Stress period:     2    Time step:  9475
    Solving:  Stress period:     2    Time step:  9476
    Solving:  Stress period:     2    Time step:  9477
    Solving:  Stress period:     2    Time step:  9478
    Solving:  Stress period:     2    Time step:  9479
    Solving:  Stress period:     2    Time step:  9480
    Solving:  Stress period:     2    Time step:  9481
    Solving:  Stress period:     2    Time step:  9482
    Solving:  Stress period:     2    Time step:  9483
    Solving:  Stress period:     2    Time step:  9484
    Solving:  Stress period:     2    Time step:  9485
    Solving:  Stress period:     2    Time step:  9486
    Solving:  Stress period:     2    Time step:  9487
    Solving:  Stress period:     2    Time step:  9488
    Solving:  Stress period:     2    Time step:  9489
    Solving:  Stress period:     2    Time step:  9490
    Solving:  Stress period:     2    Time step:  9491
    Solving:  Stress period:     2    Time step:  9492
    Solving:  Stress period:     2    Time step:  9493
    Solving:  Stress period:     2    Time step:  9494
    Solving:  Stress period:     2    Time step:  9495
    Solving:  Stress period:     2    Time step:  9496
    Solving:  Stress period:     2    Time step:  9497
    Solving:  Stress period:     2    Time step:  9498
    Solving:  Stress period:     2    Time step:  9499
    Solving:  Stress period:     2    Time step:  9500
    Solving:  Stress period:     2    Time step:  9501
    Solving:  Stress period:     2    Time step:  9502
    Solving:  Stress period:     2    Time step:  9503
    Solving:  Stress period:     2    Time step:  9504
    Solving:  Stress period:     2    Time step:  9505
    Solving:  Stress period:     2    Time step:  9506
    Solving:  Stress period:     2    Time step:  9507
    Solving:  Stress period:     2    Time step:  9508
    Solving:  Stress period:     2    Time step:  9509
    Solving:  Stress period:     2    Time step:  9510
    Solving:  Stress period:     2    Time step:  9511
    Solving:  Stress period:     2    Time step:  9512
    Solving:  Stress period:     2    Time step:  9513
    Solving:  Stress period:     2    Time step:  9514
    Solving:  Stress period:     2    Time step:  9515
    Solving:  Stress period:     2    Time step:  9516
    Solving:  Stress period:     2    Time step:  9517
    Solving:  Stress period:     2    Time step:  9518
    Solving:  Stress period:     2    Time step:  9519
    Solving:  Stress period:     2    Time step:  9520
    Solving:  Stress period:     2    Time step:  9521
    Solving:  Stress period:     2    Time step:  9522
    Solving:  Stress period:     2    Time step:  9523
    Solving:  Stress period:     2    Time step:  9524
    Solving:  Stress period:     2    Time step:  9525
    Solving:  Stress period:     2    Time step:  9526
    Solving:  Stress period:     2    Time step:  9527
    Solving:  Stress period:     2    Time step:  9528
    Solving:  Stress period:     2    Time step:  9529
    Solving:  Stress period:     2    Time step:  9530
    Solving:  Stress period:     2    Time step:  9531
    Solving:  Stress period:     2    Time step:  9532
    Solving:  Stress period:     2    Time step:  9533
    Solving:  Stress period:     2    Time step:  9534
    Solving:  Stress period:     2    Time step:  9535
    Solving:  Stress period:     2    Time step:  9536
    Solving:  Stress period:     2    Time step:  9537
    Solving:  Stress period:     2    Time step:  9538
    Solving:  Stress period:     2    Time step:  9539
    Solving:  Stress period:     2    Time step:  9540
    Solving:  Stress period:     2    Time step:  9541
    Solving:  Stress period:     2    Time step:  9542
    Solving:  Stress period:     2    Time step:  9543
    Solving:  Stress period:     2    Time step:  9544
    Solving:  Stress period:     2    Time step:  9545
    Solving:  Stress period:     2    Time step:  9546
    Solving:  Stress period:     2    Time step:  9547
    Solving:  Stress period:     2    Time step:  9548
    Solving:  Stress period:     2    Time step:  9549
    Solving:  Stress period:     2    Time step:  9550
    Solving:  Stress period:     2    Time step:  9551
    Solving:  Stress period:     2    Time step:  9552
    Solving:  Stress period:     2    Time step:  9553
    Solving:  Stress period:     2    Time step:  9554
    Solving:  Stress period:     2    Time step:  9555
    Solving:  Stress period:     2    Time step:  9556
    Solving:  Stress period:     2    Time step:  9557
    Solving:  Stress period:     2    Time step:  9558
    Solving:  Stress period:     2    Time step:  9559
    Solving:  Stress period:     2    Time step:  9560
    Solving:  Stress period:     2    Time step:  9561
    Solving:  Stress period:     2    Time step:  9562
    Solving:  Stress period:     2    Time step:  9563
    Solving:  Stress period:     2    Time step:  9564
    Solving:  Stress period:     2    Time step:  9565
    Solving:  Stress period:     2    Time step:  9566
    Solving:  Stress period:     2    Time step:  9567
    Solving:  Stress period:     2    Time step:  9568
    Solving:  Stress period:     2    Time step:  9569
    Solving:  Stress period:     2    Time step:  9570
    Solving:  Stress period:     2    Time step:  9571
    Solving:  Stress period:     2    Time step:  9572
    Solving:  Stress period:     2    Time step:  9573
    Solving:  Stress period:     2    Time step:  9574
    Solving:  Stress period:     2    Time step:  9575
    Solving:  Stress period:     2    Time step:  9576
    Solving:  Stress period:     2    Time step:  9577
    Solving:  Stress period:     2    Time step:  9578
    Solving:  Stress period:     2    Time step:  9579
    Solving:  Stress period:     2    Time step:  9580
    Solving:  Stress period:     2    Time step:  9581
    Solving:  Stress period:     2    Time step:  9582
    Solving:  Stress period:     2    Time step:  9583
    Solving:  Stress period:     2    Time step:  9584
    Solving:  Stress period:     2    Time step:  9585
    Solving:  Stress period:     2    Time step:  9586
    Solving:  Stress period:     2    Time step:  9587
    Solving:  Stress period:     2    Time step:  9588
    Solving:  Stress period:     2    Time step:  9589
    Solving:  Stress period:     2    Time step:  9590
    Solving:  Stress period:     2    Time step:  9591
    Solving:  Stress period:     2    Time step:  9592
    Solving:  Stress period:     2    Time step:  9593
    Solving:  Stress period:     2    Time step:  9594
    Solving:  Stress period:     2    Time step:  9595
    Solving:  Stress period:     2    Time step:  9596
    Solving:  Stress period:     2    Time step:  9597
    Solving:  Stress period:     2    Time step:  9598
    Solving:  Stress period:     2    Time step:  9599
    Solving:  Stress period:     2    Time step:  9600
    Solving:  Stress period:     2    Time step:  9601
    Solving:  Stress period:     2    Time step:  9602
    Solving:  Stress period:     2    Time step:  9603
    Solving:  Stress period:     2    Time step:  9604
    Solving:  Stress period:     2    Time step:  9605
    Solving:  Stress period:     2    Time step:  9606
    Solving:  Stress period:     2    Time step:  9607
    Solving:  Stress period:     2    Time step:  9608
    Solving:  Stress period:     2    Time step:  9609
    Solving:  Stress period:     2    Time step:  9610
    Solving:  Stress period:     2    Time step:  9611
    Solving:  Stress period:     2    Time step:  9612
    Solving:  Stress period:     2    Time step:  9613
    Solving:  Stress period:     2    Time step:  9614
    Solving:  Stress period:     2    Time step:  9615
    Solving:  Stress period:     2    Time step:  9616
    Solving:  Stress period:     2    Time step:  9617
    Solving:  Stress period:     2    Time step:  9618
    Solving:  Stress period:     2    Time step:  9619
    Solving:  Stress period:     2    Time step:  9620
    Solving:  Stress period:     2    Time step:  9621
    Solving:  Stress period:     2    Time step:  9622
    Solving:  Stress period:     2    Time step:  9623
    Solving:  Stress period:     2    Time step:  9624
    Solving:  Stress period:     2    Time step:  9625
    Solving:  Stress period:     2    Time step:  9626
    Solving:  Stress period:     2    Time step:  9627
    Solving:  Stress period:     2    Time step:  9628
    Solving:  Stress period:     2    Time step:  9629
    Solving:  Stress period:     2    Time step:  9630
    Solving:  Stress period:     2    Time step:  9631
    Solving:  Stress period:     2    Time step:  9632
    Solving:  Stress period:     2    Time step:  9633
    Solving:  Stress period:     2    Time step:  9634
    Solving:  Stress period:     2    Time step:  9635
    Solving:  Stress period:     2    Time step:  9636
    Solving:  Stress period:     2    Time step:  9637
    Solving:  Stress period:     2    Time step:  9638
    Solving:  Stress period:     2    Time step:  9639
    Solving:  Stress period:     2    Time step:  9640
    Solving:  Stress period:     2    Time step:  9641
    Solving:  Stress period:     2    Time step:  9642
    Solving:  Stress period:     2    Time step:  9643
    Solving:  Stress period:     2    Time step:  9644
    Solving:  Stress period:     2    Time step:  9645
    Solving:  Stress period:     2    Time step:  9646
    Solving:  Stress period:     2    Time step:  9647
    Solving:  Stress period:     2    Time step:  9648
    Solving:  Stress period:     2    Time step:  9649
    Solving:  Stress period:     2    Time step:  9650
    Solving:  Stress period:     2    Time step:  9651
    Solving:  Stress period:     2    Time step:  9652
    Solving:  Stress period:     2    Time step:  9653
    Solving:  Stress period:     2    Time step:  9654
    Solving:  Stress period:     2    Time step:  9655
    Solving:  Stress period:     2    Time step:  9656
    Solving:  Stress period:     2    Time step:  9657
    Solving:  Stress period:     2    Time step:  9658
    Solving:  Stress period:     2    Time step:  9659
    Solving:  Stress period:     2    Time step:  9660
    Solving:  Stress period:     2    Time step:  9661
    Solving:  Stress period:     2    Time step:  9662
    Solving:  Stress period:     2    Time step:  9663
    Solving:  Stress period:     2    Time step:  9664
    Solving:  Stress period:     2    Time step:  9665
    Solving:  Stress period:     2    Time step:  9666
    Solving:  Stress period:     2    Time step:  9667
    Solving:  Stress period:     2    Time step:  9668
    Solving:  Stress period:     2    Time step:  9669
    Solving:  Stress period:     2    Time step:  9670
    Solving:  Stress period:     2    Time step:  9671
    Solving:  Stress period:     2    Time step:  9672
    Solving:  Stress period:     2    Time step:  9673
    Solving:  Stress period:     2    Time step:  9674
    Solving:  Stress period:     2    Time step:  9675
    Solving:  Stress period:     2    Time step:  9676
    Solving:  Stress period:     2    Time step:  9677
    Solving:  Stress period:     2    Time step:  9678
    Solving:  Stress period:     2    Time step:  9679
    Solving:  Stress period:     2    Time step:  9680
    Solving:  Stress period:     2    Time step:  9681
    Solving:  Stress period:     2    Time step:  9682
    Solving:  Stress period:     2    Time step:  9683
    Solving:  Stress period:     2    Time step:  9684
    Solving:  Stress period:     2    Time step:  9685
    Solving:  Stress period:     2    Time step:  9686
    Solving:  Stress period:     2    Time step:  9687
    Solving:  Stress period:     2    Time step:  9688
    Solving:  Stress period:     2    Time step:  9689
    Solving:  Stress period:     2    Time step:  9690
    Solving:  Stress period:     2    Time step:  9691
    Solving:  Stress period:     2    Time step:  9692
    Solving:  Stress period:     2    Time step:  9693
    Solving:  Stress period:     2    Time step:  9694
    Solving:  Stress period:     2    Time step:  9695
    Solving:  Stress period:     2    Time step:  9696
    Solving:  Stress period:     2    Time step:  9697
    Solving:  Stress period:     2    Time step:  9698
    Solving:  Stress period:     2    Time step:  9699
    Solving:  Stress period:     2    Time step:  9700
    Solving:  Stress period:     2    Time step:  9701
    Solving:  Stress period:     2    Time step:  9702
    Solving:  Stress period:     2    Time step:  9703
    Solving:  Stress period:     2    Time step:  9704
    Solving:  Stress period:     2    Time step:  9705
    Solving:  Stress period:     2    Time step:  9706
    Solving:  Stress period:     2    Time step:  9707
    Solving:  Stress period:     2    Time step:  9708
    Solving:  Stress period:     2    Time step:  9709
    Solving:  Stress period:     2    Time step:  9710
    Solving:  Stress period:     2    Time step:  9711
    Solving:  Stress period:     2    Time step:  9712
    Solving:  Stress period:     2    Time step:  9713
    Solving:  Stress period:     2    Time step:  9714
    Solving:  Stress period:     2    Time step:  9715
    Solving:  Stress period:     2    Time step:  9716
    Solving:  Stress period:     2    Time step:  9717
    Solving:  Stress period:     2    Time step:  9718
    Solving:  Stress period:     2    Time step:  9719
    Solving:  Stress period:     2    Time step:  9720
    Solving:  Stress period:     2    Time step:  9721
    Solving:  Stress period:     2    Time step:  9722
    Solving:  Stress period:     2    Time step:  9723
    Solving:  Stress period:     2    Time step:  9724
    Solving:  Stress period:     2    Time step:  9725
    Solving:  Stress period:     2    Time step:  9726
    Solving:  Stress period:     2    Time step:  9727
    Solving:  Stress period:     2    Time step:  9728
    Solving:  Stress period:     2    Time step:  9729
    Solving:  Stress period:     2    Time step:  9730
    Solving:  Stress period:     2    Time step:  9731
    Solving:  Stress period:     2    Time step:  9732
    Solving:  Stress period:     2    Time step:  9733
    Solving:  Stress period:     2    Time step:  9734
    Solving:  Stress period:     2    Time step:  9735
    Solving:  Stress period:     2    Time step:  9736
    Solving:  Stress period:     2    Time step:  9737
    Solving:  Stress period:     2    Time step:  9738
    Solving:  Stress period:     2    Time step:  9739
    Solving:  Stress period:     2    Time step:  9740
    Solving:  Stress period:     2    Time step:  9741
    Solving:  Stress period:     2    Time step:  9742
    Solving:  Stress period:     2    Time step:  9743
    Solving:  Stress period:     2    Time step:  9744
    Solving:  Stress period:     2    Time step:  9745
    Solving:  Stress period:     2    Time step:  9746
    Solving:  Stress period:     2    Time step:  9747
    Solving:  Stress period:     2    Time step:  9748
    Solving:  Stress period:     2    Time step:  9749
    Solving:  Stress period:     2    Time step:  9750
    Solving:  Stress period:     2    Time step:  9751
    Solving:  Stress period:     2    Time step:  9752
    Solving:  Stress period:     2    Time step:  9753
    Solving:  Stress period:     2    Time step:  9754
    Solving:  Stress period:     2    Time step:  9755
    Solving:  Stress period:     2    Time step:  9756
    Solving:  Stress period:     2    Time step:  9757
    Solving:  Stress period:     2    Time step:  9758
    Solving:  Stress period:     2    Time step:  9759
    Solving:  Stress period:     2    Time step:  9760
    Solving:  Stress period:     2    Time step:  9761
    Solving:  Stress period:     2    Time step:  9762
    Solving:  Stress period:     2    Time step:  9763
    Solving:  Stress period:     2    Time step:  9764
    Solving:  Stress period:     2    Time step:  9765
    Solving:  Stress period:     2    Time step:  9766
    Solving:  Stress period:     2    Time step:  9767
    Solving:  Stress period:     2    Time step:  9768
    Solving:  Stress period:     2    Time step:  9769
    Solving:  Stress period:     2    Time step:  9770
    Solving:  Stress period:     2    Time step:  9771
    Solving:  Stress period:     2    Time step:  9772
    Solving:  Stress period:     2    Time step:  9773
    Solving:  Stress period:     2    Time step:  9774
    Solving:  Stress period:     2    Time step:  9775
    Solving:  Stress period:     2    Time step:  9776
    Solving:  Stress period:     2    Time step:  9777
    Solving:  Stress period:     2    Time step:  9778
    Solving:  Stress period:     2    Time step:  9779
    Solving:  Stress period:     2    Time step:  9780
    Solving:  Stress period:     2    Time step:  9781
    Solving:  Stress period:     2    Time step:  9782
    Solving:  Stress period:     2    Time step:  9783
    Solving:  Stress period:     2    Time step:  9784
    Solving:  Stress period:     2    Time step:  9785
    Solving:  Stress period:     2    Time step:  9786
    Solving:  Stress period:     2    Time step:  9787
    Solving:  Stress period:     2    Time step:  9788
    Solving:  Stress period:     2    Time step:  9789
    Solving:  Stress period:     2    Time step:  9790
    Solving:  Stress period:     2    Time step:  9791
    Solving:  Stress period:     2    Time step:  9792
    Solving:  Stress period:     2    Time step:  9793
    Solving:  Stress period:     2    Time step:  9794
    Solving:  Stress period:     2    Time step:  9795
    Solving:  Stress period:     2    Time step:  9796
    Solving:  Stress period:     2    Time step:  9797
    Solving:  Stress period:     2    Time step:  9798
    Solving:  Stress period:     2    Time step:  9799
    Solving:  Stress period:     2    Time step:  9800
    Solving:  Stress period:     2    Time step:  9801
    Solving:  Stress period:     2    Time step:  9802
    Solving:  Stress period:     2    Time step:  9803
    Solving:  Stress period:     2    Time step:  9804
    Solving:  Stress period:     2    Time step:  9805
    Solving:  Stress period:     2    Time step:  9806
    Solving:  Stress period:     2    Time step:  9807
    Solving:  Stress period:     2    Time step:  9808
    Solving:  Stress period:     2    Time step:  9809
    Solving:  Stress period:     2    Time step:  9810
    Solving:  Stress period:     2    Time step:  9811
    Solving:  Stress period:     2    Time step:  9812
    Solving:  Stress period:     2    Time step:  9813
    Solving:  Stress period:     2    Time step:  9814
    Solving:  Stress period:     2    Time step:  9815
    Solving:  Stress period:     2    Time step:  9816
    Solving:  Stress period:     2    Time step:  9817
    Solving:  Stress period:     2    Time step:  9818
    Solving:  Stress period:     2    Time step:  9819
    Solving:  Stress period:     2    Time step:  9820
    Solving:  Stress period:     2    Time step:  9821
    Solving:  Stress period:     2    Time step:  9822
    Solving:  Stress period:     2    Time step:  9823
    Solving:  Stress period:     2    Time step:  9824
    Solving:  Stress period:     2    Time step:  9825
    Solving:  Stress period:     2    Time step:  9826
    Solving:  Stress period:     2    Time step:  9827
    Solving:  Stress period:     2    Time step:  9828
    Solving:  Stress period:     2    Time step:  9829
    Solving:  Stress period:     2    Time step:  9830
    Solving:  Stress period:     2    Time step:  9831
    Solving:  Stress period:     2    Time step:  9832
    Solving:  Stress period:     2    Time step:  9833
    Solving:  Stress period:     2    Time step:  9834
    Solving:  Stress period:     2    Time step:  9835
    Solving:  Stress period:     2    Time step:  9836
    Solving:  Stress period:     2    Time step:  9837
    Solving:  Stress period:     2    Time step:  9838
    Solving:  Stress period:     2    Time step:  9839
    Solving:  Stress period:     2    Time step:  9840
    Solving:  Stress period:     2    Time step:  9841
    Solving:  Stress period:     2    Time step:  9842
    Solving:  Stress period:     2    Time step:  9843
    Solving:  Stress period:     2    Time step:  9844
    Solving:  Stress period:     2    Time step:  9845
    Solving:  Stress period:     2    Time step:  9846
    Solving:  Stress period:     2    Time step:  9847
    Solving:  Stress period:     2    Time step:  9848
    Solving:  Stress period:     2    Time step:  9849
    Solving:  Stress period:     2    Time step:  9850
    Solving:  Stress period:     2    Time step:  9851
    Solving:  Stress period:     2    Time step:  9852
    Solving:  Stress period:     2    Time step:  9853
    Solving:  Stress period:     2    Time step:  9854
    Solving:  Stress period:     2    Time step:  9855
    Solving:  Stress period:     2    Time step:  9856
    Solving:  Stress period:     2    Time step:  9857
    Solving:  Stress period:     2    Time step:  9858
    Solving:  Stress period:     2    Time step:  9859
    Solving:  Stress period:     2    Time step:  9860
    Solving:  Stress period:     2    Time step:  9861
    Solving:  Stress period:     2    Time step:  9862
    Solving:  Stress period:     2    Time step:  9863
    Solving:  Stress period:     2    Time step:  9864
    Solving:  Stress period:     2    Time step:  9865
    Solving:  Stress period:     2    Time step:  9866
    Solving:  Stress period:     2    Time step:  9867
    Solving:  Stress period:     2    Time step:  9868
    Solving:  Stress period:     2    Time step:  9869
    Solving:  Stress period:     2    Time step:  9870
    Solving:  Stress period:     2    Time step:  9871
    Solving:  Stress period:     2    Time step:  9872
    Solving:  Stress period:     2    Time step:  9873
    Solving:  Stress period:     2    Time step:  9874
    Solving:  Stress period:     2    Time step:  9875
    Solving:  Stress period:     2    Time step:  9876
    Solving:  Stress period:     2    Time step:  9877
    Solving:  Stress period:     2    Time step:  9878
    Solving:  Stress period:     2    Time step:  9879
    Solving:  Stress period:     2    Time step:  9880
    Solving:  Stress period:     2    Time step:  9881
    Solving:  Stress period:     2    Time step:  9882
    Solving:  Stress period:     2    Time step:  9883
    Solving:  Stress period:     2    Time step:  9884
    Solving:  Stress period:     2    Time step:  9885
    Solving:  Stress period:     2    Time step:  9886
    Solving:  Stress period:     2    Time step:  9887
    Solving:  Stress period:     2    Time step:  9888
    Solving:  Stress period:     2    Time step:  9889
    Solving:  Stress period:     2    Time step:  9890
    Solving:  Stress period:     2    Time step:  9891
    Solving:  Stress period:     2    Time step:  9892
    Solving:  Stress period:     2    Time step:  9893
    Solving:  Stress period:     2    Time step:  9894
    Solving:  Stress period:     2    Time step:  9895
    Solving:  Stress period:     2    Time step:  9896
    Solving:  Stress period:     2    Time step:  9897
    Solving:  Stress period:     2    Time step:  9898
    Solving:  Stress period:     2    Time step:  9899
    Solving:  Stress period:     2    Time step:  9900
    Solving:  Stress period:     2    Time step:  9901
    Solving:  Stress period:     2    Time step:  9902
    Solving:  Stress period:     2    Time step:  9903
    Solving:  Stress period:     2    Time step:  9904
    Solving:  Stress period:     2    Time step:  9905
    Solving:  Stress period:     2    Time step:  9906
    Solving:  Stress period:     2    Time step:  9907
    Solving:  Stress period:     2    Time step:  9908
    Solving:  Stress period:     2    Time step:  9909
    Solving:  Stress period:     2    Time step:  9910
    Solving:  Stress period:     2    Time step:  9911
    Solving:  Stress period:     2    Time step:  9912
    Solving:  Stress period:     2    Time step:  9913
    Solving:  Stress period:     2    Time step:  9914
    Solving:  Stress period:     2    Time step:  9915
    Solving:  Stress period:     2    Time step:  9916
    Solving:  Stress period:     2    Time step:  9917
    Solving:  Stress period:     2    Time step:  9918
    Solving:  Stress period:     2    Time step:  9919
    Solving:  Stress period:     2    Time step:  9920
    Solving:  Stress period:     2    Time step:  9921
    Solving:  Stress period:     2    Time step:  9922
    Solving:  Stress period:     2    Time step:  9923
    Solving:  Stress period:     2    Time step:  9924
    Solving:  Stress period:     2    Time step:  9925
    Solving:  Stress period:     2    Time step:  9926
    Solving:  Stress period:     2    Time step:  9927
    Solving:  Stress period:     2    Time step:  9928
    Solving:  Stress period:     2    Time step:  9929
    Solving:  Stress period:     2    Time step:  9930
    Solving:  Stress period:     2    Time step:  9931
    Solving:  Stress period:     2    Time step:  9932
    Solving:  Stress period:     2    Time step:  9933
    Solving:  Stress period:     2    Time step:  9934
    Solving:  Stress period:     2    Time step:  9935
    Solving:  Stress period:     2    Time step:  9936
    Solving:  Stress period:     2    Time step:  9937
    Solving:  Stress period:     2    Time step:  9938
    Solving:  Stress period:     2    Time step:  9939
    Solving:  Stress period:     2    Time step:  9940
    Solving:  Stress period:     2    Time step:  9941
    Solving:  Stress period:     2    Time step:  9942
    Solving:  Stress period:     2    Time step:  9943
    Solving:  Stress period:     2    Time step:  9944
    Solving:  Stress period:     2    Time step:  9945
    Solving:  Stress period:     2    Time step:  9946
    Solving:  Stress period:     2    Time step:  9947
    Solving:  Stress period:     2    Time step:  9948
    Solving:  Stress period:     2    Time step:  9949
    Solving:  Stress period:     2    Time step:  9950
    Solving:  Stress period:     2    Time step:  9951
    Solving:  Stress period:     2    Time step:  9952
    Solving:  Stress period:     2    Time step:  9953
    Solving:  Stress period:     2    Time step:  9954
    Solving:  Stress period:     2    Time step:  9955
    Solving:  Stress period:     2    Time step:  9956
    Solving:  Stress period:     2    Time step:  9957
    Solving:  Stress period:     2    Time step:  9958
    Solving:  Stress period:     2    Time step:  9959
    Solving:  Stress period:     2    Time step:  9960
    Solving:  Stress period:     2    Time step:  9961
    Solving:  Stress period:     2    Time step:  9962
    Solving:  Stress period:     2    Time step:  9963
    Solving:  Stress period:     2    Time step:  9964
    Solving:  Stress period:     2    Time step:  9965
    Solving:  Stress period:     2    Time step:  9966
    Solving:  Stress period:     2    Time step:  9967
    Solving:  Stress period:     2    Time step:  9968
    Solving:  Stress period:     2    Time step:  9969
    Solving:  Stress period:     2    Time step:  9970
    Solving:  Stress period:     2    Time step:  9971
    Solving:  Stress period:     2    Time step:  9972
    Solving:  Stress period:     2    Time step:  9973
    Solving:  Stress period:     2    Time step:  9974
    Solving:  Stress period:     2    Time step:  9975
    Solving:  Stress period:     2    Time step:  9976
    Solving:  Stress period:     2    Time step:  9977
    Solving:  Stress period:     2    Time step:  9978
    Solving:  Stress period:     2    Time step:  9979
    Solving:  Stress period:     2    Time step:  9980
    Solving:  Stress period:     2    Time step:  9981
    Solving:  Stress period:     2    Time step:  9982
    Solving:  Stress period:     2    Time step:  9983
    Solving:  Stress period:     2    Time step:  9984
    Solving:  Stress period:     2    Time step:  9985
    Solving:  Stress period:     2    Time step:  9986
    Solving:  Stress period:     2    Time step:  9987
    Solving:  Stress period:     2    Time step:  9988
    Solving:  Stress period:     2    Time step:  9989
    Solving:  Stress period:     2    Time step:  9990
    Solving:  Stress period:     2    Time step:  9991
    Solving:  Stress period:     2    Time step:  9992
    Solving:  Stress period:     2    Time step:  9993
    Solving:  Stress period:     2    Time step:  9994
    Solving:  Stress period:     2    Time step:  9995
    Solving:  Stress period:     2    Time step:  9996
    Solving:  Stress period:     2    Time step:  9997
    Solving:  Stress period:     2    Time step:  9998
    Solving:  Stress period:     2    Time step:  9999
    Solving:  Stress period:     2    Time step: 10000
    Solving:  Stress period:     2    Time step: 10001
    Solving:  Stress period:     2    Time step: 10002
    Solving:  Stress period:     2    Time step: 10003
    Solving:  Stress period:     2    Time step: 10004
    Solving:  Stress period:     2    Time step: 10005
    Solving:  Stress period:     2    Time step: 10006
    Solving:  Stress period:     2    Time step: 10007
    Solving:  Stress period:     2    Time step: 10008
    Solving:  Stress period:     2    Time step: 10009
    Solving:  Stress period:     2    Time step: 10010
    Solving:  Stress period:     2    Time step: 10011
    Solving:  Stress period:     2    Time step: 10012
    Solving:  Stress period:     2    Time step: 10013
    Solving:  Stress period:     2    Time step: 10014
    Solving:  Stress period:     2    Time step: 10015
    Solving:  Stress period:     2    Time step: 10016
    Solving:  Stress period:     2    Time step: 10017
    Solving:  Stress period:     2    Time step: 10018
    Solving:  Stress period:     2    Time step: 10019
    Solving:  Stress period:     2    Time step: 10020
    Solving:  Stress period:     2    Time step: 10021
    Solving:  Stress period:     2    Time step: 10022
    Solving:  Stress period:     2    Time step: 10023
    Solving:  Stress period:     2    Time step: 10024
    Solving:  Stress period:     2    Time step: 10025
    Solving:  Stress period:     2    Time step: 10026
    Solving:  Stress period:     2    Time step: 10027
    Solving:  Stress period:     2    Time step: 10028
    Solving:  Stress period:     2    Time step: 10029
    Solving:  Stress period:     2    Time step: 10030
    Solving:  Stress period:     2    Time step: 10031
    Solving:  Stress period:     2    Time step: 10032
    Solving:  Stress period:     2    Time step: 10033
    Solving:  Stress period:     2    Time step: 10034
    Solving:  Stress period:     2    Time step: 10035
    Solving:  Stress period:     2    Time step: 10036
    Solving:  Stress period:     2    Time step: 10037
    Solving:  Stress period:     2    Time step: 10038
    Solving:  Stress period:     2    Time step: 10039
    Solving:  Stress period:     2    Time step: 10040
    Solving:  Stress period:     2    Time step: 10041
    Solving:  Stress period:     2    Time step: 10042
    Solving:  Stress period:     2    Time step: 10043
    Solving:  Stress period:     2    Time step: 10044
    Solving:  Stress period:     2    Time step: 10045
    Solving:  Stress period:     2    Time step: 10046
    Solving:  Stress period:     2    Time step: 10047
    Solving:  Stress period:     2    Time step: 10048
    Solving:  Stress period:     2    Time step: 10049
    Solving:  Stress period:     2    Time step: 10050
    Solving:  Stress period:     2    Time step: 10051
    Solving:  Stress period:     2    Time step: 10052
    Solving:  Stress period:     2    Time step: 10053
    Solving:  Stress period:     2    Time step: 10054
    Solving:  Stress period:     2    Time step: 10055
    Solving:  Stress period:     2    Time step: 10056
    Solving:  Stress period:     2    Time step: 10057
    Solving:  Stress period:     2    Time step: 10058
    Solving:  Stress period:     2    Time step: 10059
    Solving:  Stress period:     2    Time step: 10060
    Solving:  Stress period:     2    Time step: 10061
    Solving:  Stress period:     2    Time step: 10062
    Solving:  Stress period:     2    Time step: 10063
    Solving:  Stress period:     2    Time step: 10064
    Solving:  Stress period:     2    Time step: 10065
    Solving:  Stress period:     2    Time step: 10066
    Solving:  Stress period:     2    Time step: 10067
    Solving:  Stress period:     2    Time step: 10068
    Solving:  Stress period:     2    Time step: 10069
    Solving:  Stress period:     2    Time step: 10070
    Solving:  Stress period:     2    Time step: 10071
    Solving:  Stress period:     2    Time step: 10072
    Solving:  Stress period:     2    Time step: 10073
    Solving:  Stress period:     2    Time step: 10074
    Solving:  Stress period:     2    Time step: 10075
    Solving:  Stress period:     2    Time step: 10076
    Solving:  Stress period:     2    Time step: 10077
    Solving:  Stress period:     2    Time step: 10078
    Solving:  Stress period:     2    Time step: 10079
    Solving:  Stress period:     2    Time step: 10080
    Solving:  Stress period:     2    Time step: 10081
    Solving:  Stress period:     2    Time step: 10082
    Solving:  Stress period:     2    Time step: 10083
    Solving:  Stress period:     2    Time step: 10084
    Solving:  Stress period:     2    Time step: 10085
    Solving:  Stress period:     2    Time step: 10086
    Solving:  Stress period:     2    Time step: 10087
    Solving:  Stress period:     2    Time step: 10088
    Solving:  Stress period:     2    Time step: 10089
    Solving:  Stress period:     2    Time step: 10090
    Solving:  Stress period:     2    Time step: 10091
    Solving:  Stress period:     2    Time step: 10092
    Solving:  Stress period:     2    Time step: 10093
    Solving:  Stress period:     2    Time step: 10094
    Solving:  Stress period:     2    Time step: 10095
    Solving:  Stress period:     2    Time step: 10096
    Solving:  Stress period:     2    Time step: 10097
    Solving:  Stress period:     2    Time step: 10098
    Solving:  Stress period:     2    Time step: 10099
    Solving:  Stress period:     2    Time step: 10100
    Solving:  Stress period:     2    Time step: 10101
    Solving:  Stress period:     2    Time step: 10102
    Solving:  Stress period:     2    Time step: 10103
    Solving:  Stress period:     2    Time step: 10104
    Solving:  Stress period:     2    Time step: 10105
    Solving:  Stress period:     2    Time step: 10106
    Solving:  Stress period:     2    Time step: 10107
    Solving:  Stress period:     2    Time step: 10108
    Solving:  Stress period:     2    Time step: 10109
    Solving:  Stress period:     2    Time step: 10110
    Solving:  Stress period:     2    Time step: 10111
    Solving:  Stress period:     2    Time step: 10112
    Solving:  Stress period:     2    Time step: 10113
    Solving:  Stress period:     2    Time step: 10114
    Solving:  Stress period:     2    Time step: 10115
    Solving:  Stress period:     2    Time step: 10116
    Solving:  Stress period:     2    Time step: 10117
    Solving:  Stress period:     2    Time step: 10118
    Solving:  Stress period:     2    Time step: 10119
    Solving:  Stress period:     2    Time step: 10120
    Solving:  Stress period:     2    Time step: 10121
    Solving:  Stress period:     2    Time step: 10122
    Solving:  Stress period:     2    Time step: 10123
    Solving:  Stress period:     2    Time step: 10124
    Solving:  Stress period:     2    Time step: 10125
    Solving:  Stress period:     2    Time step: 10126
    Solving:  Stress period:     2    Time step: 10127
    Solving:  Stress period:     2    Time step: 10128
    Solving:  Stress period:     2    Time step: 10129
    Solving:  Stress period:     2    Time step: 10130
    Solving:  Stress period:     2    Time step: 10131
    Solving:  Stress period:     2    Time step: 10132
    Solving:  Stress period:     2    Time step: 10133
    Solving:  Stress period:     2    Time step: 10134
    Solving:  Stress period:     2    Time step: 10135
    Solving:  Stress period:     2    Time step: 10136
    Solving:  Stress period:     2    Time step: 10137
    Solving:  Stress period:     2    Time step: 10138
    Solving:  Stress period:     2    Time step: 10139
    Solving:  Stress period:     2    Time step: 10140
    Solving:  Stress period:     2    Time step: 10141
    Solving:  Stress period:     2    Time step: 10142
    Solving:  Stress period:     2    Time step: 10143
    Solving:  Stress period:     2    Time step: 10144
    Solving:  Stress period:     2    Time step: 10145
    Solving:  Stress period:     2    Time step: 10146
    Solving:  Stress period:     2    Time step: 10147
    Solving:  Stress period:     2    Time step: 10148
    Solving:  Stress period:     2    Time step: 10149
    Solving:  Stress period:     2    Time step: 10150
    Solving:  Stress period:     2    Time step: 10151
    Solving:  Stress period:     2    Time step: 10152
    Solving:  Stress period:     2    Time step: 10153
    Solving:  Stress period:     2    Time step: 10154
    Solving:  Stress period:     2    Time step: 10155
    Solving:  Stress period:     2    Time step: 10156
    Solving:  Stress period:     2    Time step: 10157
    Solving:  Stress period:     2    Time step: 10158
    Solving:  Stress period:     2    Time step: 10159
    Solving:  Stress period:     2    Time step: 10160
    Solving:  Stress period:     2    Time step: 10161
    Solving:  Stress period:     2    Time step: 10162
    Solving:  Stress period:     2    Time step: 10163
    Solving:  Stress period:     2    Time step: 10164
    Solving:  Stress period:     2    Time step: 10165
    Solving:  Stress period:     2    Time step: 10166
    Solving:  Stress period:     2    Time step: 10167
    Solving:  Stress period:     2    Time step: 10168
    Solving:  Stress period:     2    Time step: 10169
    Solving:  Stress period:     2    Time step: 10170
    Solving:  Stress period:     2    Time step: 10171
    Solving:  Stress period:     2    Time step: 10172
    Solving:  Stress period:     2    Time step: 10173
    Solving:  Stress period:     2    Time step: 10174
    Solving:  Stress period:     2    Time step: 10175
    Solving:  Stress period:     2    Time step: 10176
    Solving:  Stress period:     2    Time step: 10177
    Solving:  Stress period:     2    Time step: 10178
    Solving:  Stress period:     2    Time step: 10179
    Solving:  Stress period:     2    Time step: 10180
    Solving:  Stress period:     2    Time step: 10181
    Solving:  Stress period:     2    Time step: 10182
    Solving:  Stress period:     2    Time step: 10183
    Solving:  Stress period:     2    Time step: 10184
    Solving:  Stress period:     2    Time step: 10185
    Solving:  Stress period:     2    Time step: 10186
    Solving:  Stress period:     2    Time step: 10187
    Solving:  Stress period:     2    Time step: 10188
    Solving:  Stress period:     2    Time step: 10189
    Solving:  Stress period:     2    Time step: 10190
    Solving:  Stress period:     2    Time step: 10191
    Solving:  Stress period:     2    Time step: 10192
    Solving:  Stress period:     2    Time step: 10193
    Solving:  Stress period:     2    Time step: 10194
    Solving:  Stress period:     2    Time step: 10195
    Solving:  Stress period:     2    Time step: 10196
    Solving:  Stress period:     2    Time step: 10197
    Solving:  Stress period:     2    Time step: 10198
    Solving:  Stress period:     2    Time step: 10199
    Solving:  Stress period:     2    Time step: 10200
    Solving:  Stress period:     2    Time step: 10201
    Solving:  Stress period:     2    Time step: 10202
    Solving:  Stress period:     2    Time step: 10203
    Solving:  Stress period:     2    Time step: 10204
    Solving:  Stress period:     2    Time step: 10205
    Solving:  Stress period:     2    Time step: 10206
    Solving:  Stress period:     2    Time step: 10207
    Solving:  Stress period:     2    Time step: 10208
    Solving:  Stress period:     2    Time step: 10209
    Solving:  Stress period:     2    Time step: 10210
    Solving:  Stress period:     2    Time step: 10211
    Solving:  Stress period:     2    Time step: 10212
    Solving:  Stress period:     2    Time step: 10213
    Solving:  Stress period:     2    Time step: 10214
    Solving:  Stress period:     2    Time step: 10215
    Solving:  Stress period:     2    Time step: 10216
    Solving:  Stress period:     2    Time step: 10217
    Solving:  Stress period:     2    Time step: 10218
    Solving:  Stress period:     2    Time step: 10219
    Solving:  Stress period:     2    Time step: 10220
    Solving:  Stress period:     2    Time step: 10221
    Solving:  Stress period:     2    Time step: 10222
    Solving:  Stress period:     2    Time step: 10223
    Solving:  Stress period:     2    Time step: 10224
    Solving:  Stress period:     2    Time step: 10225
    Solving:  Stress period:     2    Time step: 10226
    Solving:  Stress period:     2    Time step: 10227
    Solving:  Stress period:     2    Time step: 10228
    Solving:  Stress period:     2    Time step: 10229
    Solving:  Stress period:     2    Time step: 10230
    Solving:  Stress period:     2    Time step: 10231
    Solving:  Stress period:     2    Time step: 10232
    Solving:  Stress period:     2    Time step: 10233
    Solving:  Stress period:     2    Time step: 10234
    Solving:  Stress period:     2    Time step: 10235
    Solving:  Stress period:     2    Time step: 10236
    Solving:  Stress period:     2    Time step: 10237
    Solving:  Stress period:     2    Time step: 10238
    Solving:  Stress period:     2    Time step: 10239
    Solving:  Stress period:     2    Time step: 10240
    Solving:  Stress period:     2    Time step: 10241
    Solving:  Stress period:     2    Time step: 10242
    Solving:  Stress period:     2    Time step: 10243
    Solving:  Stress period:     2    Time step: 10244
    Solving:  Stress period:     2    Time step: 10245
    Solving:  Stress period:     2    Time step: 10246
    Solving:  Stress period:     2    Time step: 10247
    Solving:  Stress period:     2    Time step: 10248
    Solving:  Stress period:     2    Time step: 10249
    Solving:  Stress period:     2    Time step: 10250
    Solving:  Stress period:     2    Time step: 10251
    Solving:  Stress period:     2    Time step: 10252
    Solving:  Stress period:     2    Time step: 10253
    Solving:  Stress period:     2    Time step: 10254
    Solving:  Stress period:     2    Time step: 10255
    Solving:  Stress period:     2    Time step: 10256
    Solving:  Stress period:     2    Time step: 10257
    Solving:  Stress period:     2    Time step: 10258
    Solving:  Stress period:     2    Time step: 10259
    Solving:  Stress period:     2    Time step: 10260
    Solving:  Stress period:     2    Time step: 10261
    Solving:  Stress period:     2    Time step: 10262
    Solving:  Stress period:     2    Time step: 10263
    Solving:  Stress period:     2    Time step: 10264
    Solving:  Stress period:     2    Time step: 10265
    Solving:  Stress period:     2    Time step: 10266
    Solving:  Stress period:     2    Time step: 10267
    Solving:  Stress period:     2    Time step: 10268
    Solving:  Stress period:     2    Time step: 10269
    Solving:  Stress period:     2    Time step: 10270
    Solving:  Stress period:     2    Time step: 10271
    Solving:  Stress period:     2    Time step: 10272
    Solving:  Stress period:     2    Time step: 10273
    Solving:  Stress period:     2    Time step: 10274
    Solving:  Stress period:     2    Time step: 10275
    Solving:  Stress period:     2    Time step: 10276
    Solving:  Stress period:     2    Time step: 10277
    Solving:  Stress period:     2    Time step: 10278
    Solving:  Stress period:     2    Time step: 10279
    Solving:  Stress period:     2    Time step: 10280
    Solving:  Stress period:     2    Time step: 10281
    Solving:  Stress period:     2    Time step: 10282
    Solving:  Stress period:     2    Time step: 10283
    Solving:  Stress period:     2    Time step: 10284
    Solving:  Stress period:     2    Time step: 10285
    Solving:  Stress period:     2    Time step: 10286
    Solving:  Stress period:     2    Time step: 10287
    Solving:  Stress period:     2    Time step: 10288
    Solving:  Stress period:     2    Time step: 10289
    Solving:  Stress period:     2    Time step: 10290
    Solving:  Stress period:     2    Time step: 10291
    Solving:  Stress period:     2    Time step: 10292
    Solving:  Stress period:     2    Time step: 10293
    Solving:  Stress period:     2    Time step: 10294
    Solving:  Stress period:     2    Time step: 10295
    Solving:  Stress period:     2    Time step: 10296
    Solving:  Stress period:     2    Time step: 10297
    Solving:  Stress period:     2    Time step: 10298
    Solving:  Stress period:     2    Time step: 10299
    Solving:  Stress period:     2    Time step: 10300
    Solving:  Stress period:     2    Time step: 10301
    Solving:  Stress period:     2    Time step: 10302
    Solving:  Stress period:     2    Time step: 10303
    Solving:  Stress period:     2    Time step: 10304
    Solving:  Stress period:     2    Time step: 10305
    Solving:  Stress period:     2    Time step: 10306
    Solving:  Stress period:     2    Time step: 10307
    Solving:  Stress period:     2    Time step: 10308
    Solving:  Stress period:     2    Time step: 10309
    Solving:  Stress period:     2    Time step: 10310
    Solving:  Stress period:     2    Time step: 10311
    Solving:  Stress period:     2    Time step: 10312
    Solving:  Stress period:     2    Time step: 10313
    Solving:  Stress period:     2    Time step: 10314
    Solving:  Stress period:     2    Time step: 10315
    Solving:  Stress period:     2    Time step: 10316
    Solving:  Stress period:     2    Time step: 10317
    Solving:  Stress period:     2    Time step: 10318
    Solving:  Stress period:     2    Time step: 10319
    Solving:  Stress period:     2    Time step: 10320
    Solving:  Stress period:     2    Time step: 10321
    Solving:  Stress period:     2    Time step: 10322
    Solving:  Stress period:     2    Time step: 10323
    Solving:  Stress period:     2    Time step: 10324
    Solving:  Stress period:     2    Time step: 10325
    Solving:  Stress period:     2    Time step: 10326
    Solving:  Stress period:     2    Time step: 10327
    Solving:  Stress period:     2    Time step: 10328
    Solving:  Stress period:     2    Time step: 10329
    Solving:  Stress period:     2    Time step: 10330
    Solving:  Stress period:     2    Time step: 10331
    Solving:  Stress period:     2    Time step: 10332
    Solving:  Stress period:     2    Time step: 10333
    Solving:  Stress period:     2    Time step: 10334
    Solving:  Stress period:     2    Time step: 10335
    Solving:  Stress period:     2    Time step: 10336
    Solving:  Stress period:     2    Time step: 10337
    Solving:  Stress period:     2    Time step: 10338
    Solving:  Stress period:     2    Time step: 10339
    Solving:  Stress period:     2    Time step: 10340
    Solving:  Stress period:     2    Time step: 10341
    Solving:  Stress period:     2    Time step: 10342
    Solving:  Stress period:     2    Time step: 10343
    Solving:  Stress period:     2    Time step: 10344
    Solving:  Stress period:     2    Time step: 10345
    Solving:  Stress period:     2    Time step: 10346
    Solving:  Stress period:     2    Time step: 10347
    Solving:  Stress period:     2    Time step: 10348
    Solving:  Stress period:     2    Time step: 10349
    Solving:  Stress period:     2    Time step: 10350
    Solving:  Stress period:     2    Time step: 10351
    Solving:  Stress period:     2    Time step: 10352
    Solving:  Stress period:     2    Time step: 10353
    Solving:  Stress period:     2    Time step: 10354
    Solving:  Stress period:     2    Time step: 10355
    Solving:  Stress period:     2    Time step: 10356
    Solving:  Stress period:     2    Time step: 10357
    Solving:  Stress period:     2    Time step: 10358
    Solving:  Stress period:     2    Time step: 10359
    Solving:  Stress period:     2    Time step: 10360
    Solving:  Stress period:     2    Time step: 10361
    Solving:  Stress period:     2    Time step: 10362
    Solving:  Stress period:     2    Time step: 10363
    Solving:  Stress period:     2    Time step: 10364
    Solving:  Stress period:     2    Time step: 10365
    Solving:  Stress period:     2    Time step: 10366
    Solving:  Stress period:     2    Time step: 10367
    Solving:  Stress period:     2    Time step: 10368
    Solving:  Stress period:     2    Time step: 10369
    Solving:  Stress period:     2    Time step: 10370
    Solving:  Stress period:     2    Time step: 10371
    Solving:  Stress period:     2    Time step: 10372
    Solving:  Stress period:     2    Time step: 10373
    Solving:  Stress period:     2    Time step: 10374
    Solving:  Stress period:     2    Time step: 10375
    Solving:  Stress period:     2    Time step: 10376
    Solving:  Stress period:     2    Time step: 10377
    Solving:  Stress period:     2    Time step: 10378
    Solving:  Stress period:     2    Time step: 10379
    Solving:  Stress period:     2    Time step: 10380
    Solving:  Stress period:     2    Time step: 10381
    Solving:  Stress period:     2    Time step: 10382
    Solving:  Stress period:     2    Time step: 10383
    Solving:  Stress period:     2    Time step: 10384
    Solving:  Stress period:     2    Time step: 10385
    Solving:  Stress period:     2    Time step: 10386
    Solving:  Stress period:     2    Time step: 10387
    Solving:  Stress period:     2    Time step: 10388
    Solving:  Stress period:     2    Time step: 10389
    Solving:  Stress period:     2    Time step: 10390
    Solving:  Stress period:     2    Time step: 10391
    Solving:  Stress period:     2    Time step: 10392
    Solving:  Stress period:     2    Time step: 10393
    Solving:  Stress period:     2    Time step: 10394
    Solving:  Stress period:     2    Time step: 10395
    Solving:  Stress period:     2    Time step: 10396
    Solving:  Stress period:     2    Time step: 10397
    Solving:  Stress period:     2    Time step: 10398
    Solving:  Stress period:     2    Time step: 10399
    Solving:  Stress period:     2    Time step: 10400
    Solving:  Stress period:     2    Time step: 10401
    Solving:  Stress period:     2    Time step: 10402
    Solving:  Stress period:     2    Time step: 10403
    Solving:  Stress period:     2    Time step: 10404
    Solving:  Stress period:     2    Time step: 10405
    Solving:  Stress period:     2    Time step: 10406
    Solving:  Stress period:     2    Time step: 10407
    Solving:  Stress period:     2    Time step: 10408
    Solving:  Stress period:     2    Time step: 10409
    Solving:  Stress period:     2    Time step: 10410
    Solving:  Stress period:     2    Time step: 10411
    Solving:  Stress period:     2    Time step: 10412
    Solving:  Stress period:     2    Time step: 10413
    Solving:  Stress period:     2    Time step: 10414
    Solving:  Stress period:     2    Time step: 10415
    Solving:  Stress period:     2    Time step: 10416
    Solving:  Stress period:     2    Time step: 10417
    Solving:  Stress period:     2    Time step: 10418
    Solving:  Stress period:     2    Time step: 10419
    Solving:  Stress period:     2    Time step: 10420
    Solving:  Stress period:     2    Time step: 10421
    Solving:  Stress period:     2    Time step: 10422
    Solving:  Stress period:     2    Time step: 10423
    Solving:  Stress period:     2    Time step: 10424
    Solving:  Stress period:     2    Time step: 10425
    Solving:  Stress period:     2    Time step: 10426
    Solving:  Stress period:     2    Time step: 10427
    Solving:  Stress period:     2    Time step: 10428
    Solving:  Stress period:     2    Time step: 10429
    Solving:  Stress period:     2    Time step: 10430
    Solving:  Stress period:     2    Time step: 10431
    Solving:  Stress period:     2    Time step: 10432
    Solving:  Stress period:     2    Time step: 10433
    Solving:  Stress period:     2    Time step: 10434
    Solving:  Stress period:     2    Time step: 10435
    Solving:  Stress period:     2    Time step: 10436
    Solving:  Stress period:     2    Time step: 10437
    Solving:  Stress period:     2    Time step: 10438
    Solving:  Stress period:     2    Time step: 10439
    Solving:  Stress period:     2    Time step: 10440
    Solving:  Stress period:     2    Time step: 10441
    Solving:  Stress period:     2    Time step: 10442
    Solving:  Stress period:     2    Time step: 10443
    Solving:  Stress period:     2    Time step: 10444
    Solving:  Stress period:     2    Time step: 10445
    Solving:  Stress period:     2    Time step: 10446
    Solving:  Stress period:     2    Time step: 10447
    Solving:  Stress period:     2    Time step: 10448
    Solving:  Stress period:     2    Time step: 10449
    Solving:  Stress period:     2    Time step: 10450
    Solving:  Stress period:     2    Time step: 10451
    Solving:  Stress period:     2    Time step: 10452
    Solving:  Stress period:     2    Time step: 10453
    Solving:  Stress period:     2    Time step: 10454
    Solving:  Stress period:     2    Time step: 10455
    Solving:  Stress period:     2    Time step: 10456
    Solving:  Stress period:     2    Time step: 10457
    Solving:  Stress period:     2    Time step: 10458
    Solving:  Stress period:     2    Time step: 10459
    Solving:  Stress period:     2    Time step: 10460
    Solving:  Stress period:     2    Time step: 10461
    Solving:  Stress period:     2    Time step: 10462
    Solving:  Stress period:     2    Time step: 10463
    Solving:  Stress period:     2    Time step: 10464
    Solving:  Stress period:     2    Time step: 10465
    Solving:  Stress period:     2    Time step: 10466
    Solving:  Stress period:     2    Time step: 10467
    Solving:  Stress period:     2    Time step: 10468
    Solving:  Stress period:     2    Time step: 10469
    Solving:  Stress period:     2    Time step: 10470
    Solving:  Stress period:     2    Time step: 10471
    Solving:  Stress period:     2    Time step: 10472
    Solving:  Stress period:     2    Time step: 10473
    Solving:  Stress period:     2    Time step: 10474
    Solving:  Stress period:     2    Time step: 10475
    Solving:  Stress period:     2    Time step: 10476
    Solving:  Stress period:     2    Time step: 10477
    Solving:  Stress period:     2    Time step: 10478
    Solving:  Stress period:     2    Time step: 10479
    Solving:  Stress period:     2    Time step: 10480
    Solving:  Stress period:     2    Time step: 10481
    Solving:  Stress period:     2    Time step: 10482
    Solving:  Stress period:     2    Time step: 10483
    Solving:  Stress period:     2    Time step: 10484
    Solving:  Stress period:     2    Time step: 10485
    Solving:  Stress period:     2    Time step: 10486
    Solving:  Stress period:     2    Time step: 10487
    Solving:  Stress period:     2    Time step: 10488
    Solving:  Stress period:     2    Time step: 10489
    Solving:  Stress period:     2    Time step: 10490
    Solving:  Stress period:     2    Time step: 10491
    Solving:  Stress period:     2    Time step: 10492
    Solving:  Stress period:     2    Time step: 10493
    Solving:  Stress period:     2    Time step: 10494
    Solving:  Stress period:     2    Time step: 10495
    Solving:  Stress period:     2    Time step: 10496
    Solving:  Stress period:     2    Time step: 10497
    Solving:  Stress period:     2    Time step: 10498
    Solving:  Stress period:     2    Time step: 10499
    Solving:  Stress period:     2    Time step: 10500
    Solving:  Stress period:     2    Time step: 10501
    Solving:  Stress period:     2    Time step: 10502
    Solving:  Stress period:     2    Time step: 10503
    Solving:  Stress period:     2    Time step: 10504
    Solving:  Stress period:     2    Time step: 10505
    Solving:  Stress period:     2    Time step: 10506
    Solving:  Stress period:     2    Time step: 10507
    Solving:  Stress period:     2    Time step: 10508
    Solving:  Stress period:     2    Time step: 10509
    Solving:  Stress period:     2    Time step: 10510
    Solving:  Stress period:     2    Time step: 10511
    Solving:  Stress period:     2    Time step: 10512
    Solving:  Stress period:     2    Time step: 10513
    Solving:  Stress period:     2    Time step: 10514
    Solving:  Stress period:     2    Time step: 10515
    Solving:  Stress period:     2    Time step: 10516
    Solving:  Stress period:     2    Time step: 10517
    Solving:  Stress period:     2    Time step: 10518
    Solving:  Stress period:     2    Time step: 10519
    Solving:  Stress period:     2    Time step: 10520
    Solving:  Stress period:     2    Time step: 10521
    Solving:  Stress period:     2    Time step: 10522
    Solving:  Stress period:     2    Time step: 10523
    Solving:  Stress period:     2    Time step: 10524
    Solving:  Stress period:     2    Time step: 10525
    Solving:  Stress period:     2    Time step: 10526
    Solving:  Stress period:     2    Time step: 10527
    Solving:  Stress period:     2    Time step: 10528
    Solving:  Stress period:     2    Time step: 10529
    Solving:  Stress period:     2    Time step: 10530
    Solving:  Stress period:     2    Time step: 10531
    Solving:  Stress period:     2    Time step: 10532
    Solving:  Stress period:     2    Time step: 10533
    Solving:  Stress period:     2    Time step: 10534
    Solving:  Stress period:     2    Time step: 10535
    Solving:  Stress period:     2    Time step: 10536
    Solving:  Stress period:     2    Time step: 10537
    Solving:  Stress period:     2    Time step: 10538
    Solving:  Stress period:     2    Time step: 10539
    Solving:  Stress period:     2    Time step: 10540
    Solving:  Stress period:     2    Time step: 10541
    Solving:  Stress period:     2    Time step: 10542
    Solving:  Stress period:     2    Time step: 10543
    Solving:  Stress period:     2    Time step: 10544
    Solving:  Stress period:     2    Time step: 10545
    Solving:  Stress period:     2    Time step: 10546
    Solving:  Stress period:     2    Time step: 10547
    Solving:  Stress period:     2    Time step: 10548
    Solving:  Stress period:     2    Time step: 10549
    Solving:  Stress period:     2    Time step: 10550
    Solving:  Stress period:     2    Time step: 10551
    Solving:  Stress period:     2    Time step: 10552
    Solving:  Stress period:     2    Time step: 10553
    Solving:  Stress period:     2    Time step: 10554
    Solving:  Stress period:     2    Time step: 10555
    Solving:  Stress period:     2    Time step: 10556
    Solving:  Stress period:     2    Time step: 10557
    Solving:  Stress period:     2    Time step: 10558
    Solving:  Stress period:     2    Time step: 10559
    Solving:  Stress period:     2    Time step: 10560
    Solving:  Stress period:     2    Time step: 10561
    Solving:  Stress period:     2    Time step: 10562
    Solving:  Stress period:     2    Time step: 10563
    Solving:  Stress period:     2    Time step: 10564
    Solving:  Stress period:     2    Time step: 10565
    Solving:  Stress period:     2    Time step: 10566
    Solving:  Stress period:     2    Time step: 10567
    Solving:  Stress period:     2    Time step: 10568
    Solving:  Stress period:     2    Time step: 10569
    Solving:  Stress period:     2    Time step: 10570
    Solving:  Stress period:     2    Time step: 10571
    Solving:  Stress period:     2    Time step: 10572
    Solving:  Stress period:     2    Time step: 10573
    Solving:  Stress period:     2    Time step: 10574
    Solving:  Stress period:     2    Time step: 10575
    Solving:  Stress period:     2    Time step: 10576
    Solving:  Stress period:     2    Time step: 10577
    Solving:  Stress period:     2    Time step: 10578
    Solving:  Stress period:     2    Time step: 10579
    Solving:  Stress period:     2    Time step: 10580
    Solving:  Stress period:     2    Time step: 10581
    Solving:  Stress period:     2    Time step: 10582
    Solving:  Stress period:     2    Time step: 10583
    Solving:  Stress period:     2    Time step: 10584
    Solving:  Stress period:     2    Time step: 10585
    Solving:  Stress period:     2    Time step: 10586
    Solving:  Stress period:     2    Time step: 10587
    Solving:  Stress period:     2    Time step: 10588
    Solving:  Stress period:     2    Time step: 10589
    Solving:  Stress period:     2    Time step: 10590
    Solving:  Stress period:     2    Time step: 10591
    Solving:  Stress period:     2    Time step: 10592
    Solving:  Stress period:     2    Time step: 10593
    Solving:  Stress period:     2    Time step: 10594
    Solving:  Stress period:     2    Time step: 10595
    Solving:  Stress period:     2    Time step: 10596
    Solving:  Stress period:     2    Time step: 10597
    Solving:  Stress period:     2    Time step: 10598
    Solving:  Stress period:     2    Time step: 10599
    Solving:  Stress period:     2    Time step: 10600
    Solving:  Stress period:     2    Time step: 10601
    Solving:  Stress period:     2    Time step: 10602
    Solving:  Stress period:     2    Time step: 10603
    Solving:  Stress period:     2    Time step: 10604
    Solving:  Stress period:     2    Time step: 10605
    Solving:  Stress period:     2    Time step: 10606
    Solving:  Stress period:     2    Time step: 10607
    Solving:  Stress period:     2    Time step: 10608
    Solving:  Stress period:     2    Time step: 10609
    Solving:  Stress period:     2    Time step: 10610
    Solving:  Stress period:     2    Time step: 10611
    Solving:  Stress period:     2    Time step: 10612
    Solving:  Stress period:     2    Time step: 10613
    Solving:  Stress period:     2    Time step: 10614
    Solving:  Stress period:     2    Time step: 10615
    Solving:  Stress period:     2    Time step: 10616
    Solving:  Stress period:     2    Time step: 10617
    Solving:  Stress period:     2    Time step: 10618
    Solving:  Stress period:     2    Time step: 10619
    Solving:  Stress period:     2    Time step: 10620
    Solving:  Stress period:     2    Time step: 10621
    Solving:  Stress period:     2    Time step: 10622
    Solving:  Stress period:     2    Time step: 10623
    Solving:  Stress period:     2    Time step: 10624
    Solving:  Stress period:     2    Time step: 10625
    Solving:  Stress period:     2    Time step: 10626
    Solving:  Stress period:     2    Time step: 10627
    Solving:  Stress period:     2    Time step: 10628
    Solving:  Stress period:     2    Time step: 10629
    Solving:  Stress period:     2    Time step: 10630
    Solving:  Stress period:     2    Time step: 10631
    Solving:  Stress period:     2    Time step: 10632
    Solving:  Stress period:     2    Time step: 10633
    Solving:  Stress period:     2    Time step: 10634
    Solving:  Stress period:     2    Time step: 10635
    Solving:  Stress period:     2    Time step: 10636
    Solving:  Stress period:     2    Time step: 10637
    Solving:  Stress period:     2    Time step: 10638
    Solving:  Stress period:     2    Time step: 10639
    Solving:  Stress period:     2    Time step: 10640
    Solving:  Stress period:     2    Time step: 10641
    Solving:  Stress period:     2    Time step: 10642
    Solving:  Stress period:     2    Time step: 10643
    Solving:  Stress period:     2    Time step: 10644
    Solving:  Stress period:     2    Time step: 10645
    Solving:  Stress period:     2    Time step: 10646
    Solving:  Stress period:     2    Time step: 10647
    Solving:  Stress period:     2    Time step: 10648
    Solving:  Stress period:     2    Time step: 10649
    Solving:  Stress period:     2    Time step: 10650
    Solving:  Stress period:     2    Time step: 10651
    Solving:  Stress period:     2    Time step: 10652
    Solving:  Stress period:     2    Time step: 10653
    Solving:  Stress period:     2    Time step: 10654
    Solving:  Stress period:     2    Time step: 10655
    Solving:  Stress period:     2    Time step: 10656
    Solving:  Stress period:     2    Time step: 10657
    Solving:  Stress period:     2    Time step: 10658
    Solving:  Stress period:     2    Time step: 10659
    Solving:  Stress period:     2    Time step: 10660
    Solving:  Stress period:     2    Time step: 10661
    Solving:  Stress period:     2    Time step: 10662
    Solving:  Stress period:     2    Time step: 10663
    Solving:  Stress period:     2    Time step: 10664
    Solving:  Stress period:     2    Time step: 10665
    Solving:  Stress period:     2    Time step: 10666
    Solving:  Stress period:     2    Time step: 10667
    Solving:  Stress period:     2    Time step: 10668
    Solving:  Stress period:     2    Time step: 10669
    Solving:  Stress period:     2    Time step: 10670
    Solving:  Stress period:     2    Time step: 10671
    Solving:  Stress period:     2    Time step: 10672
    Solving:  Stress period:     2    Time step: 10673
    Solving:  Stress period:     2    Time step: 10674
    Solving:  Stress period:     2    Time step: 10675
    Solving:  Stress period:     2    Time step: 10676
    Solving:  Stress period:     2    Time step: 10677
    Solving:  Stress period:     2    Time step: 10678
    Solving:  Stress period:     2    Time step: 10679
    Solving:  Stress period:     2    Time step: 10680
    Solving:  Stress period:     2    Time step: 10681
    Solving:  Stress period:     2    Time step: 10682
    Solving:  Stress period:     2    Time step: 10683
    Solving:  Stress period:     2    Time step: 10684
    Solving:  Stress period:     2    Time step: 10685
    Solving:  Stress period:     2    Time step: 10686
    Solving:  Stress period:     2    Time step: 10687
    Solving:  Stress period:     2    Time step: 10688
    Solving:  Stress period:     2    Time step: 10689
    Solving:  Stress period:     2    Time step: 10690
    Solving:  Stress period:     2    Time step: 10691
    Solving:  Stress period:     2    Time step: 10692
    Solving:  Stress period:     2    Time step: 10693
    Solving:  Stress period:     2    Time step: 10694
    Solving:  Stress period:     2    Time step: 10695
    Solving:  Stress period:     2    Time step: 10696
    Solving:  Stress period:     2    Time step: 10697
    Solving:  Stress period:     2    Time step: 10698
    Solving:  Stress period:     2    Time step: 10699
    Solving:  Stress period:     2    Time step: 10700
    Solving:  Stress period:     2    Time step: 10701
    Solving:  Stress period:     2    Time step: 10702
    Solving:  Stress period:     2    Time step: 10703
    Solving:  Stress period:     2    Time step: 10704
    Solving:  Stress period:     2    Time step: 10705
    Solving:  Stress period:     2    Time step: 10706
    Solving:  Stress period:     2    Time step: 10707
    Solving:  Stress period:     2    Time step: 10708
    Solving:  Stress period:     2    Time step: 10709
    Solving:  Stress period:     2    Time step: 10710
    Solving:  Stress period:     2    Time step: 10711
    Solving:  Stress period:     2    Time step: 10712
    Solving:  Stress period:     2    Time step: 10713
    Solving:  Stress period:     2    Time step: 10714
    Solving:  Stress period:     2    Time step: 10715
    Solving:  Stress period:     2    Time step: 10716
    Solving:  Stress period:     2    Time step: 10717
    Solving:  Stress period:     2    Time step: 10718
    Solving:  Stress period:     2    Time step: 10719
    Solving:  Stress period:     2    Time step: 10720
    Solving:  Stress period:     2    Time step: 10721
    Solving:  Stress period:     2    Time step: 10722
    Solving:  Stress period:     2    Time step: 10723
    Solving:  Stress period:     2    Time step: 10724
    Solving:  Stress period:     2    Time step: 10725
    Solving:  Stress period:     2    Time step: 10726
    Solving:  Stress period:     2    Time step: 10727
    Solving:  Stress period:     2    Time step: 10728
    Solving:  Stress period:     2    Time step: 10729
    Solving:  Stress period:     2    Time step: 10730
    Solving:  Stress period:     2    Time step: 10731
    Solving:  Stress period:     2    Time step: 10732
    Solving:  Stress period:     2    Time step: 10733
    Solving:  Stress period:     2    Time step: 10734
    Solving:  Stress period:     2    Time step: 10735
    Solving:  Stress period:     2    Time step: 10736
    Solving:  Stress period:     2    Time step: 10737
    Solving:  Stress period:     2    Time step: 10738
    Solving:  Stress period:     2    Time step: 10739
    Solving:  Stress period:     2    Time step: 10740
    Solving:  Stress period:     2    Time step: 10741
    Solving:  Stress period:     2    Time step: 10742
    Solving:  Stress period:     2    Time step: 10743
    Solving:  Stress period:     2    Time step: 10744
    Solving:  Stress period:     2    Time step: 10745
    Solving:  Stress period:     2    Time step: 10746
    Solving:  Stress period:     2    Time step: 10747
    Solving:  Stress period:     2    Time step: 10748
    Solving:  Stress period:     2    Time step: 10749
    Solving:  Stress period:     2    Time step: 10750
    Solving:  Stress period:     2    Time step: 10751
    Solving:  Stress period:     2    Time step: 10752
    Solving:  Stress period:     2    Time step: 10753
    Solving:  Stress period:     2    Time step: 10754
    Solving:  Stress period:     2    Time step: 10755
    Solving:  Stress period:     2    Time step: 10756
    Solving:  Stress period:     2    Time step: 10757
    Solving:  Stress period:     2    Time step: 10758
    Solving:  Stress period:     2    Time step: 10759
    Solving:  Stress period:     2    Time step: 10760
    Solving:  Stress period:     2    Time step: 10761
    Solving:  Stress period:     2    Time step: 10762
    Solving:  Stress period:     2    Time step: 10763
    Solving:  Stress period:     2    Time step: 10764
    Solving:  Stress period:     2    Time step: 10765
    Solving:  Stress period:     2    Time step: 10766
    Solving:  Stress period:     2    Time step: 10767
    Solving:  Stress period:     2    Time step: 10768
    Solving:  Stress period:     2    Time step: 10769
    Solving:  Stress period:     2    Time step: 10770
    Solving:  Stress period:     2    Time step: 10771
    Solving:  Stress period:     2    Time step: 10772
    Solving:  Stress period:     2    Time step: 10773
    Solving:  Stress period:     2    Time step: 10774
    Solving:  Stress period:     2    Time step: 10775
    Solving:  Stress period:     2    Time step: 10776
    Solving:  Stress period:     2    Time step: 10777
    Solving:  Stress period:     2    Time step: 10778
    Solving:  Stress period:     2    Time step: 10779
    Solving:  Stress period:     2    Time step: 10780
    Solving:  Stress period:     2    Time step: 10781
    Solving:  Stress period:     2    Time step: 10782
    Solving:  Stress period:     2    Time step: 10783
    Solving:  Stress period:     2    Time step: 10784
    Solving:  Stress period:     2    Time step: 10785
    Solving:  Stress period:     2    Time step: 10786
    Solving:  Stress period:     2    Time step: 10787
    Solving:  Stress period:     2    Time step: 10788
    Solving:  Stress period:     2    Time step: 10789
    Solving:  Stress period:     2    Time step: 10790
    Solving:  Stress period:     2    Time step: 10791
    Solving:  Stress period:     2    Time step: 10792
    Solving:  Stress period:     2    Time step: 10793
    Solving:  Stress period:     2    Time step: 10794
    Solving:  Stress period:     2    Time step: 10795
    Solving:  Stress period:     2    Time step: 10796
    Solving:  Stress period:     2    Time step: 10797
    Solving:  Stress period:     2    Time step: 10798
    Solving:  Stress period:     2    Time step: 10799
    Solving:  Stress period:     2    Time step: 10800
    Solving:  Stress period:     2    Time step: 10801
    Solving:  Stress period:     2    Time step: 10802
    Solving:  Stress period:     2    Time step: 10803
    Solving:  Stress period:     2    Time step: 10804
    Solving:  Stress period:     2    Time step: 10805
    Solving:  Stress period:     2    Time step: 10806
    Solving:  Stress period:     2    Time step: 10807
    Solving:  Stress period:     2    Time step: 10808
    Solving:  Stress period:     2    Time step: 10809
    Solving:  Stress period:     2    Time step: 10810
    Solving:  Stress period:     2    Time step: 10811
    Solving:  Stress period:     2    Time step: 10812
    Solving:  Stress period:     2    Time step: 10813
    Solving:  Stress period:     2    Time step: 10814
    Solving:  Stress period:     2    Time step: 10815
    Solving:  Stress period:     2    Time step: 10816
    Solving:  Stress period:     2    Time step: 10817
    Solving:  Stress period:     2    Time step: 10818
    Solving:  Stress period:     2    Time step: 10819
    Solving:  Stress period:     2    Time step: 10820
    Solving:  Stress period:     2    Time step: 10821
    Solving:  Stress period:     2    Time step: 10822
    Solving:  Stress period:     2    Time step: 10823
    Solving:  Stress period:     2    Time step: 10824
    Solving:  Stress period:     2    Time step: 10825
    Solving:  Stress period:     2    Time step: 10826
    Solving:  Stress period:     2    Time step: 10827
    Solving:  Stress period:     2    Time step: 10828
    Solving:  Stress period:     2    Time step: 10829
    Solving:  Stress period:     2    Time step: 10830
    Solving:  Stress period:     2    Time step: 10831
    Solving:  Stress period:     2    Time step: 10832
    Solving:  Stress period:     2    Time step: 10833
    Solving:  Stress period:     2    Time step: 10834
    Solving:  Stress period:     2    Time step: 10835
    Solving:  Stress period:     2    Time step: 10836
    Solving:  Stress period:     2    Time step: 10837
    Solving:  Stress period:     2    Time step: 10838
    Solving:  Stress period:     2    Time step: 10839
    Solving:  Stress period:     2    Time step: 10840
    Solving:  Stress period:     2    Time step: 10841
    Solving:  Stress period:     2    Time step: 10842
    Solving:  Stress period:     2    Time step: 10843
    Solving:  Stress period:     2    Time step: 10844
    Solving:  Stress period:     2    Time step: 10845
    Solving:  Stress period:     2    Time step: 10846
    Solving:  Stress period:     2    Time step: 10847
    Solving:  Stress period:     2    Time step: 10848
    Solving:  Stress period:     2    Time step: 10849
    Solving:  Stress period:     2    Time step: 10850
    Solving:  Stress period:     2    Time step: 10851
    Solving:  Stress period:     2    Time step: 10852
    Solving:  Stress period:     2    Time step: 10853
    Solving:  Stress period:     2    Time step: 10854
    Solving:  Stress period:     2    Time step: 10855
    Solving:  Stress period:     2    Time step: 10856
    Solving:  Stress period:     2    Time step: 10857
    Solving:  Stress period:     2    Time step: 10858
    Solving:  Stress period:     2    Time step: 10859
    Solving:  Stress period:     2    Time step: 10860
    Solving:  Stress period:     2    Time step: 10861
    Solving:  Stress period:     2    Time step: 10862
    Solving:  Stress period:     2    Time step: 10863
    Solving:  Stress period:     2    Time step: 10864
    Solving:  Stress period:     2    Time step: 10865
    Solving:  Stress period:     2    Time step: 10866
    Solving:  Stress period:     2    Time step: 10867
    Solving:  Stress period:     2    Time step: 10868
    Solving:  Stress period:     2    Time step: 10869
    Solving:  Stress period:     2    Time step: 10870
    Solving:  Stress period:     2    Time step: 10871
    Solving:  Stress period:     2    Time step: 10872
    Solving:  Stress period:     2    Time step: 10873
    Solving:  Stress period:     2    Time step: 10874
    Solving:  Stress period:     2    Time step: 10875
    Solving:  Stress period:     2    Time step: 10876
    Solving:  Stress period:     2    Time step: 10877
    Solving:  Stress period:     2    Time step: 10878
    Solving:  Stress period:     2    Time step: 10879
    Solving:  Stress period:     2    Time step: 10880
    Solving:  Stress period:     2    Time step: 10881
    Solving:  Stress period:     2    Time step: 10882
    Solving:  Stress period:     2    Time step: 10883
    Solving:  Stress period:     2    Time step: 10884
    Solving:  Stress period:     2    Time step: 10885
    Solving:  Stress period:     2    Time step: 10886
    Solving:  Stress period:     2    Time step: 10887
    Solving:  Stress period:     2    Time step: 10888
    Solving:  Stress period:     2    Time step: 10889
    Solving:  Stress period:     2    Time step: 10890
    Solving:  Stress period:     2    Time step: 10891
    Solving:  Stress period:     2    Time step: 10892
    Solving:  Stress period:     2    Time step: 10893
    Solving:  Stress period:     2    Time step: 10894
    Solving:  Stress period:     2    Time step: 10895
    Solving:  Stress period:     2    Time step: 10896
    Solving:  Stress period:     2    Time step: 10897
    Solving:  Stress period:     2    Time step: 10898
    Solving:  Stress period:     2    Time step: 10899
    Solving:  Stress period:     2    Time step: 10900
    Solving:  Stress period:     2    Time step: 10901
    Solving:  Stress period:     2    Time step: 10902
    Solving:  Stress period:     2    Time step: 10903
    Solving:  Stress period:     2    Time step: 10904
    Solving:  Stress period:     2    Time step: 10905
    Solving:  Stress period:     2    Time step: 10906
    Solving:  Stress period:     2    Time step: 10907
    Solving:  Stress period:     2    Time step: 10908
    Solving:  Stress period:     2    Time step: 10909
    Solving:  Stress period:     2    Time step: 10910
    Solving:  Stress period:     2    Time step: 10911
    Solving:  Stress period:     2    Time step: 10912
    Solving:  Stress period:     2    Time step: 10913
    Solving:  Stress period:     2    Time step: 10914
    Solving:  Stress period:     2    Time step: 10915
    Solving:  Stress period:     2    Time step: 10916
    Solving:  Stress period:     2    Time step: 10917
    Solving:  Stress period:     2    Time step: 10918
    Solving:  Stress period:     2    Time step: 10919
    Solving:  Stress period:     2    Time step: 10920
    Solving:  Stress period:     2    Time step: 10921
    Solving:  Stress period:     2    Time step: 10922
    Solving:  Stress period:     2    Time step: 10923
    Solving:  Stress period:     2    Time step: 10924
    Solving:  Stress period:     2    Time step: 10925
    Solving:  Stress period:     2    Time step: 10926
    Solving:  Stress period:     2    Time step: 10927
    Solving:  Stress period:     2    Time step: 10928
    Solving:  Stress period:     2    Time step: 10929
    Solving:  Stress period:     2    Time step: 10930
    Solving:  Stress period:     2    Time step: 10931
    Solving:  Stress period:     2    Time step: 10932
    Solving:  Stress period:     2    Time step: 10933
    Solving:  Stress period:     2    Time step: 10934
    Solving:  Stress period:     2    Time step: 10935
    Solving:  Stress period:     2    Time step: 10936
    Solving:  Stress period:     2    Time step: 10937
    Solving:  Stress period:     2    Time step: 10938
    Solving:  Stress period:     2    Time step: 10939
    Solving:  Stress period:     2    Time step: 10940
    Solving:  Stress period:     2    Time step: 10941
    Solving:  Stress period:     2    Time step: 10942
    Solving:  Stress period:     2    Time step: 10943
    Solving:  Stress period:     2    Time step: 10944
    Solving:  Stress period:     2    Time step: 10945
    Solving:  Stress period:     2    Time step: 10946
    Solving:  Stress period:     2    Time step: 10947
    Solving:  Stress period:     2    Time step: 10948
    Solving:  Stress period:     2    Time step: 10949
    Solving:  Stress period:     2    Time step: 10950
    Solving:  Stress period:     2    Time step: 10951
    Solving:  Stress period:     2    Time step: 10952
    Solving:  Stress period:     2    Time step: 10953
    Solving:  Stress period:     2    Time step: 10954
    Solving:  Stress period:     2    Time step: 10955
    Solving:  Stress period:     2    Time step: 10956
    Solving:  Stress period:     2    Time step: 10957
    Solving:  Stress period:     2    Time step: 10958
    Solving:  Stress period:     2    Time step: 10959
    Solving:  Stress period:     2    Time step: 10960
    Solving:  Stress period:     2    Time step: 10961
    Solving:  Stress period:     2    Time step: 10962
    Solving:  Stress period:     2    Time step: 10963
    Solving:  Stress period:     2    Time step: 10964
    Solving:  Stress period:     2    Time step: 10965
    Solving:  Stress period:     2    Time step: 10966
    Solving:  Stress period:     2    Time step: 10967
    Solving:  Stress period:     2    Time step: 10968
    Solving:  Stress period:     2    Time step: 10969
    Solving:  Stress period:     2    Time step: 10970
    Solving:  Stress period:     2    Time step: 10971
    Solving:  Stress period:     2    Time step: 10972
    Solving:  Stress period:     2    Time step: 10973
    Solving:  Stress period:     2    Time step: 10974
    Solving:  Stress period:     2    Time step: 10975
    Solving:  Stress period:     2    Time step: 10976
    Solving:  Stress period:     2    Time step: 10977
    Solving:  Stress period:     2    Time step: 10978
    Solving:  Stress period:     2    Time step: 10979
    Solving:  Stress period:     2    Time step: 10980
    Solving:  Stress period:     2    Time step: 10981
    Solving:  Stress period:     2    Time step: 10982
    Solving:  Stress period:     2    Time step: 10983
    Solving:  Stress period:     2    Time step: 10984
    Solving:  Stress period:     2    Time step: 10985
    Solving:  Stress period:     2    Time step: 10986
    Solving:  Stress period:     2    Time step: 10987
    Solving:  Stress period:     2    Time step: 10988
    Solving:  Stress period:     2    Time step: 10989
    Solving:  Stress period:     2    Time step: 10990
    Solving:  Stress period:     2    Time step: 10991
    Solving:  Stress period:     2    Time step: 10992
    Solving:  Stress period:     2    Time step: 10993
    Solving:  Stress period:     2    Time step: 10994
    Solving:  Stress period:     2    Time step: 10995
    Solving:  Stress period:     2    Time step: 10996
    Solving:  Stress period:     2    Time step: 10997
    Solving:  Stress period:     2    Time step: 10998
    Solving:  Stress period:     2    Time step: 10999
    Solving:  Stress period:     2    Time step: 11000
    Solving:  Stress period:     2    Time step: 11001
    Solving:  Stress period:     2    Time step: 11002
    Solving:  Stress period:     2    Time step: 11003
    Solving:  Stress period:     2    Time step: 11004
    Solving:  Stress period:     2    Time step: 11005
    Solving:  Stress period:     2    Time step: 11006
    Solving:  Stress period:     2    Time step: 11007
    Solving:  Stress period:     2    Time step: 11008
    Solving:  Stress period:     2    Time step: 11009
    Solving:  Stress period:     2    Time step: 11010
    Solving:  Stress period:     2    Time step: 11011
    Solving:  Stress period:     2    Time step: 11012
    Solving:  Stress period:     2    Time step: 11013
    Solving:  Stress period:     2    Time step: 11014
    Solving:  Stress period:     2    Time step: 11015
    Solving:  Stress period:     2    Time step: 11016
    Solving:  Stress period:     2    Time step: 11017
    Solving:  Stress period:     2    Time step: 11018
    Solving:  Stress period:     2    Time step: 11019
    Solving:  Stress period:     2    Time step: 11020
    Solving:  Stress period:     2    Time step: 11021
    Solving:  Stress period:     2    Time step: 11022
    Solving:  Stress period:     2    Time step: 11023
    Solving:  Stress period:     2    Time step: 11024
    Solving:  Stress period:     2    Time step: 11025
    Solving:  Stress period:     2    Time step: 11026
    Solving:  Stress period:     2    Time step: 11027
    Solving:  Stress period:     2    Time step: 11028
    Solving:  Stress period:     2    Time step: 11029
    Solving:  Stress period:     2    Time step: 11030
    Solving:  Stress period:     2    Time step: 11031
    Solving:  Stress period:     2    Time step: 11032
    Solving:  Stress period:     2    Time step: 11033
    Solving:  Stress period:     2    Time step: 11034
    Solving:  Stress period:     2    Time step: 11035
    Solving:  Stress period:     2    Time step: 11036
    Solving:  Stress period:     2    Time step: 11037
    Solving:  Stress period:     2    Time step: 11038
    Solving:  Stress period:     2    Time step: 11039
    Solving:  Stress period:     2    Time step: 11040
    Solving:  Stress period:     2    Time step: 11041
    Solving:  Stress period:     2    Time step: 11042
    Solving:  Stress period:     2    Time step: 11043
    Solving:  Stress period:     2    Time step: 11044
    Solving:  Stress period:     2    Time step: 11045
    Solving:  Stress period:     2    Time step: 11046
    Solving:  Stress period:     2    Time step: 11047
    Solving:  Stress period:     2    Time step: 11048
    Solving:  Stress period:     2    Time step: 11049
    Solving:  Stress period:     2    Time step: 11050
    Solving:  Stress period:     2    Time step: 11051
    Solving:  Stress period:     2    Time step: 11052
    Solving:  Stress period:     2    Time step: 11053
    Solving:  Stress period:     2    Time step: 11054
    Solving:  Stress period:     2    Time step: 11055
    Solving:  Stress period:     2    Time step: 11056
    Solving:  Stress period:     2    Time step: 11057
    Solving:  Stress period:     2    Time step: 11058
    Solving:  Stress period:     2    Time step: 11059
    Solving:  Stress period:     2    Time step: 11060
    Solving:  Stress period:     2    Time step: 11061
    Solving:  Stress period:     2    Time step: 11062
    Solving:  Stress period:     2    Time step: 11063
    Solving:  Stress period:     2    Time step: 11064
    Solving:  Stress period:     2    Time step: 11065
    Solving:  Stress period:     2    Time step: 11066
    Solving:  Stress period:     2    Time step: 11067
    Solving:  Stress period:     2    Time step: 11068
    Solving:  Stress period:     2    Time step: 11069
    Solving:  Stress period:     2    Time step: 11070
    Solving:  Stress period:     2    Time step: 11071
    Solving:  Stress period:     2    Time step: 11072
    Solving:  Stress period:     2    Time step: 11073
    Solving:  Stress period:     2    Time step: 11074
    Solving:  Stress period:     2    Time step: 11075
    Solving:  Stress period:     2    Time step: 11076
    Solving:  Stress period:     2    Time step: 11077
    Solving:  Stress period:     2    Time step: 11078
    Solving:  Stress period:     2    Time step: 11079
    Solving:  Stress period:     2    Time step: 11080
    Solving:  Stress period:     2    Time step: 11081
    Solving:  Stress period:     2    Time step: 11082
    Solving:  Stress period:     2    Time step: 11083
    Solving:  Stress period:     2    Time step: 11084
    Solving:  Stress period:     2    Time step: 11085
    Solving:  Stress period:     2    Time step: 11086
    Solving:  Stress period:     2    Time step: 11087
    Solving:  Stress period:     2    Time step: 11088
    Solving:  Stress period:     2    Time step: 11089
    Solving:  Stress period:     2    Time step: 11090
    Solving:  Stress period:     2    Time step: 11091
    Solving:  Stress period:     2    Time step: 11092
    Solving:  Stress period:     2    Time step: 11093
    Solving:  Stress period:     2    Time step: 11094
    Solving:  Stress period:     2    Time step: 11095
    Solving:  Stress period:     2    Time step: 11096
    Solving:  Stress period:     2    Time step: 11097
    Solving:  Stress period:     2    Time step: 11098
    Solving:  Stress period:     2    Time step: 11099
    Solving:  Stress period:     2    Time step: 11100
    Solving:  Stress period:     2    Time step: 11101
    Solving:  Stress period:     2    Time step: 11102
    Solving:  Stress period:     2    Time step: 11103
    Solving:  Stress period:     2    Time step: 11104
    Solving:  Stress period:     2    Time step: 11105
    Solving:  Stress period:     2    Time step: 11106
    Solving:  Stress period:     2    Time step: 11107
    Solving:  Stress period:     2    Time step: 11108
    Solving:  Stress period:     2    Time step: 11109
    Solving:  Stress period:     2    Time step: 11110
    Solving:  Stress period:     2    Time step: 11111
    Solving:  Stress period:     2    Time step: 11112
    Solving:  Stress period:     2    Time step: 11113
    Solving:  Stress period:     2    Time step: 11114
    Solving:  Stress period:     2    Time step: 11115
    Solving:  Stress period:     2    Time step: 11116
    Solving:  Stress period:     2    Time step: 11117
    Solving:  Stress period:     2    Time step: 11118
    Solving:  Stress period:     2    Time step: 11119
    Solving:  Stress period:     2    Time step: 11120
    Solving:  Stress period:     2    Time step: 11121
    Solving:  Stress period:     2    Time step: 11122
    Solving:  Stress period:     2    Time step: 11123
    Solving:  Stress period:     2    Time step: 11124
    Solving:  Stress period:     2    Time step: 11125
    Solving:  Stress period:     2    Time step: 11126
    Solving:  Stress period:     2    Time step: 11127
    Solving:  Stress period:     2    Time step: 11128
    Solving:  Stress period:     2    Time step: 11129
    Solving:  Stress period:     2    Time step: 11130
    Solving:  Stress period:     2    Time step: 11131
    Solving:  Stress period:     2    Time step: 11132
    Solving:  Stress period:     2    Time step: 11133
    Solving:  Stress period:     2    Time step: 11134
    Solving:  Stress period:     2    Time step: 11135
    Solving:  Stress period:     2    Time step: 11136
    Solving:  Stress period:     2    Time step: 11137
    Solving:  Stress period:     2    Time step: 11138
    Solving:  Stress period:     2    Time step: 11139
    Solving:  Stress period:     2    Time step: 11140
    Solving:  Stress period:     2    Time step: 11141
    Solving:  Stress period:     2    Time step: 11142
    Solving:  Stress period:     2    Time step: 11143
    Solving:  Stress period:     2    Time step: 11144
    Solving:  Stress period:     2    Time step: 11145
    Solving:  Stress period:     2    Time step: 11146
    Solving:  Stress period:     2    Time step: 11147
    Solving:  Stress period:     2    Time step: 11148
    Solving:  Stress period:     2    Time step: 11149
    Solving:  Stress period:     2    Time step: 11150
    Solving:  Stress period:     2    Time step: 11151
    Solving:  Stress period:     2    Time step: 11152
    Solving:  Stress period:     2    Time step: 11153
    Solving:  Stress period:     2    Time step: 11154
    Solving:  Stress period:     2    Time step: 11155
    Solving:  Stress period:     2    Time step: 11156
    Solving:  Stress period:     2    Time step: 11157
    Solving:  Stress period:     2    Time step: 11158
    Solving:  Stress period:     2    Time step: 11159
    Solving:  Stress period:     2    Time step: 11160
    Solving:  Stress period:     2    Time step: 11161
    Solving:  Stress period:     2    Time step: 11162
    Solving:  Stress period:     2    Time step: 11163
    Solving:  Stress period:     2    Time step: 11164
    Solving:  Stress period:     2    Time step: 11165
    Solving:  Stress period:     2    Time step: 11166
    Solving:  Stress period:     2    Time step: 11167
    Solving:  Stress period:     2    Time step: 11168
    Solving:  Stress period:     2    Time step: 11169
    Solving:  Stress period:     2    Time step: 11170
    Solving:  Stress period:     2    Time step: 11171
    Solving:  Stress period:     2    Time step: 11172
    Solving:  Stress period:     2    Time step: 11173
    Solving:  Stress period:     2    Time step: 11174
    Solving:  Stress period:     2    Time step: 11175
    Solving:  Stress period:     2    Time step: 11176
    Solving:  Stress period:     2    Time step: 11177
    Solving:  Stress period:     2    Time step: 11178
    Solving:  Stress period:     2    Time step: 11179
    Solving:  Stress period:     2    Time step: 11180
    Solving:  Stress period:     2    Time step: 11181
    Solving:  Stress period:     2    Time step: 11182
    Solving:  Stress period:     2    Time step: 11183
    Solving:  Stress period:     2    Time step: 11184
    Solving:  Stress period:     2    Time step: 11185
    Solving:  Stress period:     2    Time step: 11186
    Solving:  Stress period:     2    Time step: 11187
    Solving:  Stress period:     2    Time step: 11188
    Solving:  Stress period:     2    Time step: 11189
    Solving:  Stress period:     2    Time step: 11190
    Solving:  Stress period:     2    Time step: 11191
    Solving:  Stress period:     2    Time step: 11192
    Solving:  Stress period:     2    Time step: 11193
    Solving:  Stress period:     2    Time step: 11194
    Solving:  Stress period:     2    Time step: 11195
    Solving:  Stress period:     2    Time step: 11196
    Solving:  Stress period:     2    Time step: 11197
    Solving:  Stress period:     2    Time step: 11198
    Solving:  Stress period:     2    Time step: 11199
    Solving:  Stress period:     2    Time step: 11200
    Solving:  Stress period:     2    Time step: 11201
    Solving:  Stress period:     2    Time step: 11202
    Solving:  Stress period:     2    Time step: 11203
    Solving:  Stress period:     2    Time step: 11204
    Solving:  Stress period:     2    Time step: 11205
    Solving:  Stress period:     2    Time step: 11206
    Solving:  Stress period:     2    Time step: 11207
    Solving:  Stress period:     2    Time step: 11208
    Solving:  Stress period:     2    Time step: 11209
    Solving:  Stress period:     2    Time step: 11210
    Solving:  Stress period:     2    Time step: 11211
    Solving:  Stress period:     2    Time step: 11212
    Solving:  Stress period:     2    Time step: 11213
    Solving:  Stress period:     2    Time step: 11214
    Solving:  Stress period:     2    Time step: 11215
    Solving:  Stress period:     2    Time step: 11216
    Solving:  Stress period:     2    Time step: 11217
    Solving:  Stress period:     2    Time step: 11218
    Solving:  Stress period:     2    Time step: 11219
    Solving:  Stress period:     2    Time step: 11220
    Solving:  Stress period:     2    Time step: 11221
    Solving:  Stress period:     2    Time step: 11222
    Solving:  Stress period:     2    Time step: 11223
    Solving:  Stress period:     2    Time step: 11224
    Solving:  Stress period:     2    Time step: 11225
    Solving:  Stress period:     2    Time step: 11226
    Solving:  Stress period:     2    Time step: 11227
    Solving:  Stress period:     2    Time step: 11228
    Solving:  Stress period:     2    Time step: 11229
    Solving:  Stress period:     2    Time step: 11230
    Solving:  Stress period:     2    Time step: 11231
    Solving:  Stress period:     2    Time step: 11232
    Solving:  Stress period:     2    Time step: 11233
    Solving:  Stress period:     2    Time step: 11234
    Solving:  Stress period:     2    Time step: 11235
    Solving:  Stress period:     2    Time step: 11236
    Solving:  Stress period:     2    Time step: 11237
    Solving:  Stress period:     2    Time step: 11238
    Solving:  Stress period:     2    Time step: 11239
    Solving:  Stress period:     2    Time step: 11240
    Solving:  Stress period:     2    Time step: 11241
    Solving:  Stress period:     2    Time step: 11242
    Solving:  Stress period:     2    Time step: 11243
    Solving:  Stress period:     2    Time step: 11244
    Solving:  Stress period:     2    Time step: 11245
    Solving:  Stress period:     2    Time step: 11246
    Solving:  Stress period:     2    Time step: 11247
    Solving:  Stress period:     2    Time step: 11248
    Solving:  Stress period:     2    Time step: 11249
    Solving:  Stress period:     2    Time step: 11250
    Solving:  Stress period:     2    Time step: 11251
    Solving:  Stress period:     2    Time step: 11252
    Solving:  Stress period:     2    Time step: 11253
    Solving:  Stress period:     2    Time step: 11254
    Solving:  Stress period:     2    Time step: 11255
    Solving:  Stress period:     2    Time step: 11256
 
 Run end date and time (yyyy/mm/dd hh:mm:ss): 2026/08/12 18:35:02
 Elapsed run time:  2 Hours, 56 Minutes, 19 Seconds
 
 Normal termination of simulation.
